date,block_start,block_end,campaign,geo_bucket,treatment,is treatment
2026-08-17,2026-08-17 00:00,2026-08-17 04:00,ppc_ru_IKT_sr_gen_a-all_exp-diff-login,sibir,OFF,0
2026-08-17,2026-08-17 00:00,2026-08-17 04:00,ppc_ru_KJA_sr_dsa_a-all_exp-diff-login,KJA,OFF,0
2026-08-17,2026-08-17 00:00,2026-08-17 04:00,ppc_ru_KJA_sr_gen_a-all_exp-diff-login,KJA,OFF,0
2026-08-17,2026-08-17 00:00,2026-08-17 04:00,ppc_ru_KRR_sr_dsa_a-all_exp-diff-login,KRR,OFF,0
2026-08-17,2026-08-17 00:00,2026-08-17 04:00,ppc_ru_KRR_sr_gen_a-all_exp-diff-login,KRR,OFF,0
2026-08-17,2026-08-17 00:00,2026-08-17 04:00,ppc_ru_KRR_sr_s-auto_a-all_exp-diff-login,KRR,OFF,0
2026-08-17,2026-08-17 00:00,2026-08-17 04:00,ppc_ru_KVKZ_sr_gen_a-all_exp-diff-login,KVKZ,OFF,0
2026-08-17,2026-08-17 00:00,2026-08-17 04:00,ppc_ru_KVKZ_sr_s-auto_a-all_exp-diff-login,KVKZ,OFF,0
2026-08-17,2026-08-17 00:00,2026-08-17 04:00,ppc_ru_KZN_sr_gen_a-all_exp-diff-login,KZN,ON,1
2026-08-17,2026-08-17 00:00,2026-08-17 04:00,ppc_ru_KZN_sr_s-auto_a-all_exp-diff-login,KZN,ON,1
2026-08-17,2026-08-17 00:00,2026-08-17 04:00,ppc_ru_LED_sr_dsa_a-all_exp-diff-login,LED,OFF,0
2026-08-17,2026-08-17 00:00,2026-08-17 04:00,ppc_ru_LED_sr_gen_a-all_exp-diff-login,LED,OFF,0
2026-08-17,2026-08-17 00:00,2026-08-17 04:00,ppc_ru_LED_sr_s-auto_a-all_exp-diff-login,LED,OFF,0
2026-08-17,2026-08-17 00:00,2026-08-17 04:00,ppc_ru_MOW_sr_dsa_a-all_exp-diff-login,MOW,ON,1
2026-08-17,2026-08-17 00:00,2026-08-17 04:00,ppc_ru_MOW_sr_gen_a-all_exp-diff-login,MOW,ON,1
2026-08-17,2026-08-17 00:00,2026-08-17 04:00,ppc_ru_MOW_sr_s-auto_a-all_exp-diff-login,MOW,ON,1
2026-08-17,2026-08-17 00:00,2026-08-17 04:00,ppc_ru_MOW_sr_s-auto_a-all_exp-diff-login_exp_travel-aud,MOW,ON,1
2026-08-17,2026-08-17 00:00,2026-08-17 04:00,ppc_ru_OVB_sr_dsa_a-all_exp-diff-login,OVB,ON,1
2026-08-17,2026-08-17 00:00,2026-08-17 04:00,ppc_ru_OVB_sr_gen_a-all_exp-diff-login,OVB,ON,1
2026-08-17,2026-08-17 00:00,2026-08-17 04:00,ppc_ru_SVX_sr_dsa_a-all_exp-diff-login,ural,ON,1
2026-08-17,2026-08-17 00:00,2026-08-17 04:00,ppc_ru_SVX_sr_gen_a-all_exp-diff-login,ural,ON,1
2026-08-17,2026-08-17 00:00,2026-08-17 04:00,ppc_ru_TJM_sr_dsa_a-all_exp-diff-login,ural,ON,1
2026-08-17,2026-08-17 00:00,2026-08-17 04:00,ppc_ru_TJM_sr_gen_a-all_exp-diff-login,ural,ON,1
2026-08-17,2026-08-17 00:00,2026-08-17 04:00,ppc_ru_UFA_sr_dsa_a-all_exp-diff-login,UFA,OFF,0
2026-08-17,2026-08-17 00:00,2026-08-17 04:00,ppc_ru_UFA_sr_gen_a-all_exp-diff-login,UFA,OFF,0
2026-08-17,2026-08-17 00:00,2026-08-17 04:00,ppc_ru_centr_sr_dsa_a-all_exp-diff-login,centr,ON,1
2026-08-17,2026-08-17 00:00,2026-08-17 04:00,ppc_ru_centr_sr_gen_a-all_exp-diff-login,centr,ON,1
2026-08-17,2026-08-17 00:00,2026-08-17 04:00,ppc_ru_sibir_sr_dsa_a-all_exp-diff-login,sibir,OFF,0
2026-08-17,2026-08-17 00:00,2026-08-17 04:00,ppc_ru_sibir_sr_gen_a-all_exp-diff-login,sibir,OFF,0
2026-08-17,2026-08-17 00:00,2026-08-17 04:00,ppc_ru_ural_sr_dsa_a-all_exp-diff-login,ural,ON,1
2026-08-17,2026-08-17 00:00,2026-08-17 04:00,ppc_ru_ural_sr_gen_a-all_exp-diff-login,ural,ON,1
2026-08-17,2026-08-17 00:00,2026-08-17 04:00,ppc_ru_ural_sr_s-auto_a-all_exp-diff-login,ural,ON,1
2026-08-17,2026-08-17 04:00,2026-08-17 08:00,ppc_ru_IKT_sr_gen_a-all_exp-diff-login,sibir,OFF,0
2026-08-17,2026-08-17 04:00,2026-08-17 08:00,ppc_ru_KJA_sr_dsa_a-all_exp-diff-login,KJA,ON,1
2026-08-17,2026-08-17 04:00,2026-08-17 08:00,ppc_ru_KJA_sr_gen_a-all_exp-diff-login,KJA,ON,1
2026-08-17,2026-08-17 04:00,2026-08-17 08:00,ppc_ru_KRR_sr_dsa_a-all_exp-diff-login,KRR,ON,1
2026-08-17,2026-08-17 04:00,2026-08-17 08:00,ppc_ru_KRR_sr_gen_a-all_exp-diff-login,KRR,ON,1
2026-08-17,2026-08-17 04:00,2026-08-17 08:00,ppc_ru_KRR_sr_s-auto_a-all_exp-diff-login,KRR,ON,1
2026-08-17,2026-08-17 04:00,2026-08-17 08:00,ppc_ru_KVKZ_sr_gen_a-all_exp-diff-login,KVKZ,ON,1
2026-08-17,2026-08-17 04:00,2026-08-17 08:00,ppc_ru_KVKZ_sr_s-auto_a-all_exp-diff-login,KVKZ,ON,1
2026-08-17,2026-08-17 04:00,2026-08-17 08:00,ppc_ru_KZN_sr_gen_a-all_exp-diff-login,KZN,OFF,0
2026-08-17,2026-08-17 04:00,2026-08-17 08:00,ppc_ru_KZN_sr_s-auto_a-all_exp-diff-login,KZN,OFF,0
2026-08-17,2026-08-17 04:00,2026-08-17 08:00,ppc_ru_LED_sr_dsa_a-all_exp-diff-login,LED,OFF,0
2026-08-17,2026-08-17 04:00,2026-08-17 08:00,ppc_ru_LED_sr_gen_a-all_exp-diff-login,LED,OFF,0
2026-08-17,2026-08-17 04:00,2026-08-17 08:00,ppc_ru_LED_sr_s-auto_a-all_exp-diff-login,LED,OFF,0
2026-08-17,2026-08-17 04:00,2026-08-17 08:00,ppc_ru_MOW_sr_dsa_a-all_exp-diff-login,MOW,ON,1
2026-08-17,2026-08-17 04:00,2026-08-17 08:00,ppc_ru_MOW_sr_gen_a-all_exp-diff-login,MOW,ON,1
2026-08-17,2026-08-17 04:00,2026-08-17 08:00,ppc_ru_MOW_sr_s-auto_a-all_exp-diff-login,MOW,ON,1
2026-08-17,2026-08-17 04:00,2026-08-17 08:00,ppc_ru_MOW_sr_s-auto_a-all_exp-diff-login_exp_travel-aud,MOW,ON,1
2026-08-17,2026-08-17 04:00,2026-08-17 08:00,ppc_ru_OVB_sr_dsa_a-all_exp-diff-login,OVB,ON,1
2026-08-17,2026-08-17 04:00,2026-08-17 08:00,ppc_ru_OVB_sr_gen_a-all_exp-diff-login,OVB,ON,1
2026-08-17,2026-08-17 04:00,2026-08-17 08:00,ppc_ru_SVX_sr_dsa_a-all_exp-diff-login,ural,OFF,0
2026-08-17,2026-08-17 04:00,2026-08-17 08:00,ppc_ru_SVX_sr_gen_a-all_exp-diff-login,ural,OFF,0
2026-08-17,2026-08-17 04:00,2026-08-17 08:00,ppc_ru_TJM_sr_dsa_a-all_exp-diff-login,ural,OFF,0
2026-08-17,2026-08-17 04:00,2026-08-17 08:00,ppc_ru_TJM_sr_gen_a-all_exp-diff-login,ural,OFF,0
2026-08-17,2026-08-17 04:00,2026-08-17 08:00,ppc_ru_UFA_sr_dsa_a-all_exp-diff-login,UFA,ON,1
2026-08-17,2026-08-17 04:00,2026-08-17 08:00,ppc_ru_UFA_sr_gen_a-all_exp-diff-login,UFA,ON,1
2026-08-17,2026-08-17 04:00,2026-08-17 08:00,ppc_ru_centr_sr_dsa_a-all_exp-diff-login,centr,ON,1
2026-08-17,2026-08-17 04:00,2026-08-17 08:00,ppc_ru_centr_sr_gen_a-all_exp-diff-login,centr,ON,1
2026-08-17,2026-08-17 04:00,2026-08-17 08:00,ppc_ru_sibir_sr_dsa_a-all_exp-diff-login,sibir,OFF,0
2026-08-17,2026-08-17 04:00,2026-08-17 08:00,ppc_ru_sibir_sr_gen_a-all_exp-diff-login,sibir,OFF,0
2026-08-17,2026-08-17 04:00,2026-08-17 08:00,ppc_ru_ural_sr_dsa_a-all_exp-diff-login,ural,OFF,0
2026-08-17,2026-08-17 04:00,2026-08-17 08:00,ppc_ru_ural_sr_gen_a-all_exp-diff-login,ural,OFF,0
2026-08-17,2026-08-17 04:00,2026-08-17 08:00,ppc_ru_ural_sr_s-auto_a-all_exp-diff-login,ural,OFF,0
2026-08-17,2026-08-17 08:00,2026-08-17 12:00,ppc_ru_IKT_sr_gen_a-all_exp-diff-login,sibir,ON,1
2026-08-17,2026-08-17 08:00,2026-08-17 12:00,ppc_ru_KJA_sr_dsa_a-all_exp-diff-login,KJA,ON,1
2026-08-17,2026-08-17 08:00,2026-08-17 12:00,ppc_ru_KJA_sr_gen_a-all_exp-diff-login,KJA,ON,1
2026-08-17,2026-08-17 08:00,2026-08-17 12:00,ppc_ru_KRR_sr_dsa_a-all_exp-diff-login,KRR,OFF,0
2026-08-17,2026-08-17 08:00,2026-08-17 12:00,ppc_ru_KRR_sr_gen_a-all_exp-diff-login,KRR,OFF,0
2026-08-17,2026-08-17 08:00,2026-08-17 12:00,ppc_ru_KRR_sr_s-auto_a-all_exp-diff-login,KRR,OFF,0
2026-08-17,2026-08-17 08:00,2026-08-17 12:00,ppc_ru_KVKZ_sr_gen_a-all_exp-diff-login,KVKZ,ON,1
2026-08-17,2026-08-17 08:00,2026-08-17 12:00,ppc_ru_KVKZ_sr_s-auto_a-all_exp-diff-login,KVKZ,ON,1
2026-08-17,2026-08-17 08:00,2026-08-17 12:00,ppc_ru_KZN_sr_gen_a-all_exp-diff-login,KZN,OFF,0
2026-08-17,2026-08-17 08:00,2026-08-17 12:00,ppc_ru_KZN_sr_s-auto_a-all_exp-diff-login,KZN,OFF,0
2026-08-17,2026-08-17 08:00,2026-08-17 12:00,ppc_ru_LED_sr_dsa_a-all_exp-diff-login,LED,ON,1
2026-08-17,2026-08-17 08:00,2026-08-17 12:00,ppc_ru_LED_sr_gen_a-all_exp-diff-login,LED,ON,1
2026-08-17,2026-08-17 08:00,2026-08-17 12:00,ppc_ru_LED_sr_s-auto_a-all_exp-diff-login,LED,ON,1
2026-08-17,2026-08-17 08:00,2026-08-17 12:00,ppc_ru_MOW_sr_dsa_a-all_exp-diff-login,MOW,ON,1
2026-08-17,2026-08-17 08:00,2026-08-17 12:00,ppc_ru_MOW_sr_gen_a-all_exp-diff-login,MOW,ON,1
2026-08-17,2026-08-17 08:00,2026-08-17 12:00,ppc_ru_MOW_sr_s-auto_a-all_exp-diff-login,MOW,ON,1
2026-08-17,2026-08-17 08:00,2026-08-17 12:00,ppc_ru_MOW_sr_s-auto_a-all_exp-diff-login_exp_travel-aud,MOW,ON,1
2026-08-17,2026-08-17 08:00,2026-08-17 12:00,ppc_ru_OVB_sr_dsa_a-all_exp-diff-login,OVB,OFF,0
2026-08-17,2026-08-17 08:00,2026-08-17 12:00,ppc_ru_OVB_sr_gen_a-all_exp-diff-login,OVB,OFF,0
2026-08-17,2026-08-17 08:00,2026-08-17 12:00,ppc_ru_SVX_sr_dsa_a-all_exp-diff-login,ural,OFF,0
2026-08-17,2026-08-17 08:00,2026-08-17 12:00,ppc_ru_SVX_sr_gen_a-all_exp-diff-login,ural,OFF,0
2026-08-17,2026-08-17 08:00,2026-08-17 12:00,ppc_ru_TJM_sr_dsa_a-all_exp-diff-login,ural,OFF,0
2026-08-17,2026-08-17 08:00,2026-08-17 12:00,ppc_ru_TJM_sr_gen_a-all_exp-diff-login,ural,OFF,0
2026-08-17,2026-08-17 08:00,2026-08-17 12:00,ppc_ru_UFA_sr_dsa_a-all_exp-diff-login,UFA,OFF,0
2026-08-17,2026-08-17 08:00,2026-08-17 12:00,ppc_ru_UFA_sr_gen_a-all_exp-diff-login,UFA,OFF,0
2026-08-17,2026-08-17 08:00,2026-08-17 12:00,ppc_ru_centr_sr_dsa_a-all_exp-diff-login,centr,OFF,0
2026-08-17,2026-08-17 08:00,2026-08-17 12:00,ppc_ru_centr_sr_gen_a-all_exp-diff-login,centr,OFF,0
2026-08-17,2026-08-17 08:00,2026-08-17 12:00,ppc_ru_sibir_sr_dsa_a-all_exp-diff-login,sibir,ON,1
2026-08-17,2026-08-17 08:00,2026-08-17 12:00,ppc_ru_sibir_sr_gen_a-all_exp-diff-login,sibir,ON,1
2026-08-17,2026-08-17 08:00,2026-08-17 12:00,ppc_ru_ural_sr_dsa_a-all_exp-diff-login,ural,OFF,0
2026-08-17,2026-08-17 08:00,2026-08-17 12:00,ppc_ru_ural_sr_gen_a-all_exp-diff-login,ural,OFF,0
2026-08-17,2026-08-17 08:00,2026-08-17 12:00,ppc_ru_ural_sr_s-auto_a-all_exp-diff-login,ural,OFF,0
2026-08-17,2026-08-17 12:00,2026-08-17 16:00,ppc_ru_IKT_sr_gen_a-all_exp-diff-login,sibir,ON,1
2026-08-17,2026-08-17 12:00,2026-08-17 16:00,ppc_ru_KJA_sr_dsa_a-all_exp-diff-login,KJA,ON,1
2026-08-17,2026-08-17 12:00,2026-08-17 16:00,ppc_ru_KJA_sr_gen_a-all_exp-diff-login,KJA,ON,1
2026-08-17,2026-08-17 12:00,2026-08-17 16:00,ppc_ru_KRR_sr_dsa_a-all_exp-diff-login,KRR,ON,1
2026-08-17,2026-08-17 12:00,2026-08-17 16:00,ppc_ru_KRR_sr_gen_a-all_exp-diff-login,KRR,ON,1
2026-08-17,2026-08-17 12:00,2026-08-17 16:00,ppc_ru_KRR_sr_s-auto_a-all_exp-diff-login,KRR,ON,1
2026-08-17,2026-08-17 12:00,2026-08-17 16:00,ppc_ru_KVKZ_sr_gen_a-all_exp-diff-login,KVKZ,OFF,0
2026-08-17,2026-08-17 12:00,2026-08-17 16:00,ppc_ru_KVKZ_sr_s-auto_a-all_exp-diff-login,KVKZ,OFF,0
2026-08-17,2026-08-17 12:00,2026-08-17 16:00,ppc_ru_KZN_sr_gen_a-all_exp-diff-login,KZN,OFF,0
2026-08-17,2026-08-17 12:00,2026-08-17 16:00,ppc_ru_KZN_sr_s-auto_a-all_exp-diff-login,KZN,OFF,0
2026-08-17,2026-08-17 12:00,2026-08-17 16:00,ppc_ru_LED_sr_dsa_a-all_exp-diff-login,LED,OFF,0
2026-08-17,2026-08-17 12:00,2026-08-17 16:00,ppc_ru_LED_sr_gen_a-all_exp-diff-login,LED,OFF,0
2026-08-17,2026-08-17 12:00,2026-08-17 16:00,ppc_ru_LED_sr_s-auto_a-all_exp-diff-login,LED,OFF,0
2026-08-17,2026-08-17 12:00,2026-08-17 16:00,ppc_ru_MOW_sr_dsa_a-all_exp-diff-login,MOW,OFF,0
2026-08-17,2026-08-17 12:00,2026-08-17 16:00,ppc_ru_MOW_sr_gen_a-all_exp-diff-login,MOW,OFF,0
2026-08-17,2026-08-17 12:00,2026-08-17 16:00,ppc_ru_MOW_sr_s-auto_a-all_exp-diff-login,MOW,OFF,0
2026-08-17,2026-08-17 12:00,2026-08-17 16:00,ppc_ru_MOW_sr_s-auto_a-all_exp-diff-login_exp_travel-aud,MOW,OFF,0
2026-08-17,2026-08-17 12:00,2026-08-17 16:00,ppc_ru_OVB_sr_dsa_a-all_exp-diff-login,OVB,ON,1
2026-08-17,2026-08-17 12:00,2026-08-17 16:00,ppc_ru_OVB_sr_gen_a-all_exp-diff-login,OVB,ON,1
2026-08-17,2026-08-17 12:00,2026-08-17 16:00,ppc_ru_SVX_sr_dsa_a-all_exp-diff-login,ural,OFF,0
2026-08-17,2026-08-17 12:00,2026-08-17 16:00,ppc_ru_SVX_sr_gen_a-all_exp-diff-login,ural,OFF,0
2026-08-17,2026-08-17 12:00,2026-08-17 16:00,ppc_ru_TJM_sr_dsa_a-all_exp-diff-login,ural,OFF,0
2026-08-17,2026-08-17 12:00,2026-08-17 16:00,ppc_ru_TJM_sr_gen_a-all_exp-diff-login,ural,OFF,0
2026-08-17,2026-08-17 12:00,2026-08-17 16:00,ppc_ru_UFA_sr_dsa_a-all_exp-diff-login,UFA,ON,1
2026-08-17,2026-08-17 12:00,2026-08-17 16:00,ppc_ru_UFA_sr_gen_a-all_exp-diff-login,UFA,ON,1
2026-08-17,2026-08-17 12:00,2026-08-17 16:00,ppc_ru_centr_sr_dsa_a-all_exp-diff-login,centr,OFF,0
2026-08-17,2026-08-17 12:00,2026-08-17 16:00,ppc_ru_centr_sr_gen_a-all_exp-diff-login,centr,OFF,0
2026-08-17,2026-08-17 12:00,2026-08-17 16:00,ppc_ru_sibir_sr_dsa_a-all_exp-diff-login,sibir,ON,1
2026-08-17,2026-08-17 12:00,2026-08-17 16:00,ppc_ru_sibir_sr_gen_a-all_exp-diff-login,sibir,ON,1
2026-08-17,2026-08-17 12:00,2026-08-17 16:00,ppc_ru_ural_sr_dsa_a-all_exp-diff-login,ural,OFF,0
2026-08-17,2026-08-17 12:00,2026-08-17 16:00,ppc_ru_ural_sr_gen_a-all_exp-diff-login,ural,OFF,0
2026-08-17,2026-08-17 12:00,2026-08-17 16:00,ppc_ru_ural_sr_s-auto_a-all_exp-diff-login,ural,OFF,0
2026-08-17,2026-08-17 16:00,2026-08-17 20:00,ppc_ru_IKT_sr_gen_a-all_exp-diff-login,sibir,OFF,0
2026-08-17,2026-08-17 16:00,2026-08-17 20:00,ppc_ru_KJA_sr_dsa_a-all_exp-diff-login,KJA,OFF,0
2026-08-17,2026-08-17 16:00,2026-08-17 20:00,ppc_ru_KJA_sr_gen_a-all_exp-diff-login,KJA,OFF,0
2026-08-17,2026-08-17 16:00,2026-08-17 20:00,ppc_ru_KRR_sr_dsa_a-all_exp-diff-login,KRR,OFF,0
2026-08-17,2026-08-17 16:00,2026-08-17 20:00,ppc_ru_KRR_sr_gen_a-all_exp-diff-login,KRR,OFF,0
2026-08-17,2026-08-17 16:00,2026-08-17 20:00,ppc_ru_KRR_sr_s-auto_a-all_exp-diff-login,KRR,OFF,0
2026-08-17,2026-08-17 16:00,2026-08-17 20:00,ppc_ru_KVKZ_sr_gen_a-all_exp-diff-login,KVKZ,OFF,0
2026-08-17,2026-08-17 16:00,2026-08-17 20:00,ppc_ru_KVKZ_sr_s-auto_a-all_exp-diff-login,KVKZ,OFF,0
2026-08-17,2026-08-17 16:00,2026-08-17 20:00,ppc_ru_KZN_sr_gen_a-all_exp-diff-login,KZN,ON,1
2026-08-17,2026-08-17 16:00,2026-08-17 20:00,ppc_ru_KZN_sr_s-auto_a-all_exp-diff-login,KZN,ON,1
2026-08-17,2026-08-17 16:00,2026-08-17 20:00,ppc_ru_LED_sr_dsa_a-all_exp-diff-login,LED,ON,1
2026-08-17,2026-08-17 16:00,2026-08-17 20:00,ppc_ru_LED_sr_gen_a-all_exp-diff-login,LED,ON,1
2026-08-17,2026-08-17 16:00,2026-08-17 20:00,ppc_ru_LED_sr_s-auto_a-all_exp-diff-login,LED,ON,1
2026-08-17,2026-08-17 16:00,2026-08-17 20:00,ppc_ru_MOW_sr_dsa_a-all_exp-diff-login,MOW,OFF,0
2026-08-17,2026-08-17 16:00,2026-08-17 20:00,ppc_ru_MOW_sr_gen_a-all_exp-diff-login,MOW,OFF,0
2026-08-17,2026-08-17 16:00,2026-08-17 20:00,ppc_ru_MOW_sr_s-auto_a-all_exp-diff-login,MOW,OFF,0
2026-08-17,2026-08-17 16:00,2026-08-17 20:00,ppc_ru_MOW_sr_s-auto_a-all_exp-diff-login_exp_travel-aud,MOW,OFF,0
2026-08-17,2026-08-17 16:00,2026-08-17 20:00,ppc_ru_OVB_sr_dsa_a-all_exp-diff-login,OVB,OFF,0
2026-08-17,2026-08-17 16:00,2026-08-17 20:00,ppc_ru_OVB_sr_gen_a-all_exp-diff-login,OVB,OFF,0
2026-08-17,2026-08-17 16:00,2026-08-17 20:00,ppc_ru_SVX_sr_dsa_a-all_exp-diff-login,ural,ON,1
2026-08-17,2026-08-17 16:00,2026-08-17 20:00,ppc_ru_SVX_sr_gen_a-all_exp-diff-login,ural,ON,1
2026-08-17,2026-08-17 16:00,2026-08-17 20:00,ppc_ru_TJM_sr_dsa_a-all_exp-diff-login,ural,ON,1
2026-08-17,2026-08-17 16:00,2026-08-17 20:00,ppc_ru_TJM_sr_gen_a-all_exp-diff-login,ural,ON,1
2026-08-17,2026-08-17 16:00,2026-08-17 20:00,ppc_ru_UFA_sr_dsa_a-all_exp-diff-login,UFA,OFF,0
2026-08-17,2026-08-17 16:00,2026-08-17 20:00,ppc_ru_UFA_sr_gen_a-all_exp-diff-login,UFA,OFF,0
2026-08-17,2026-08-17 16:00,2026-08-17 20:00,ppc_ru_centr_sr_dsa_a-all_exp-diff-login,centr,ON,1
2026-08-17,2026-08-17 16:00,2026-08-17 20:00,ppc_ru_centr_sr_gen_a-all_exp-diff-login,centr,ON,1
2026-08-17,2026-08-17 16:00,2026-08-17 20:00,ppc_ru_sibir_sr_dsa_a-all_exp-diff-login,sibir,OFF,0
2026-08-17,2026-08-17 16:00,2026-08-17 20:00,ppc_ru_sibir_sr_gen_a-all_exp-diff-login,sibir,OFF,0
2026-08-17,2026-08-17 16:00,2026-08-17 20:00,ppc_ru_ural_sr_dsa_a-all_exp-diff-login,ural,ON,1
2026-08-17,2026-08-17 16:00,2026-08-17 20:00,ppc_ru_ural_sr_gen_a-all_exp-diff-login,ural,ON,1
2026-08-17,2026-08-17 16:00,2026-08-17 20:00,ppc_ru_ural_sr_s-auto_a-all_exp-diff-login,ural,ON,1
2026-08-17,2026-08-17 20:00,2026-08-18 00:00,ppc_ru_IKT_sr_gen_a-all_exp-diff-login,sibir,ON,1
2026-08-17,2026-08-17 20:00,2026-08-18 00:00,ppc_ru_KJA_sr_dsa_a-all_exp-diff-login,KJA,OFF,0
2026-08-17,2026-08-17 20:00,2026-08-18 00:00,ppc_ru_KJA_sr_gen_a-all_exp-diff-login,KJA,OFF,0
2026-08-17,2026-08-17 20:00,2026-08-18 00:00,ppc_ru_KRR_sr_dsa_a-all_exp-diff-login,KRR,ON,1
2026-08-17,2026-08-17 20:00,2026-08-18 00:00,ppc_ru_KRR_sr_gen_a-all_exp-diff-login,KRR,ON,1
2026-08-17,2026-08-17 20:00,2026-08-18 00:00,ppc_ru_KRR_sr_s-auto_a-all_exp-diff-login,KRR,ON,1
2026-08-17,2026-08-17 20:00,2026-08-18 00:00,ppc_ru_KVKZ_sr_gen_a-all_exp-diff-login,KVKZ,ON,1
2026-08-17,2026-08-17 20:00,2026-08-18 00:00,ppc_ru_KVKZ_sr_s-auto_a-all_exp-diff-login,KVKZ,ON,1
2026-08-17,2026-08-17 20:00,2026-08-18 00:00,ppc_ru_KZN_sr_gen_a-all_exp-diff-login,KZN,ON,1
2026-08-17,2026-08-17 20:00,2026-08-18 00:00,ppc_ru_KZN_sr_s-auto_a-all_exp-diff-login,KZN,ON,1
2026-08-17,2026-08-17 20:00,2026-08-18 00:00,ppc_ru_LED_sr_dsa_a-all_exp-diff-login,LED,ON,1
2026-08-17,2026-08-17 20:00,2026-08-18 00:00,ppc_ru_LED_sr_gen_a-all_exp-diff-login,LED,ON,1
2026-08-17,2026-08-17 20:00,2026-08-18 00:00,ppc_ru_LED_sr_s-auto_a-all_exp-diff-login,LED,ON,1
2026-08-17,2026-08-17 20:00,2026-08-18 00:00,ppc_ru_MOW_sr_dsa_a-all_exp-diff-login,MOW,OFF,0
2026-08-17,2026-08-17 20:00,2026-08-18 00:00,ppc_ru_MOW_sr_gen_a-all_exp-diff-login,MOW,OFF,0
2026-08-17,2026-08-17 20:00,2026-08-18 00:00,ppc_ru_MOW_sr_s-auto_a-all_exp-diff-login,MOW,OFF,0
2026-08-17,2026-08-17 20:00,2026-08-18 00:00,ppc_ru_MOW_sr_s-auto_a-all_exp-diff-login_exp_travel-aud,MOW,OFF,0
2026-08-17,2026-08-17 20:00,2026-08-18 00:00,ppc_ru_OVB_sr_dsa_a-all_exp-diff-login,OVB,OFF,0
2026-08-17,2026-08-17 20:00,2026-08-18 00:00,ppc_ru_OVB_sr_gen_a-all_exp-diff-login,OVB,OFF,0
2026-08-17,2026-08-17 20:00,2026-08-18 00:00,ppc_ru_SVX_sr_dsa_a-all_exp-diff-login,ural,ON,1
2026-08-17,2026-08-17 20:00,2026-08-18 00:00,ppc_ru_SVX_sr_gen_a-all_exp-diff-login,ural,ON,1
2026-08-17,2026-08-17 20:00,2026-08-18 00:00,ppc_ru_TJM_sr_dsa_a-all_exp-diff-login,ural,ON,1
2026-08-17,2026-08-17 20:00,2026-08-18 00:00,ppc_ru_TJM_sr_gen_a-all_exp-diff-login,ural,ON,1
2026-08-17,2026-08-17 20:00,2026-08-18 00:00,ppc_ru_UFA_sr_dsa_a-all_exp-diff-login,UFA,ON,1
2026-08-17,2026-08-17 20:00,2026-08-18 00:00,ppc_ru_UFA_sr_gen_a-all_exp-diff-login,UFA,ON,1
2026-08-17,2026-08-17 20:00,2026-08-18 00:00,ppc_ru_centr_sr_dsa_a-all_exp-diff-login,centr,OFF,0
2026-08-17,2026-08-17 20:00,2026-08-18 00:00,ppc_ru_centr_sr_gen_a-all_exp-diff-login,centr,OFF,0
2026-08-17,2026-08-17 20:00,2026-08-18 00:00,ppc_ru_sibir_sr_dsa_a-all_exp-diff-login,sibir,ON,1
2026-08-17,2026-08-17 20:00,2026-08-18 00:00,ppc_ru_sibir_sr_gen_a-all_exp-diff-login,sibir,ON,1
2026-08-17,2026-08-17 20:00,2026-08-18 00:00,ppc_ru_ural_sr_dsa_a-all_exp-diff-login,ural,ON,1
2026-08-17,2026-08-17 20:00,2026-08-18 00:00,ppc_ru_ural_sr_gen_a-all_exp-diff-login,ural,ON,1
2026-08-17,2026-08-17 20:00,2026-08-18 00:00,ppc_ru_ural_sr_s-auto_a-all_exp-diff-login,ural,ON,1
2026-08-18,2026-08-18 00:00,2026-08-18 04:00,ppc_ru_IKT_sr_gen_a-all_exp-diff-login,sibir,ON,1
2026-08-18,2026-08-18 00:00,2026-08-18 04:00,ppc_ru_KJA_sr_dsa_a-all_exp-diff-login,KJA,ON,1
2026-08-18,2026-08-18 00:00,2026-08-18 04:00,ppc_ru_KJA_sr_gen_a-all_exp-diff-login,KJA,ON,1
2026-08-18,2026-08-18 00:00,2026-08-18 04:00,ppc_ru_KRR_sr_dsa_a-all_exp-diff-login,KRR,OFF,0
2026-08-18,2026-08-18 00:00,2026-08-18 04:00,ppc_ru_KRR_sr_gen_a-all_exp-diff-login,KRR,OFF,0
2026-08-18,2026-08-18 00:00,2026-08-18 04:00,ppc_ru_KRR_sr_s-auto_a-all_exp-diff-login,KRR,OFF,0
2026-08-18,2026-08-18 00:00,2026-08-18 04:00,ppc_ru_KVKZ_sr_gen_a-all_exp-diff-login,KVKZ,OFF,0
2026-08-18,2026-08-18 00:00,2026-08-18 04:00,ppc_ru_KVKZ_sr_s-auto_a-all_exp-diff-login,KVKZ,OFF,0
2026-08-18,2026-08-18 00:00,2026-08-18 04:00,ppc_ru_KZN_sr_gen_a-all_exp-diff-login,KZN,OFF,0
2026-08-18,2026-08-18 00:00,2026-08-18 04:00,ppc_ru_KZN_sr_s-auto_a-all_exp-diff-login,KZN,OFF,0
2026-08-18,2026-08-18 00:00,2026-08-18 04:00,ppc_ru_LED_sr_dsa_a-all_exp-diff-login,LED,OFF,0
2026-08-18,2026-08-18 00:00,2026-08-18 04:00,ppc_ru_LED_sr_gen_a-all_exp-diff-login,LED,OFF,0
2026-08-18,2026-08-18 00:00,2026-08-18 04:00,ppc_ru_LED_sr_s-auto_a-all_exp-diff-login,LED,OFF,0
2026-08-18,2026-08-18 00:00,2026-08-18 04:00,ppc_ru_MOW_sr_dsa_a-all_exp-diff-login,MOW,ON,1
2026-08-18,2026-08-18 00:00,2026-08-18 04:00,ppc_ru_MOW_sr_gen_a-all_exp-diff-login,MOW,ON,1
2026-08-18,2026-08-18 00:00,2026-08-18 04:00,ppc_ru_MOW_sr_s-auto_a-all_exp-diff-login,MOW,ON,1
2026-08-18,2026-08-18 00:00,2026-08-18 04:00,ppc_ru_MOW_sr_s-auto_a-all_exp-diff-login_exp_travel-aud,MOW,ON,1
2026-08-18,2026-08-18 00:00,2026-08-18 04:00,ppc_ru_OVB_sr_dsa_a-all_exp-diff-login,OVB,ON,1
2026-08-18,2026-08-18 00:00,2026-08-18 04:00,ppc_ru_OVB_sr_gen_a-all_exp-diff-login,OVB,ON,1
2026-08-18,2026-08-18 00:00,2026-08-18 04:00,ppc_ru_SVX_sr_dsa_a-all_exp-diff-login,ural,OFF,0
2026-08-18,2026-08-18 00:00,2026-08-18 04:00,ppc_ru_SVX_sr_gen_a-all_exp-diff-login,ural,OFF,0
2026-08-18,2026-08-18 00:00,2026-08-18 04:00,ppc_ru_TJM_sr_dsa_a-all_exp-diff-login,ural,OFF,0
2026-08-18,2026-08-18 00:00,2026-08-18 04:00,ppc_ru_TJM_sr_gen_a-all_exp-diff-login,ural,OFF,0
2026-08-18,2026-08-18 00:00,2026-08-18 04:00,ppc_ru_UFA_sr_dsa_a-all_exp-diff-login,UFA,OFF,0
2026-08-18,2026-08-18 00:00,2026-08-18 04:00,ppc_ru_UFA_sr_gen_a-all_exp-diff-login,UFA,OFF,0
2026-08-18,2026-08-18 00:00,2026-08-18 04:00,ppc_ru_centr_sr_dsa_a-all_exp-diff-login,centr,OFF,0
2026-08-18,2026-08-18 00:00,2026-08-18 04:00,ppc_ru_centr_sr_gen_a-all_exp-diff-login,centr,OFF,0
2026-08-18,2026-08-18 00:00,2026-08-18 04:00,ppc_ru_sibir_sr_dsa_a-all_exp-diff-login,sibir,ON,1
2026-08-18,2026-08-18 00:00,2026-08-18 04:00,ppc_ru_sibir_sr_gen_a-all_exp-diff-login,sibir,ON,1
2026-08-18,2026-08-18 00:00,2026-08-18 04:00,ppc_ru_ural_sr_dsa_a-all_exp-diff-login,ural,OFF,0
2026-08-18,2026-08-18 00:00,2026-08-18 04:00,ppc_ru_ural_sr_gen_a-all_exp-diff-login,ural,OFF,0
2026-08-18,2026-08-18 00:00,2026-08-18 04:00,ppc_ru_ural_sr_s-auto_a-all_exp-diff-login,ural,OFF,0
2026-08-18,2026-08-18 04:00,2026-08-18 08:00,ppc_ru_IKT_sr_gen_a-all_exp-diff-login,sibir,OFF,0
2026-08-18,2026-08-18 04:00,2026-08-18 08:00,ppc_ru_KJA_sr_dsa_a-all_exp-diff-login,KJA,ON,1
2026-08-18,2026-08-18 04:00,2026-08-18 08:00,ppc_ru_KJA_sr_gen_a-all_exp-diff-login,KJA,ON,1
2026-08-18,2026-08-18 04:00,2026-08-18 08:00,ppc_ru_KRR_sr_dsa_a-all_exp-diff-login,KRR,OFF,0
2026-08-18,2026-08-18 04:00,2026-08-18 08:00,ppc_ru_KRR_sr_gen_a-all_exp-diff-login,KRR,OFF,0
2026-08-18,2026-08-18 04:00,2026-08-18 08:00,ppc_ru_KRR_sr_s-auto_a-all_exp-diff-login,KRR,OFF,0
2026-08-18,2026-08-18 04:00,2026-08-18 08:00,ppc_ru_KVKZ_sr_gen_a-all_exp-diff-login,KVKZ,ON,1
2026-08-18,2026-08-18 04:00,2026-08-18 08:00,ppc_ru_KVKZ_sr_s-auto_a-all_exp-diff-login,KVKZ,ON,1
2026-08-18,2026-08-18 04:00,2026-08-18 08:00,ppc_ru_KZN_sr_gen_a-all_exp-diff-login,KZN,OFF,0
2026-08-18,2026-08-18 04:00,2026-08-18 08:00,ppc_ru_KZN_sr_s-auto_a-all_exp-diff-login,KZN,OFF,0
2026-08-18,2026-08-18 04:00,2026-08-18 08:00,ppc_ru_LED_sr_dsa_a-all_exp-diff-login,LED,OFF,0
2026-08-18,2026-08-18 04:00,2026-08-18 08:00,ppc_ru_LED_sr_gen_a-all_exp-diff-login,LED,OFF,0
2026-08-18,2026-08-18 04:00,2026-08-18 08:00,ppc_ru_LED_sr_s-auto_a-all_exp-diff-login,LED,OFF,0
2026-08-18,2026-08-18 04:00,2026-08-18 08:00,ppc_ru_MOW_sr_dsa_a-all_exp-diff-login,MOW,OFF,0
2026-08-18,2026-08-18 04:00,2026-08-18 08:00,ppc_ru_MOW_sr_gen_a-all_exp-diff-login,MOW,OFF,0
2026-08-18,2026-08-18 04:00,2026-08-18 08:00,ppc_ru_MOW_sr_s-auto_a-all_exp-diff-login,MOW,OFF,0
2026-08-18,2026-08-18 04:00,2026-08-18 08:00,ppc_ru_MOW_sr_s-auto_a-all_exp-diff-login_exp_travel-aud,MOW,OFF,0
2026-08-18,2026-08-18 04:00,2026-08-18 08:00,ppc_ru_OVB_sr_dsa_a-all_exp-diff-login,OVB,OFF,0
2026-08-18,2026-08-18 04:00,2026-08-18 08:00,ppc_ru_OVB_sr_gen_a-all_exp-diff-login,OVB,OFF,0
2026-08-18,2026-08-18 04:00,2026-08-18 08:00,ppc_ru_SVX_sr_dsa_a-all_exp-diff-login,ural,ON,1
2026-08-18,2026-08-18 04:00,2026-08-18 08:00,ppc_ru_SVX_sr_gen_a-all_exp-diff-login,ural,ON,1
2026-08-18,2026-08-18 04:00,2026-08-18 08:00,ppc_ru_TJM_sr_dsa_a-all_exp-diff-login,ural,ON,1
2026-08-18,2026-08-18 04:00,2026-08-18 08:00,ppc_ru_TJM_sr_gen_a-all_exp-diff-login,ural,ON,1
2026-08-18,2026-08-18 04:00,2026-08-18 08:00,ppc_ru_UFA_sr_dsa_a-all_exp-diff-login,UFA,ON,1
2026-08-18,2026-08-18 04:00,2026-08-18 08:00,ppc_ru_UFA_sr_gen_a-all_exp-diff-login,UFA,ON,1
2026-08-18,2026-08-18 04:00,2026-08-18 08:00,ppc_ru_centr_sr_dsa_a-all_exp-diff-login,centr,ON,1
2026-08-18,2026-08-18 04:00,2026-08-18 08:00,ppc_ru_centr_sr_gen_a-all_exp-diff-login,centr,ON,1
2026-08-18,2026-08-18 04:00,2026-08-18 08:00,ppc_ru_sibir_sr_dsa_a-all_exp-diff-login,sibir,OFF,0
2026-08-18,2026-08-18 04:00,2026-08-18 08:00,ppc_ru_sibir_sr_gen_a-all_exp-diff-login,sibir,OFF,0
2026-08-18,2026-08-18 04:00,2026-08-18 08:00,ppc_ru_ural_sr_dsa_a-all_exp-diff-login,ural,ON,1
2026-08-18,2026-08-18 04:00,2026-08-18 08:00,ppc_ru_ural_sr_gen_a-all_exp-diff-login,ural,ON,1
2026-08-18,2026-08-18 04:00,2026-08-18 08:00,ppc_ru_ural_sr_s-auto_a-all_exp-diff-login,ural,ON,1
2026-08-18,2026-08-18 08:00,2026-08-18 12:00,ppc_ru_IKT_sr_gen_a-all_exp-diff-login,sibir,OFF,0
2026-08-18,2026-08-18 08:00,2026-08-18 12:00,ppc_ru_KJA_sr_dsa_a-all_exp-diff-login,KJA,ON,1
2026-08-18,2026-08-18 08:00,2026-08-18 12:00,ppc_ru_KJA_sr_gen_a-all_exp-diff-login,KJA,ON,1
2026-08-18,2026-08-18 08:00,2026-08-18 12:00,ppc_ru_KRR_sr_dsa_a-all_exp-diff-login,KRR,ON,1
2026-08-18,2026-08-18 08:00,2026-08-18 12:00,ppc_ru_KRR_sr_gen_a-all_exp-diff-login,KRR,ON,1
2026-08-18,2026-08-18 08:00,2026-08-18 12:00,ppc_ru_KRR_sr_s-auto_a-all_exp-diff-login,KRR,ON,1
2026-08-18,2026-08-18 08:00,2026-08-18 12:00,ppc_ru_KVKZ_sr_gen_a-all_exp-diff-login,KVKZ,OFF,0
2026-08-18,2026-08-18 08:00,2026-08-18 12:00,ppc_ru_KVKZ_sr_s-auto_a-all_exp-diff-login,KVKZ,OFF,0
2026-08-18,2026-08-18 08:00,2026-08-18 12:00,ppc_ru_KZN_sr_gen_a-all_exp-diff-login,KZN,ON,1
2026-08-18,2026-08-18 08:00,2026-08-18 12:00,ppc_ru_KZN_sr_s-auto_a-all_exp-diff-login,KZN,ON,1
2026-08-18,2026-08-18 08:00,2026-08-18 12:00,ppc_ru_LED_sr_dsa_a-all_exp-diff-login,LED,ON,1
2026-08-18,2026-08-18 08:00,2026-08-18 12:00,ppc_ru_LED_sr_gen_a-all_exp-diff-login,LED,ON,1
2026-08-18,2026-08-18 08:00,2026-08-18 12:00,ppc_ru_LED_sr_s-auto_a-all_exp-diff-login,LED,ON,1
2026-08-18,2026-08-18 08:00,2026-08-18 12:00,ppc_ru_MOW_sr_dsa_a-all_exp-diff-login,MOW,OFF,0
2026-08-18,2026-08-18 08:00,2026-08-18 12:00,ppc_ru_MOW_sr_gen_a-all_exp-diff-login,MOW,OFF,0
2026-08-18,2026-08-18 08:00,2026-08-18 12:00,ppc_ru_MOW_sr_s-auto_a-all_exp-diff-login,MOW,OFF,0
2026-08-18,2026-08-18 08:00,2026-08-18 12:00,ppc_ru_MOW_sr_s-auto_a-all_exp-diff-login_exp_travel-aud,MOW,OFF,0
2026-08-18,2026-08-18 08:00,2026-08-18 12:00,ppc_ru_OVB_sr_dsa_a-all_exp-diff-login,OVB,ON,1
2026-08-18,2026-08-18 08:00,2026-08-18 12:00,ppc_ru_OVB_sr_gen_a-all_exp-diff-login,OVB,ON,1
2026-08-18,2026-08-18 08:00,2026-08-18 12:00,ppc_ru_SVX_sr_dsa_a-all_exp-diff-login,ural,OFF,0
2026-08-18,2026-08-18 08:00,2026-08-18 12:00,ppc_ru_SVX_sr_gen_a-all_exp-diff-login,ural,OFF,0
2026-08-18,2026-08-18 08:00,2026-08-18 12:00,ppc_ru_TJM_sr_dsa_a-all_exp-diff-login,ural,OFF,0
2026-08-18,2026-08-18 08:00,2026-08-18 12:00,ppc_ru_TJM_sr_gen_a-all_exp-diff-login,ural,OFF,0
2026-08-18,2026-08-18 08:00,2026-08-18 12:00,ppc_ru_UFA_sr_dsa_a-all_exp-diff-login,UFA,OFF,0
2026-08-18,2026-08-18 08:00,2026-08-18 12:00,ppc_ru_UFA_sr_gen_a-all_exp-diff-login,UFA,OFF,0
2026-08-18,2026-08-18 08:00,2026-08-18 12:00,ppc_ru_centr_sr_dsa_a-all_exp-diff-login,centr,ON,1
2026-08-18,2026-08-18 08:00,2026-08-18 12:00,ppc_ru_centr_sr_gen_a-all_exp-diff-login,centr,ON,1
2026-08-18,2026-08-18 08:00,2026-08-18 12:00,ppc_ru_sibir_sr_dsa_a-all_exp-diff-login,sibir,OFF,0
2026-08-18,2026-08-18 08:00,2026-08-18 12:00,ppc_ru_sibir_sr_gen_a-all_exp-diff-login,sibir,OFF,0
2026-08-18,2026-08-18 08:00,2026-08-18 12:00,ppc_ru_ural_sr_dsa_a-all_exp-diff-login,ural,OFF,0
2026-08-18,2026-08-18 08:00,2026-08-18 12:00,ppc_ru_ural_sr_gen_a-all_exp-diff-login,ural,OFF,0
2026-08-18,2026-08-18 08:00,2026-08-18 12:00,ppc_ru_ural_sr_s-auto_a-all_exp-diff-login,ural,OFF,0
2026-08-18,2026-08-18 12:00,2026-08-18 16:00,ppc_ru_IKT_sr_gen_a-all_exp-diff-login,sibir,ON,1
2026-08-18,2026-08-18 12:00,2026-08-18 16:00,ppc_ru_KJA_sr_dsa_a-all_exp-diff-login,KJA,OFF,0
2026-08-18,2026-08-18 12:00,2026-08-18 16:00,ppc_ru_KJA_sr_gen_a-all_exp-diff-login,KJA,OFF,0
2026-08-18,2026-08-18 12:00,2026-08-18 16:00,ppc_ru_KRR_sr_dsa_a-all_exp-diff-login,KRR,ON,1
2026-08-18,2026-08-18 12:00,2026-08-18 16:00,ppc_ru_KRR_sr_gen_a-all_exp-diff-login,KRR,ON,1
2026-08-18,2026-08-18 12:00,2026-08-18 16:00,ppc_ru_KRR_sr_s-auto_a-all_exp-diff-login,KRR,ON,1
2026-08-18,2026-08-18 12:00,2026-08-18 16:00,ppc_ru_KVKZ_sr_gen_a-all_exp-diff-login,KVKZ,ON,1
2026-08-18,2026-08-18 12:00,2026-08-18 16:00,ppc_ru_KVKZ_sr_s-auto_a-all_exp-diff-login,KVKZ,ON,1
2026-08-18,2026-08-18 12:00,2026-08-18 16:00,ppc_ru_KZN_sr_gen_a-all_exp-diff-login,KZN,ON,1
2026-08-18,2026-08-18 12:00,2026-08-18 16:00,ppc_ru_KZN_sr_s-auto_a-all_exp-diff-login,KZN,ON,1
2026-08-18,2026-08-18 12:00,2026-08-18 16:00,ppc_ru_LED_sr_dsa_a-all_exp-diff-login,LED,ON,1
2026-08-18,2026-08-18 12:00,2026-08-18 16:00,ppc_ru_LED_sr_gen_a-all_exp-diff-login,LED,ON,1
2026-08-18,2026-08-18 12:00,2026-08-18 16:00,ppc_ru_LED_sr_s-auto_a-all_exp-diff-login,LED,ON,1
2026-08-18,2026-08-18 12:00,2026-08-18 16:00,ppc_ru_MOW_sr_dsa_a-all_exp-diff-login,MOW,ON,1
2026-08-18,2026-08-18 12:00,2026-08-18 16:00,ppc_ru_MOW_sr_gen_a-all_exp-diff-login,MOW,ON,1
2026-08-18,2026-08-18 12:00,2026-08-18 16:00,ppc_ru_MOW_sr_s-auto_a-all_exp-diff-login,MOW,ON,1
2026-08-18,2026-08-18 12:00,2026-08-18 16:00,ppc_ru_MOW_sr_s-auto_a-all_exp-diff-login_exp_travel-aud,MOW,ON,1
2026-08-18,2026-08-18 12:00,2026-08-18 16:00,ppc_ru_OVB_sr_dsa_a-all_exp-diff-login,OVB,OFF,0
2026-08-18,2026-08-18 12:00,2026-08-18 16:00,ppc_ru_OVB_sr_gen_a-all_exp-diff-login,OVB,OFF,0
2026-08-18,2026-08-18 12:00,2026-08-18 16:00,ppc_ru_SVX_sr_dsa_a-all_exp-diff-login,ural,ON,1
2026-08-18,2026-08-18 12:00,2026-08-18 16:00,ppc_ru_SVX_sr_gen_a-all_exp-diff-login,ural,ON,1
2026-08-18,2026-08-18 12:00,2026-08-18 16:00,ppc_ru_TJM_sr_dsa_a-all_exp-diff-login,ural,ON,1
2026-08-18,2026-08-18 12:00,2026-08-18 16:00,ppc_ru_TJM_sr_gen_a-all_exp-diff-login,ural,ON,1
2026-08-18,2026-08-18 12:00,2026-08-18 16:00,ppc_ru_UFA_sr_dsa_a-all_exp-diff-login,UFA,ON,1
2026-08-18,2026-08-18 12:00,2026-08-18 16:00,ppc_ru_UFA_sr_gen_a-all_exp-diff-login,UFA,ON,1
2026-08-18,2026-08-18 12:00,2026-08-18 16:00,ppc_ru_centr_sr_dsa_a-all_exp-diff-login,centr,OFF,0
2026-08-18,2026-08-18 12:00,2026-08-18 16:00,ppc_ru_centr_sr_gen_a-all_exp-diff-login,centr,OFF,0
2026-08-18,2026-08-18 12:00,2026-08-18 16:00,ppc_ru_sibir_sr_dsa_a-all_exp-diff-login,sibir,ON,1
2026-08-18,2026-08-18 12:00,2026-08-18 16:00,ppc_ru_sibir_sr_gen_a-all_exp-diff-login,sibir,ON,1
2026-08-18,2026-08-18 12:00,2026-08-18 16:00,ppc_ru_ural_sr_dsa_a-all_exp-diff-login,ural,ON,1
2026-08-18,2026-08-18 12:00,2026-08-18 16:00,ppc_ru_ural_sr_gen_a-all_exp-diff-login,ural,ON,1
2026-08-18,2026-08-18 12:00,2026-08-18 16:00,ppc_ru_ural_sr_s-auto_a-all_exp-diff-login,ural,ON,1
2026-08-18,2026-08-18 16:00,2026-08-18 20:00,ppc_ru_IKT_sr_gen_a-all_exp-diff-login,sibir,OFF,0
2026-08-18,2026-08-18 16:00,2026-08-18 20:00,ppc_ru_KJA_sr_dsa_a-all_exp-diff-login,KJA,OFF,0
2026-08-18,2026-08-18 16:00,2026-08-18 20:00,ppc_ru_KJA_sr_gen_a-all_exp-diff-login,KJA,OFF,0
2026-08-18,2026-08-18 16:00,2026-08-18 20:00,ppc_ru_KRR_sr_dsa_a-all_exp-diff-login,KRR,OFF,0
2026-08-18,2026-08-18 16:00,2026-08-18 20:00,ppc_ru_KRR_sr_gen_a-all_exp-diff-login,KRR,OFF,0
2026-08-18,2026-08-18 16:00,2026-08-18 20:00,ppc_ru_KRR_sr_s-auto_a-all_exp-diff-login,KRR,OFF,0
2026-08-18,2026-08-18 16:00,2026-08-18 20:00,ppc_ru_KVKZ_sr_gen_a-all_exp-diff-login,KVKZ,OFF,0
2026-08-18,2026-08-18 16:00,2026-08-18 20:00,ppc_ru_KVKZ_sr_s-auto_a-all_exp-diff-login,KVKZ,OFF,0
2026-08-18,2026-08-18 16:00,2026-08-18 20:00,ppc_ru_KZN_sr_gen_a-all_exp-diff-login,KZN,OFF,0
2026-08-18,2026-08-18 16:00,2026-08-18 20:00,ppc_ru_KZN_sr_s-auto_a-all_exp-diff-login,KZN,OFF,0
2026-08-18,2026-08-18 16:00,2026-08-18 20:00,ppc_ru_LED_sr_dsa_a-all_exp-diff-login,LED,ON,1
2026-08-18,2026-08-18 16:00,2026-08-18 20:00,ppc_ru_LED_sr_gen_a-all_exp-diff-login,LED,ON,1
2026-08-18,2026-08-18 16:00,2026-08-18 20:00,ppc_ru_LED_sr_s-auto_a-all_exp-diff-login,LED,ON,1
2026-08-18,2026-08-18 16:00,2026-08-18 20:00,ppc_ru_MOW_sr_dsa_a-all_exp-diff-login,MOW,OFF,0
2026-08-18,2026-08-18 16:00,2026-08-18 20:00,ppc_ru_MOW_sr_gen_a-all_exp-diff-login,MOW,OFF,0
2026-08-18,2026-08-18 16:00,2026-08-18 20:00,ppc_ru_MOW_sr_s-auto_a-all_exp-diff-login,MOW,OFF,0
2026-08-18,2026-08-18 16:00,2026-08-18 20:00,ppc_ru_MOW_sr_s-auto_a-all_exp-diff-login_exp_travel-aud,MOW,OFF,0
2026-08-18,2026-08-18 16:00,2026-08-18 20:00,ppc_ru_OVB_sr_dsa_a-all_exp-diff-login,OVB,OFF,0
2026-08-18,2026-08-18 16:00,2026-08-18 20:00,ppc_ru_OVB_sr_gen_a-all_exp-diff-login,OVB,OFF,0
2026-08-18,2026-08-18 16:00,2026-08-18 20:00,ppc_ru_SVX_sr_dsa_a-all_exp-diff-login,ural,OFF,0
2026-08-18,2026-08-18 16:00,2026-08-18 20:00,ppc_ru_SVX_sr_gen_a-all_exp-diff-login,ural,OFF,0
2026-08-18,2026-08-18 16:00,2026-08-18 20:00,ppc_ru_TJM_sr_dsa_a-all_exp-diff-login,ural,OFF,0
2026-08-18,2026-08-18 16:00,2026-08-18 20:00,ppc_ru_TJM_sr_gen_a-all_exp-diff-login,ural,OFF,0
2026-08-18,2026-08-18 16:00,2026-08-18 20:00,ppc_ru_UFA_sr_dsa_a-all_exp-diff-login,UFA,ON,1
2026-08-18,2026-08-18 16:00,2026-08-18 20:00,ppc_ru_UFA_sr_gen_a-all_exp-diff-login,UFA,ON,1
2026-08-18,2026-08-18 16:00,2026-08-18 20:00,ppc_ru_centr_sr_dsa_a-all_exp-diff-login,centr,OFF,0
2026-08-18,2026-08-18 16:00,2026-08-18 20:00,ppc_ru_centr_sr_gen_a-all_exp-diff-login,centr,OFF,0
2026-08-18,2026-08-18 16:00,2026-08-18 20:00,ppc_ru_sibir_sr_dsa_a-all_exp-diff-login,sibir,OFF,0
2026-08-18,2026-08-18 16:00,2026-08-18 20:00,ppc_ru_sibir_sr_gen_a-all_exp-diff-login,sibir,OFF,0
2026-08-18,2026-08-18 16:00,2026-08-18 20:00,ppc_ru_ural_sr_dsa_a-all_exp-diff-login,ural,OFF,0
2026-08-18,2026-08-18 16:00,2026-08-18 20:00,ppc_ru_ural_sr_gen_a-all_exp-diff-login,ural,OFF,0
2026-08-18,2026-08-18 16:00,2026-08-18 20:00,ppc_ru_ural_sr_s-auto_a-all_exp-diff-login,ural,OFF,0
2026-08-18,2026-08-18 20:00,2026-08-19 00:00,ppc_ru_IKT_sr_gen_a-all_exp-diff-login,sibir,ON,1
2026-08-18,2026-08-18 20:00,2026-08-19 00:00,ppc_ru_KJA_sr_dsa_a-all_exp-diff-login,KJA,OFF,0
2026-08-18,2026-08-18 20:00,2026-08-19 00:00,ppc_ru_KJA_sr_gen_a-all_exp-diff-login,KJA,OFF,0
2026-08-18,2026-08-18 20:00,2026-08-19 00:00,ppc_ru_KRR_sr_dsa_a-all_exp-diff-login,KRR,ON,1
2026-08-18,2026-08-18 20:00,2026-08-19 00:00,ppc_ru_KRR_sr_gen_a-all_exp-diff-login,KRR,ON,1
2026-08-18,2026-08-18 20:00,2026-08-19 00:00,ppc_ru_KRR_sr_s-auto_a-all_exp-diff-login,KRR,ON,1
2026-08-18,2026-08-18 20:00,2026-08-19 00:00,ppc_ru_KVKZ_sr_gen_a-all_exp-diff-login,KVKZ,ON,1
2026-08-18,2026-08-18 20:00,2026-08-19 00:00,ppc_ru_KVKZ_sr_s-auto_a-all_exp-diff-login,KVKZ,ON,1
2026-08-18,2026-08-18 20:00,2026-08-19 00:00,ppc_ru_KZN_sr_gen_a-all_exp-diff-login,KZN,ON,1
2026-08-18,2026-08-18 20:00,2026-08-19 00:00,ppc_ru_KZN_sr_s-auto_a-all_exp-diff-login,KZN,ON,1
2026-08-18,2026-08-18 20:00,2026-08-19 00:00,ppc_ru_LED_sr_dsa_a-all_exp-diff-login,LED,OFF,0
2026-08-18,2026-08-18 20:00,2026-08-19 00:00,ppc_ru_LED_sr_gen_a-all_exp-diff-login,LED,OFF,0
2026-08-18,2026-08-18 20:00,2026-08-19 00:00,ppc_ru_LED_sr_s-auto_a-all_exp-diff-login,LED,OFF,0
2026-08-18,2026-08-18 20:00,2026-08-19 00:00,ppc_ru_MOW_sr_dsa_a-all_exp-diff-login,MOW,ON,1
2026-08-18,2026-08-18 20:00,2026-08-19 00:00,ppc_ru_MOW_sr_gen_a-all_exp-diff-login,MOW,ON,1
2026-08-18,2026-08-18 20:00,2026-08-19 00:00,ppc_ru_MOW_sr_s-auto_a-all_exp-diff-login,MOW,ON,1
2026-08-18,2026-08-18 20:00,2026-08-19 00:00,ppc_ru_MOW_sr_s-auto_a-all_exp-diff-login_exp_travel-aud,MOW,ON,1
2026-08-18,2026-08-18 20:00,2026-08-19 00:00,ppc_ru_OVB_sr_dsa_a-all_exp-diff-login,OVB,ON,1
2026-08-18,2026-08-18 20:00,2026-08-19 00:00,ppc_ru_OVB_sr_gen_a-all_exp-diff-login,OVB,ON,1
2026-08-18,2026-08-18 20:00,2026-08-19 00:00,ppc_ru_SVX_sr_dsa_a-all_exp-diff-login,ural,ON,1
2026-08-18,2026-08-18 20:00,2026-08-19 00:00,ppc_ru_SVX_sr_gen_a-all_exp-diff-login,ural,ON,1
2026-08-18,2026-08-18 20:00,2026-08-19 00:00,ppc_ru_TJM_sr_dsa_a-all_exp-diff-login,ural,ON,1
2026-08-18,2026-08-18 20:00,2026-08-19 00:00,ppc_ru_TJM_sr_gen_a-all_exp-diff-login,ural,ON,1
2026-08-18,2026-08-18 20:00,2026-08-19 00:00,ppc_ru_UFA_sr_dsa_a-all_exp-diff-login,UFA,OFF,0
2026-08-18,2026-08-18 20:00,2026-08-19 00:00,ppc_ru_UFA_sr_gen_a-all_exp-diff-login,UFA,OFF,0
2026-08-18,2026-08-18 20:00,2026-08-19 00:00,ppc_ru_centr_sr_dsa_a-all_exp-diff-login,centr,ON,1
2026-08-18,2026-08-18 20:00,2026-08-19 00:00,ppc_ru_centr_sr_gen_a-all_exp-diff-login,centr,ON,1
2026-08-18,2026-08-18 20:00,2026-08-19 00:00,ppc_ru_sibir_sr_dsa_a-all_exp-diff-login,sibir,ON,1
2026-08-18,2026-08-18 20:00,2026-08-19 00:00,ppc_ru_sibir_sr_gen_a-all_exp-diff-login,sibir,ON,1
2026-08-18,2026-08-18 20:00,2026-08-19 00:00,ppc_ru_ural_sr_dsa_a-all_exp-diff-login,ural,ON,1
2026-08-18,2026-08-18 20:00,2026-08-19 00:00,ppc_ru_ural_sr_gen_a-all_exp-diff-login,ural,ON,1
2026-08-18,2026-08-18 20:00,2026-08-19 00:00,ppc_ru_ural_sr_s-auto_a-all_exp-diff-login,ural,ON,1
2026-08-19,2026-08-19 00:00,2026-08-19 04:00,ppc_ru_IKT_sr_gen_a-all_exp-diff-login,sibir,ON,1
2026-08-19,2026-08-19 00:00,2026-08-19 04:00,ppc_ru_KJA_sr_dsa_a-all_exp-diff-login,KJA,OFF,0
2026-08-19,2026-08-19 00:00,2026-08-19 04:00,ppc_ru_KJA_sr_gen_a-all_exp-diff-login,KJA,OFF,0
2026-08-19,2026-08-19 00:00,2026-08-19 04:00,ppc_ru_KRR_sr_dsa_a-all_exp-diff-login,KRR,OFF,0
2026-08-19,2026-08-19 00:00,2026-08-19 04:00,ppc_ru_KRR_sr_gen_a-all_exp-diff-login,KRR,OFF,0
2026-08-19,2026-08-19 00:00,2026-08-19 04:00,ppc_ru_KRR_sr_s-auto_a-all_exp-diff-login,KRR,OFF,0
2026-08-19,2026-08-19 00:00,2026-08-19 04:00,ppc_ru_KVKZ_sr_gen_a-all_exp-diff-login,KVKZ,OFF,0
2026-08-19,2026-08-19 00:00,2026-08-19 04:00,ppc_ru_KVKZ_sr_s-auto_a-all_exp-diff-login,KVKZ,OFF,0
2026-08-19,2026-08-19 00:00,2026-08-19 04:00,ppc_ru_KZN_sr_gen_a-all_exp-diff-login,KZN,OFF,0
2026-08-19,2026-08-19 00:00,2026-08-19 04:00,ppc_ru_KZN_sr_s-auto_a-all_exp-diff-login,KZN,OFF,0
2026-08-19,2026-08-19 00:00,2026-08-19 04:00,ppc_ru_LED_sr_dsa_a-all_exp-diff-login,LED,OFF,0
2026-08-19,2026-08-19 00:00,2026-08-19 04:00,ppc_ru_LED_sr_gen_a-all_exp-diff-login,LED,OFF,0
2026-08-19,2026-08-19 00:00,2026-08-19 04:00,ppc_ru_LED_sr_s-auto_a-all_exp-diff-login,LED,OFF,0
2026-08-19,2026-08-19 00:00,2026-08-19 04:00,ppc_ru_MOW_sr_dsa_a-all_exp-diff-login,MOW,ON,1
2026-08-19,2026-08-19 00:00,2026-08-19 04:00,ppc_ru_MOW_sr_gen_a-all_exp-diff-login,MOW,ON,1
2026-08-19,2026-08-19 00:00,2026-08-19 04:00,ppc_ru_MOW_sr_s-auto_a-all_exp-diff-login,MOW,ON,1
2026-08-19,2026-08-19 00:00,2026-08-19 04:00,ppc_ru_MOW_sr_s-auto_a-all_exp-diff-login_exp_travel-aud,MOW,ON,1
2026-08-19,2026-08-19 00:00,2026-08-19 04:00,ppc_ru_OVB_sr_dsa_a-all_exp-diff-login,OVB,ON,1
2026-08-19,2026-08-19 00:00,2026-08-19 04:00,ppc_ru_OVB_sr_gen_a-all_exp-diff-login,OVB,ON,1
2026-08-19,2026-08-19 00:00,2026-08-19 04:00,ppc_ru_SVX_sr_dsa_a-all_exp-diff-login,ural,ON,1
2026-08-19,2026-08-19 00:00,2026-08-19 04:00,ppc_ru_SVX_sr_gen_a-all_exp-diff-login,ural,ON,1
2026-08-19,2026-08-19 00:00,2026-08-19 04:00,ppc_ru_TJM_sr_dsa_a-all_exp-diff-login,ural,ON,1
2026-08-19,2026-08-19 00:00,2026-08-19 04:00,ppc_ru_TJM_sr_gen_a-all_exp-diff-login,ural,ON,1
2026-08-19,2026-08-19 00:00,2026-08-19 04:00,ppc_ru_UFA_sr_dsa_a-all_exp-diff-login,UFA,OFF,0
2026-08-19,2026-08-19 00:00,2026-08-19 04:00,ppc_ru_UFA_sr_gen_a-all_exp-diff-login,UFA,OFF,0
2026-08-19,2026-08-19 00:00,2026-08-19 04:00,ppc_ru_centr_sr_dsa_a-all_exp-diff-login,centr,ON,1
2026-08-19,2026-08-19 00:00,2026-08-19 04:00,ppc_ru_centr_sr_gen_a-all_exp-diff-login,centr,ON,1
2026-08-19,2026-08-19 00:00,2026-08-19 04:00,ppc_ru_sibir_sr_dsa_a-all_exp-diff-login,sibir,ON,1
2026-08-19,2026-08-19 00:00,2026-08-19 04:00,ppc_ru_sibir_sr_gen_a-all_exp-diff-login,sibir,ON,1
2026-08-19,2026-08-19 00:00,2026-08-19 04:00,ppc_ru_ural_sr_dsa_a-all_exp-diff-login,ural,ON,1
2026-08-19,2026-08-19 00:00,2026-08-19 04:00,ppc_ru_ural_sr_gen_a-all_exp-diff-login,ural,ON,1
2026-08-19,2026-08-19 00:00,2026-08-19 04:00,ppc_ru_ural_sr_s-auto_a-all_exp-diff-login,ural,ON,1
2026-08-19,2026-08-19 04:00,2026-08-19 08:00,ppc_ru_IKT_sr_gen_a-all_exp-diff-login,sibir,ON,1
2026-08-19,2026-08-19 04:00,2026-08-19 08:00,ppc_ru_KJA_sr_dsa_a-all_exp-diff-login,KJA,OFF,0
2026-08-19,2026-08-19 04:00,2026-08-19 08:00,ppc_ru_KJA_sr_gen_a-all_exp-diff-login,KJA,OFF,0
2026-08-19,2026-08-19 04:00,2026-08-19 08:00,ppc_ru_KRR_sr_dsa_a-all_exp-diff-login,KRR,OFF,0
2026-08-19,2026-08-19 04:00,2026-08-19 08:00,ppc_ru_KRR_sr_gen_a-all_exp-diff-login,KRR,OFF,0
2026-08-19,2026-08-19 04:00,2026-08-19 08:00,ppc_ru_KRR_sr_s-auto_a-all_exp-diff-login,KRR,OFF,0
2026-08-19,2026-08-19 04:00,2026-08-19 08:00,ppc_ru_KVKZ_sr_gen_a-all_exp-diff-login,KVKZ,ON,1
2026-08-19,2026-08-19 04:00,2026-08-19 08:00,ppc_ru_KVKZ_sr_s-auto_a-all_exp-diff-login,KVKZ,ON,1
2026-08-19,2026-08-19 04:00,2026-08-19 08:00,ppc_ru_KZN_sr_gen_a-all_exp-diff-login,KZN,OFF,0
2026-08-19,2026-08-19 04:00,2026-08-19 08:00,ppc_ru_KZN_sr_s-auto_a-all_exp-diff-login,KZN,OFF,0
2026-08-19,2026-08-19 04:00,2026-08-19 08:00,ppc_ru_LED_sr_dsa_a-all_exp-diff-login,LED,OFF,0
2026-08-19,2026-08-19 04:00,2026-08-19 08:00,ppc_ru_LED_sr_gen_a-all_exp-diff-login,LED,OFF,0
2026-08-19,2026-08-19 04:00,2026-08-19 08:00,ppc_ru_LED_sr_s-auto_a-all_exp-diff-login,LED,OFF,0
2026-08-19,2026-08-19 04:00,2026-08-19 08:00,ppc_ru_MOW_sr_dsa_a-all_exp-diff-login,MOW,OFF,0
2026-08-19,2026-08-19 04:00,2026-08-19 08:00,ppc_ru_MOW_sr_gen_a-all_exp-diff-login,MOW,OFF,0
2026-08-19,2026-08-19 04:00,2026-08-19 08:00,ppc_ru_MOW_sr_s-auto_a-all_exp-diff-login,MOW,OFF,0
2026-08-19,2026-08-19 04:00,2026-08-19 08:00,ppc_ru_MOW_sr_s-auto_a-all_exp-diff-login_exp_travel-aud,MOW,OFF,0
2026-08-19,2026-08-19 04:00,2026-08-19 08:00,ppc_ru_OVB_sr_dsa_a-all_exp-diff-login,OVB,OFF,0
2026-08-19,2026-08-19 04:00,2026-08-19 08:00,ppc_ru_OVB_sr_gen_a-all_exp-diff-login,OVB,OFF,0
2026-08-19,2026-08-19 04:00,2026-08-19 08:00,ppc_ru_SVX_sr_dsa_a-all_exp-diff-login,ural,ON,1
2026-08-19,2026-08-19 04:00,2026-08-19 08:00,ppc_ru_SVX_sr_gen_a-all_exp-diff-login,ural,ON,1
2026-08-19,2026-08-19 04:00,2026-08-19 08:00,ppc_ru_TJM_sr_dsa_a-all_exp-diff-login,ural,ON,1
2026-08-19,2026-08-19 04:00,2026-08-19 08:00,ppc_ru_TJM_sr_gen_a-all_exp-diff-login,ural,ON,1
2026-08-19,2026-08-19 04:00,2026-08-19 08:00,ppc_ru_UFA_sr_dsa_a-all_exp-diff-login,UFA,OFF,0
2026-08-19,2026-08-19 04:00,2026-08-19 08:00,ppc_ru_UFA_sr_gen_a-all_exp-diff-login,UFA,OFF,0
2026-08-19,2026-08-19 04:00,2026-08-19 08:00,ppc_ru_centr_sr_dsa_a-all_exp-diff-login,centr,OFF,0
2026-08-19,2026-08-19 04:00,2026-08-19 08:00,ppc_ru_centr_sr_gen_a-all_exp-diff-login,centr,OFF,0
2026-08-19,2026-08-19 04:00,2026-08-19 08:00,ppc_ru_sibir_sr_dsa_a-all_exp-diff-login,sibir,ON,1
2026-08-19,2026-08-19 04:00,2026-08-19 08:00,ppc_ru_sibir_sr_gen_a-all_exp-diff-login,sibir,ON,1
2026-08-19,2026-08-19 04:00,2026-08-19 08:00,ppc_ru_ural_sr_dsa_a-all_exp-diff-login,ural,ON,1
2026-08-19,2026-08-19 04:00,2026-08-19 08:00,ppc_ru_ural_sr_gen_a-all_exp-diff-login,ural,ON,1
2026-08-19,2026-08-19 04:00,2026-08-19 08:00,ppc_ru_ural_sr_s-auto_a-all_exp-diff-login,ural,ON,1
2026-08-19,2026-08-19 08:00,2026-08-19 12:00,ppc_ru_IKT_sr_gen_a-all_exp-diff-login,sibir,ON,1
2026-08-19,2026-08-19 08:00,2026-08-19 12:00,ppc_ru_KJA_sr_dsa_a-all_exp-diff-login,KJA,ON,1
2026-08-19,2026-08-19 08:00,2026-08-19 12:00,ppc_ru_KJA_sr_gen_a-all_exp-diff-login,KJA,ON,1
2026-08-19,2026-08-19 08:00,2026-08-19 12:00,ppc_ru_KRR_sr_dsa_a-all_exp-diff-login,KRR,OFF,0
2026-08-19,2026-08-19 08:00,2026-08-19 12:00,ppc_ru_KRR_sr_gen_a-all_exp-diff-login,KRR,OFF,0
2026-08-19,2026-08-19 08:00,2026-08-19 12:00,ppc_ru_KRR_sr_s-auto_a-all_exp-diff-login,KRR,OFF,0
2026-08-19,2026-08-19 08:00,2026-08-19 12:00,ppc_ru_KVKZ_sr_gen_a-all_exp-diff-login,KVKZ,ON,1
2026-08-19,2026-08-19 08:00,2026-08-19 12:00,ppc_ru_KVKZ_sr_s-auto_a-all_exp-diff-login,KVKZ,ON,1
2026-08-19,2026-08-19 08:00,2026-08-19 12:00,ppc_ru_KZN_sr_gen_a-all_exp-diff-login,KZN,OFF,0
2026-08-19,2026-08-19 08:00,2026-08-19 12:00,ppc_ru_KZN_sr_s-auto_a-all_exp-diff-login,KZN,OFF,0
2026-08-19,2026-08-19 08:00,2026-08-19 12:00,ppc_ru_LED_sr_dsa_a-all_exp-diff-login,LED,ON,1
2026-08-19,2026-08-19 08:00,2026-08-19 12:00,ppc_ru_LED_sr_gen_a-all_exp-diff-login,LED,ON,1
2026-08-19,2026-08-19 08:00,2026-08-19 12:00,ppc_ru_LED_sr_s-auto_a-all_exp-diff-login,LED,ON,1
2026-08-19,2026-08-19 08:00,2026-08-19 12:00,ppc_ru_MOW_sr_dsa_a-all_exp-diff-login,MOW,ON,1
2026-08-19,2026-08-19 08:00,2026-08-19 12:00,ppc_ru_MOW_sr_gen_a-all_exp-diff-login,MOW,ON,1
2026-08-19,2026-08-19 08:00,2026-08-19 12:00,ppc_ru_MOW_sr_s-auto_a-all_exp-diff-login,MOW,ON,1
2026-08-19,2026-08-19 08:00,2026-08-19 12:00,ppc_ru_MOW_sr_s-auto_a-all_exp-diff-login_exp_travel-aud,MOW,ON,1
2026-08-19,2026-08-19 08:00,2026-08-19 12:00,ppc_ru_OVB_sr_dsa_a-all_exp-diff-login,OVB,OFF,0
2026-08-19,2026-08-19 08:00,2026-08-19 12:00,ppc_ru_OVB_sr_gen_a-all_exp-diff-login,OVB,OFF,0
2026-08-19,2026-08-19 08:00,2026-08-19 12:00,ppc_ru_SVX_sr_dsa_a-all_exp-diff-login,ural,OFF,0
2026-08-19,2026-08-19 08:00,2026-08-19 12:00,ppc_ru_SVX_sr_gen_a-all_exp-diff-login,ural,OFF,0
2026-08-19,2026-08-19 08:00,2026-08-19 12:00,ppc_ru_TJM_sr_dsa_a-all_exp-diff-login,ural,OFF,0
2026-08-19,2026-08-19 08:00,2026-08-19 12:00,ppc_ru_TJM_sr_gen_a-all_exp-diff-login,ural,OFF,0
2026-08-19,2026-08-19 08:00,2026-08-19 12:00,ppc_ru_UFA_sr_dsa_a-all_exp-diff-login,UFA,ON,1
2026-08-19,2026-08-19 08:00,2026-08-19 12:00,ppc_ru_UFA_sr_gen_a-all_exp-diff-login,UFA,ON,1
2026-08-19,2026-08-19 08:00,2026-08-19 12:00,ppc_ru_centr_sr_dsa_a-all_exp-diff-login,centr,ON,1
2026-08-19,2026-08-19 08:00,2026-08-19 12:00,ppc_ru_centr_sr_gen_a-all_exp-diff-login,centr,ON,1
2026-08-19,2026-08-19 08:00,2026-08-19 12:00,ppc_ru_sibir_sr_dsa_a-all_exp-diff-login,sibir,ON,1
2026-08-19,2026-08-19 08:00,2026-08-19 12:00,ppc_ru_sibir_sr_gen_a-all_exp-diff-login,sibir,ON,1
2026-08-19,2026-08-19 08:00,2026-08-19 12:00,ppc_ru_ural_sr_dsa_a-all_exp-diff-login,ural,OFF,0
2026-08-19,2026-08-19 08:00,2026-08-19 12:00,ppc_ru_ural_sr_gen_a-all_exp-diff-login,ural,OFF,0
2026-08-19,2026-08-19 08:00,2026-08-19 12:00,ppc_ru_ural_sr_s-auto_a-all_exp-diff-login,ural,OFF,0
2026-08-19,2026-08-19 12:00,2026-08-19 16:00,ppc_ru_IKT_sr_gen_a-all_exp-diff-login,sibir,OFF,0
2026-08-19,2026-08-19 12:00,2026-08-19 16:00,ppc_ru_KJA_sr_dsa_a-all_exp-diff-login,KJA,OFF,0
2026-08-19,2026-08-19 12:00,2026-08-19 16:00,ppc_ru_KJA_sr_gen_a-all_exp-diff-login,KJA,OFF,0
2026-08-19,2026-08-19 12:00,2026-08-19 16:00,ppc_ru_KRR_sr_dsa_a-all_exp-diff-login,KRR,ON,1
2026-08-19,2026-08-19 12:00,2026-08-19 16:00,ppc_ru_KRR_sr_gen_a-all_exp-diff-login,KRR,ON,1
2026-08-19,2026-08-19 12:00,2026-08-19 16:00,ppc_ru_KRR_sr_s-auto_a-all_exp-diff-login,KRR,ON,1
2026-08-19,2026-08-19 12:00,2026-08-19 16:00,ppc_ru_KVKZ_sr_gen_a-all_exp-diff-login,KVKZ,ON,1
2026-08-19,2026-08-19 12:00,2026-08-19 16:00,ppc_ru_KVKZ_sr_s-auto_a-all_exp-diff-login,KVKZ,ON,1
2026-08-19,2026-08-19 12:00,2026-08-19 16:00,ppc_ru_KZN_sr_gen_a-all_exp-diff-login,KZN,ON,1
2026-08-19,2026-08-19 12:00,2026-08-19 16:00,ppc_ru_KZN_sr_s-auto_a-all_exp-diff-login,KZN,ON,1
2026-08-19,2026-08-19 12:00,2026-08-19 16:00,ppc_ru_LED_sr_dsa_a-all_exp-diff-login,LED,ON,1
2026-08-19,2026-08-19 12:00,2026-08-19 16:00,ppc_ru_LED_sr_gen_a-all_exp-diff-login,LED,ON,1
2026-08-19,2026-08-19 12:00,2026-08-19 16:00,ppc_ru_LED_sr_s-auto_a-all_exp-diff-login,LED,ON,1
2026-08-19,2026-08-19 12:00,2026-08-19 16:00,ppc_ru_MOW_sr_dsa_a-all_exp-diff-login,MOW,ON,1
2026-08-19,2026-08-19 12:00,2026-08-19 16:00,ppc_ru_MOW_sr_gen_a-all_exp-diff-login,MOW,ON,1
2026-08-19,2026-08-19 12:00,2026-08-19 16:00,ppc_ru_MOW_sr_s-auto_a-all_exp-diff-login,MOW,ON,1
2026-08-19,2026-08-19 12:00,2026-08-19 16:00,ppc_ru_MOW_sr_s-auto_a-all_exp-diff-login_exp_travel-aud,MOW,ON,1
2026-08-19,2026-08-19 12:00,2026-08-19 16:00,ppc_ru_OVB_sr_dsa_a-all_exp-diff-login,OVB,OFF,0
2026-08-19,2026-08-19 12:00,2026-08-19 16:00,ppc_ru_OVB_sr_gen_a-all_exp-diff-login,OVB,OFF,0
2026-08-19,2026-08-19 12:00,2026-08-19 16:00,ppc_ru_SVX_sr_dsa_a-all_exp-diff-login,ural,OFF,0
2026-08-19,2026-08-19 12:00,2026-08-19 16:00,ppc_ru_SVX_sr_gen_a-all_exp-diff-login,ural,OFF,0
2026-08-19,2026-08-19 12:00,2026-08-19 16:00,ppc_ru_TJM_sr_dsa_a-all_exp-diff-login,ural,OFF,0
2026-08-19,2026-08-19 12:00,2026-08-19 16:00,ppc_ru_TJM_sr_gen_a-all_exp-diff-login,ural,OFF,0
2026-08-19,2026-08-19 12:00,2026-08-19 16:00,ppc_ru_UFA_sr_dsa_a-all_exp-diff-login,UFA,OFF,0
2026-08-19,2026-08-19 12:00,2026-08-19 16:00,ppc_ru_UFA_sr_gen_a-all_exp-diff-login,UFA,OFF,0
2026-08-19,2026-08-19 12:00,2026-08-19 16:00,ppc_ru_centr_sr_dsa_a-all_exp-diff-login,centr,ON,1
2026-08-19,2026-08-19 12:00,2026-08-19 16:00,ppc_ru_centr_sr_gen_a-all_exp-diff-login,centr,ON,1
2026-08-19,2026-08-19 12:00,2026-08-19 16:00,ppc_ru_sibir_sr_dsa_a-all_exp-diff-login,sibir,OFF,0
2026-08-19,2026-08-19 12:00,2026-08-19 16:00,ppc_ru_sibir_sr_gen_a-all_exp-diff-login,sibir,OFF,0
2026-08-19,2026-08-19 12:00,2026-08-19 16:00,ppc_ru_ural_sr_dsa_a-all_exp-diff-login,ural,OFF,0
2026-08-19,2026-08-19 12:00,2026-08-19 16:00,ppc_ru_ural_sr_gen_a-all_exp-diff-login,ural,OFF,0
2026-08-19,2026-08-19 12:00,2026-08-19 16:00,ppc_ru_ural_sr_s-auto_a-all_exp-diff-login,ural,OFF,0
2026-08-19,2026-08-19 16:00,2026-08-19 20:00,ppc_ru_IKT_sr_gen_a-all_exp-diff-login,sibir,OFF,0
2026-08-19,2026-08-19 16:00,2026-08-19 20:00,ppc_ru_KJA_sr_dsa_a-all_exp-diff-login,KJA,ON,1
2026-08-19,2026-08-19 16:00,2026-08-19 20:00,ppc_ru_KJA_sr_gen_a-all_exp-diff-login,KJA,ON,1
2026-08-19,2026-08-19 16:00,2026-08-19 20:00,ppc_ru_KRR_sr_dsa_a-all_exp-diff-login,KRR,ON,1
2026-08-19,2026-08-19 16:00,2026-08-19 20:00,ppc_ru_KRR_sr_gen_a-all_exp-diff-login,KRR,ON,1
2026-08-19,2026-08-19 16:00,2026-08-19 20:00,ppc_ru_KRR_sr_s-auto_a-all_exp-diff-login,KRR,ON,1
2026-08-19,2026-08-19 16:00,2026-08-19 20:00,ppc_ru_KVKZ_sr_gen_a-all_exp-diff-login,KVKZ,OFF,0
2026-08-19,2026-08-19 16:00,2026-08-19 20:00,ppc_ru_KVKZ_sr_s-auto_a-all_exp-diff-login,KVKZ,OFF,0
2026-08-19,2026-08-19 16:00,2026-08-19 20:00,ppc_ru_KZN_sr_gen_a-all_exp-diff-login,KZN,ON,1
2026-08-19,2026-08-19 16:00,2026-08-19 20:00,ppc_ru_KZN_sr_s-auto_a-all_exp-diff-login,KZN,ON,1
2026-08-19,2026-08-19 16:00,2026-08-19 20:00,ppc_ru_LED_sr_dsa_a-all_exp-diff-login,LED,OFF,0
2026-08-19,2026-08-19 16:00,2026-08-19 20:00,ppc_ru_LED_sr_gen_a-all_exp-diff-login,LED,OFF,0
2026-08-19,2026-08-19 16:00,2026-08-19 20:00,ppc_ru_LED_sr_s-auto_a-all_exp-diff-login,LED,OFF,0
2026-08-19,2026-08-19 16:00,2026-08-19 20:00,ppc_ru_MOW_sr_dsa_a-all_exp-diff-login,MOW,OFF,0
2026-08-19,2026-08-19 16:00,2026-08-19 20:00,ppc_ru_MOW_sr_gen_a-all_exp-diff-login,MOW,OFF,0
2026-08-19,2026-08-19 16:00,2026-08-19 20:00,ppc_ru_MOW_sr_s-auto_a-all_exp-diff-login,MOW,OFF,0
2026-08-19,2026-08-19 16:00,2026-08-19 20:00,ppc_ru_MOW_sr_s-auto_a-all_exp-diff-login_exp_travel-aud,MOW,OFF,0
2026-08-19,2026-08-19 16:00,2026-08-19 20:00,ppc_ru_OVB_sr_dsa_a-all_exp-diff-login,OVB,ON,1
2026-08-19,2026-08-19 16:00,2026-08-19 20:00,ppc_ru_OVB_sr_gen_a-all_exp-diff-login,OVB,ON,1
2026-08-19,2026-08-19 16:00,2026-08-19 20:00,ppc_ru_SVX_sr_dsa_a-all_exp-diff-login,ural,OFF,0
2026-08-19,2026-08-19 16:00,2026-08-19 20:00,ppc_ru_SVX_sr_gen_a-all_exp-diff-login,ural,OFF,0
2026-08-19,2026-08-19 16:00,2026-08-19 20:00,ppc_ru_TJM_sr_dsa_a-all_exp-diff-login,ural,OFF,0
2026-08-19,2026-08-19 16:00,2026-08-19 20:00,ppc_ru_TJM_sr_gen_a-all_exp-diff-login,ural,OFF,0
2026-08-19,2026-08-19 16:00,2026-08-19 20:00,ppc_ru_UFA_sr_dsa_a-all_exp-diff-login,UFA,ON,1
2026-08-19,2026-08-19 16:00,2026-08-19 20:00,ppc_ru_UFA_sr_gen_a-all_exp-diff-login,UFA,ON,1
2026-08-19,2026-08-19 16:00,2026-08-19 20:00,ppc_ru_centr_sr_dsa_a-all_exp-diff-login,centr,OFF,0
2026-08-19,2026-08-19 16:00,2026-08-19 20:00,ppc_ru_centr_sr_gen_a-all_exp-diff-login,centr,OFF,0
2026-08-19,2026-08-19 16:00,2026-08-19 20:00,ppc_ru_sibir_sr_dsa_a-all_exp-diff-login,sibir,OFF,0
2026-08-19,2026-08-19 16:00,2026-08-19 20:00,ppc_ru_sibir_sr_gen_a-all_exp-diff-login,sibir,OFF,0
2026-08-19,2026-08-19 16:00,2026-08-19 20:00,ppc_ru_ural_sr_dsa_a-all_exp-diff-login,ural,OFF,0
2026-08-19,2026-08-19 16:00,2026-08-19 20:00,ppc_ru_ural_sr_gen_a-all_exp-diff-login,ural,OFF,0
2026-08-19,2026-08-19 16:00,2026-08-19 20:00,ppc_ru_ural_sr_s-auto_a-all_exp-diff-login,ural,OFF,0
2026-08-19,2026-08-19 20:00,2026-08-20 00:00,ppc_ru_IKT_sr_gen_a-all_exp-diff-login,sibir,OFF,0
2026-08-19,2026-08-19 20:00,2026-08-20 00:00,ppc_ru_KJA_sr_dsa_a-all_exp-diff-login,KJA,ON,1
2026-08-19,2026-08-19 20:00,2026-08-20 00:00,ppc_ru_KJA_sr_gen_a-all_exp-diff-login,KJA,ON,1
2026-08-19,2026-08-19 20:00,2026-08-20 00:00,ppc_ru_KRR_sr_dsa_a-all_exp-diff-login,KRR,ON,1
2026-08-19,2026-08-19 20:00,2026-08-20 00:00,ppc_ru_KRR_sr_gen_a-all_exp-diff-login,KRR,ON,1
2026-08-19,2026-08-19 20:00,2026-08-20 00:00,ppc_ru_KRR_sr_s-auto_a-all_exp-diff-login,KRR,ON,1
2026-08-19,2026-08-19 20:00,2026-08-20 00:00,ppc_ru_KVKZ_sr_gen_a-all_exp-diff-login,KVKZ,OFF,0
2026-08-19,2026-08-19 20:00,2026-08-20 00:00,ppc_ru_KVKZ_sr_s-auto_a-all_exp-diff-login,KVKZ,OFF,0
2026-08-19,2026-08-19 20:00,2026-08-20 00:00,ppc_ru_KZN_sr_gen_a-all_exp-diff-login,KZN,ON,1
2026-08-19,2026-08-19 20:00,2026-08-20 00:00,ppc_ru_KZN_sr_s-auto_a-all_exp-diff-login,KZN,ON,1
2026-08-19,2026-08-19 20:00,2026-08-20 00:00,ppc_ru_LED_sr_dsa_a-all_exp-diff-login,LED,ON,1
2026-08-19,2026-08-19 20:00,2026-08-20 00:00,ppc_ru_LED_sr_gen_a-all_exp-diff-login,LED,ON,1
2026-08-19,2026-08-19 20:00,2026-08-20 00:00,ppc_ru_LED_sr_s-auto_a-all_exp-diff-login,LED,ON,1
2026-08-19,2026-08-19 20:00,2026-08-20 00:00,ppc_ru_MOW_sr_dsa_a-all_exp-diff-login,MOW,OFF,0
2026-08-19,2026-08-19 20:00,2026-08-20 00:00,ppc_ru_MOW_sr_gen_a-all_exp-diff-login,MOW,OFF,0
2026-08-19,2026-08-19 20:00,2026-08-20 00:00,ppc_ru_MOW_sr_s-auto_a-all_exp-diff-login,MOW,OFF,0
2026-08-19,2026-08-19 20:00,2026-08-20 00:00,ppc_ru_MOW_sr_s-auto_a-all_exp-diff-login_exp_travel-aud,MOW,OFF,0
2026-08-19,2026-08-19 20:00,2026-08-20 00:00,ppc_ru_OVB_sr_dsa_a-all_exp-diff-login,OVB,ON,1
2026-08-19,2026-08-19 20:00,2026-08-20 00:00,ppc_ru_OVB_sr_gen_a-all_exp-diff-login,OVB,ON,1
2026-08-19,2026-08-19 20:00,2026-08-20 00:00,ppc_ru_SVX_sr_dsa_a-all_exp-diff-login,ural,ON,1
2026-08-19,2026-08-19 20:00,2026-08-20 00:00,ppc_ru_SVX_sr_gen_a-all_exp-diff-login,ural,ON,1
2026-08-19,2026-08-19 20:00,2026-08-20 00:00,ppc_ru_TJM_sr_dsa_a-all_exp-diff-login,ural,ON,1
2026-08-19,2026-08-19 20:00,2026-08-20 00:00,ppc_ru_TJM_sr_gen_a-all_exp-diff-login,ural,ON,1
2026-08-19,2026-08-19 20:00,2026-08-20 00:00,ppc_ru_UFA_sr_dsa_a-all_exp-diff-login,UFA,ON,1
2026-08-19,2026-08-19 20:00,2026-08-20 00:00,ppc_ru_UFA_sr_gen_a-all_exp-diff-login,UFA,ON,1
2026-08-19,2026-08-19 20:00,2026-08-20 00:00,ppc_ru_centr_sr_dsa_a-all_exp-diff-login,centr,OFF,0
2026-08-19,2026-08-19 20:00,2026-08-20 00:00,ppc_ru_centr_sr_gen_a-all_exp-diff-login,centr,OFF,0
2026-08-19,2026-08-19 20:00,2026-08-20 00:00,ppc_ru_sibir_sr_dsa_a-all_exp-diff-login,sibir,OFF,0
2026-08-19,2026-08-19 20:00,2026-08-20 00:00,ppc_ru_sibir_sr_gen_a-all_exp-diff-login,sibir,OFF,0
2026-08-19,2026-08-19 20:00,2026-08-20 00:00,ppc_ru_ural_sr_dsa_a-all_exp-diff-login,ural,ON,1
2026-08-19,2026-08-19 20:00,2026-08-20 00:00,ppc_ru_ural_sr_gen_a-all_exp-diff-login,ural,ON,1
2026-08-19,2026-08-19 20:00,2026-08-20 00:00,ppc_ru_ural_sr_s-auto_a-all_exp-diff-login,ural,ON,1
2026-08-20,2026-08-20 00:00,2026-08-20 04:00,ppc_ru_IKT_sr_gen_a-all_exp-diff-login,sibir,ON,1
2026-08-20,2026-08-20 00:00,2026-08-20 04:00,ppc_ru_KJA_sr_dsa_a-all_exp-diff-login,KJA,ON,1
2026-08-20,2026-08-20 00:00,2026-08-20 04:00,ppc_ru_KJA_sr_gen_a-all_exp-diff-login,KJA,ON,1
2026-08-20,2026-08-20 00:00,2026-08-20 04:00,ppc_ru_KRR_sr_dsa_a-all_exp-diff-login,KRR,OFF,0
2026-08-20,2026-08-20 00:00,2026-08-20 04:00,ppc_ru_KRR_sr_gen_a-all_exp-diff-login,KRR,OFF,0
2026-08-20,2026-08-20 00:00,2026-08-20 04:00,ppc_ru_KRR_sr_s-auto_a-all_exp-diff-login,KRR,OFF,0
2026-08-20,2026-08-20 00:00,2026-08-20 04:00,ppc_ru_KVKZ_sr_gen_a-all_exp-diff-login,KVKZ,ON,1
2026-08-20,2026-08-20 00:00,2026-08-20 04:00,ppc_ru_KVKZ_sr_s-auto_a-all_exp-diff-login,KVKZ,ON,1
2026-08-20,2026-08-20 00:00,2026-08-20 04:00,ppc_ru_KZN_sr_gen_a-all_exp-diff-login,KZN,OFF,0
2026-08-20,2026-08-20 00:00,2026-08-20 04:00,ppc_ru_KZN_sr_s-auto_a-all_exp-diff-login,KZN,OFF,0
2026-08-20,2026-08-20 00:00,2026-08-20 04:00,ppc_ru_LED_sr_dsa_a-all_exp-diff-login,LED,OFF,0
2026-08-20,2026-08-20 00:00,2026-08-20 04:00,ppc_ru_LED_sr_gen_a-all_exp-diff-login,LED,OFF,0
2026-08-20,2026-08-20 00:00,2026-08-20 04:00,ppc_ru_LED_sr_s-auto_a-all_exp-diff-login,LED,OFF,0
2026-08-20,2026-08-20 00:00,2026-08-20 04:00,ppc_ru_MOW_sr_dsa_a-all_exp-diff-login,MOW,ON,1
2026-08-20,2026-08-20 00:00,2026-08-20 04:00,ppc_ru_MOW_sr_gen_a-all_exp-diff-login,MOW,ON,1
2026-08-20,2026-08-20 00:00,2026-08-20 04:00,ppc_ru_MOW_sr_s-auto_a-all_exp-diff-login,MOW,ON,1
2026-08-20,2026-08-20 00:00,2026-08-20 04:00,ppc_ru_MOW_sr_s-auto_a-all_exp-diff-login_exp_travel-aud,MOW,ON,1
2026-08-20,2026-08-20 00:00,2026-08-20 04:00,ppc_ru_OVB_sr_dsa_a-all_exp-diff-login,OVB,OFF,0
2026-08-20,2026-08-20 00:00,2026-08-20 04:00,ppc_ru_OVB_sr_gen_a-all_exp-diff-login,OVB,OFF,0
2026-08-20,2026-08-20 00:00,2026-08-20 04:00,ppc_ru_SVX_sr_dsa_a-all_exp-diff-login,ural,ON,1
2026-08-20,2026-08-20 00:00,2026-08-20 04:00,ppc_ru_SVX_sr_gen_a-all_exp-diff-login,ural,ON,1
2026-08-20,2026-08-20 00:00,2026-08-20 04:00,ppc_ru_TJM_sr_dsa_a-all_exp-diff-login,ural,ON,1
2026-08-20,2026-08-20 00:00,2026-08-20 04:00,ppc_ru_TJM_sr_gen_a-all_exp-diff-login,ural,ON,1
2026-08-20,2026-08-20 00:00,2026-08-20 04:00,ppc_ru_UFA_sr_dsa_a-all_exp-diff-login,UFA,OFF,0
2026-08-20,2026-08-20 00:00,2026-08-20 04:00,ppc_ru_UFA_sr_gen_a-all_exp-diff-login,UFA,OFF,0
2026-08-20,2026-08-20 00:00,2026-08-20 04:00,ppc_ru_centr_sr_dsa_a-all_exp-diff-login,centr,ON,1
2026-08-20,2026-08-20 00:00,2026-08-20 04:00,ppc_ru_centr_sr_gen_a-all_exp-diff-login,centr,ON,1
2026-08-20,2026-08-20 00:00,2026-08-20 04:00,ppc_ru_sibir_sr_dsa_a-all_exp-diff-login,sibir,ON,1
2026-08-20,2026-08-20 00:00,2026-08-20 04:00,ppc_ru_sibir_sr_gen_a-all_exp-diff-login,sibir,ON,1
2026-08-20,2026-08-20 00:00,2026-08-20 04:00,ppc_ru_ural_sr_dsa_a-all_exp-diff-login,ural,ON,1
2026-08-20,2026-08-20 00:00,2026-08-20 04:00,ppc_ru_ural_sr_gen_a-all_exp-diff-login,ural,ON,1
2026-08-20,2026-08-20 00:00,2026-08-20 04:00,ppc_ru_ural_sr_s-auto_a-all_exp-diff-login,ural,ON,1
2026-08-20,2026-08-20 04:00,2026-08-20 08:00,ppc_ru_IKT_sr_gen_a-all_exp-diff-login,sibir,OFF,0
2026-08-20,2026-08-20 04:00,2026-08-20 08:00,ppc_ru_KJA_sr_dsa_a-all_exp-diff-login,KJA,OFF,0
2026-08-20,2026-08-20 04:00,2026-08-20 08:00,ppc_ru_KJA_sr_gen_a-all_exp-diff-login,KJA,OFF,0
2026-08-20,2026-08-20 04:00,2026-08-20 08:00,ppc_ru_KRR_sr_dsa_a-all_exp-diff-login,KRR,ON,1
2026-08-20,2026-08-20 04:00,2026-08-20 08:00,ppc_ru_KRR_sr_gen_a-all_exp-diff-login,KRR,ON,1
2026-08-20,2026-08-20 04:00,2026-08-20 08:00,ppc_ru_KRR_sr_s-auto_a-all_exp-diff-login,KRR,ON,1
2026-08-20,2026-08-20 04:00,2026-08-20 08:00,ppc_ru_KVKZ_sr_gen_a-all_exp-diff-login,KVKZ,OFF,0
2026-08-20,2026-08-20 04:00,2026-08-20 08:00,ppc_ru_KVKZ_sr_s-auto_a-all_exp-diff-login,KVKZ,OFF,0
2026-08-20,2026-08-20 04:00,2026-08-20 08:00,ppc_ru_KZN_sr_gen_a-all_exp-diff-login,KZN,ON,1
2026-08-20,2026-08-20 04:00,2026-08-20 08:00,ppc_ru_KZN_sr_s-auto_a-all_exp-diff-login,KZN,ON,1
2026-08-20,2026-08-20 04:00,2026-08-20 08:00,ppc_ru_LED_sr_dsa_a-all_exp-diff-login,LED,ON,1
2026-08-20,2026-08-20 04:00,2026-08-20 08:00,ppc_ru_LED_sr_gen_a-all_exp-diff-login,LED,ON,1
2026-08-20,2026-08-20 04:00,2026-08-20 08:00,ppc_ru_LED_sr_s-auto_a-all_exp-diff-login,LED,ON,1
2026-08-20,2026-08-20 04:00,2026-08-20 08:00,ppc_ru_MOW_sr_dsa_a-all_exp-diff-login,MOW,OFF,0
2026-08-20,2026-08-20 04:00,2026-08-20 08:00,ppc_ru_MOW_sr_gen_a-all_exp-diff-login,MOW,OFF,0
2026-08-20,2026-08-20 04:00,2026-08-20 08:00,ppc_ru_MOW_sr_s-auto_a-all_exp-diff-login,MOW,OFF,0
2026-08-20,2026-08-20 04:00,2026-08-20 08:00,ppc_ru_MOW_sr_s-auto_a-all_exp-diff-login_exp_travel-aud,MOW,OFF,0
2026-08-20,2026-08-20 04:00,2026-08-20 08:00,ppc_ru_OVB_sr_dsa_a-all_exp-diff-login,OVB,OFF,0
2026-08-20,2026-08-20 04:00,2026-08-20 08:00,ppc_ru_OVB_sr_gen_a-all_exp-diff-login,OVB,OFF,0
2026-08-20,2026-08-20 04:00,2026-08-20 08:00,ppc_ru_SVX_sr_dsa_a-all_exp-diff-login,ural,OFF,0
2026-08-20,2026-08-20 04:00,2026-08-20 08:00,ppc_ru_SVX_sr_gen_a-all_exp-diff-login,ural,OFF,0
2026-08-20,2026-08-20 04:00,2026-08-20 08:00,ppc_ru_TJM_sr_dsa_a-all_exp-diff-login,ural,OFF,0
2026-08-20,2026-08-20 04:00,2026-08-20 08:00,ppc_ru_TJM_sr_gen_a-all_exp-diff-login,ural,OFF,0
2026-08-20,2026-08-20 04:00,2026-08-20 08:00,ppc_ru_UFA_sr_dsa_a-all_exp-diff-login,UFA,OFF,0
2026-08-20,2026-08-20 04:00,2026-08-20 08:00,ppc_ru_UFA_sr_gen_a-all_exp-diff-login,UFA,OFF,0
2026-08-20,2026-08-20 04:00,2026-08-20 08:00,ppc_ru_centr_sr_dsa_a-all_exp-diff-login,centr,ON,1
2026-08-20,2026-08-20 04:00,2026-08-20 08:00,ppc_ru_centr_sr_gen_a-all_exp-diff-login,centr,ON,1
2026-08-20,2026-08-20 04:00,2026-08-20 08:00,ppc_ru_sibir_sr_dsa_a-all_exp-diff-login,sibir,OFF,0
2026-08-20,2026-08-20 04:00,2026-08-20 08:00,ppc_ru_sibir_sr_gen_a-all_exp-diff-login,sibir,OFF,0
2026-08-20,2026-08-20 04:00,2026-08-20 08:00,ppc_ru_ural_sr_dsa_a-all_exp-diff-login,ural,OFF,0
2026-08-20,2026-08-20 04:00,2026-08-20 08:00,ppc_ru_ural_sr_gen_a-all_exp-diff-login,ural,OFF,0
2026-08-20,2026-08-20 04:00,2026-08-20 08:00,ppc_ru_ural_sr_s-auto_a-all_exp-diff-login,ural,OFF,0
2026-08-20,2026-08-20 08:00,2026-08-20 12:00,ppc_ru_IKT_sr_gen_a-all_exp-diff-login,sibir,OFF,0
2026-08-20,2026-08-20 08:00,2026-08-20 12:00,ppc_ru_KJA_sr_dsa_a-all_exp-diff-login,KJA,OFF,0
2026-08-20,2026-08-20 08:00,2026-08-20 12:00,ppc_ru_KJA_sr_gen_a-all_exp-diff-login,KJA,OFF,0
2026-08-20,2026-08-20 08:00,2026-08-20 12:00,ppc_ru_KRR_sr_dsa_a-all_exp-diff-login,KRR,OFF,0
2026-08-20,2026-08-20 08:00,2026-08-20 12:00,ppc_ru_KRR_sr_gen_a-all_exp-diff-login,KRR,OFF,0
2026-08-20,2026-08-20 08:00,2026-08-20 12:00,ppc_ru_KRR_sr_s-auto_a-all_exp-diff-login,KRR,OFF,0
2026-08-20,2026-08-20 08:00,2026-08-20 12:00,ppc_ru_KVKZ_sr_gen_a-all_exp-diff-login,KVKZ,OFF,0
2026-08-20,2026-08-20 08:00,2026-08-20 12:00,ppc_ru_KVKZ_sr_s-auto_a-all_exp-diff-login,KVKZ,OFF,0
2026-08-20,2026-08-20 08:00,2026-08-20 12:00,ppc_ru_KZN_sr_gen_a-all_exp-diff-login,KZN,ON,1
2026-08-20,2026-08-20 08:00,2026-08-20 12:00,ppc_ru_KZN_sr_s-auto_a-all_exp-diff-login,KZN,ON,1
2026-08-20,2026-08-20 08:00,2026-08-20 12:00,ppc_ru_LED_sr_dsa_a-all_exp-diff-login,LED,OFF,0
2026-08-20,2026-08-20 08:00,2026-08-20 12:00,ppc_ru_LED_sr_gen_a-all_exp-diff-login,LED,OFF,0
2026-08-20,2026-08-20 08:00,2026-08-20 12:00,ppc_ru_LED_sr_s-auto_a-all_exp-diff-login,LED,OFF,0
2026-08-20,2026-08-20 08:00,2026-08-20 12:00,ppc_ru_MOW_sr_dsa_a-all_exp-diff-login,MOW,OFF,0
2026-08-20,2026-08-20 08:00,2026-08-20 12:00,ppc_ru_MOW_sr_gen_a-all_exp-diff-login,MOW,OFF,0
2026-08-20,2026-08-20 08:00,2026-08-20 12:00,ppc_ru_MOW_sr_s-auto_a-all_exp-diff-login,MOW,OFF,0
2026-08-20,2026-08-20 08:00,2026-08-20 12:00,ppc_ru_MOW_sr_s-auto_a-all_exp-diff-login_exp_travel-aud,MOW,OFF,0
2026-08-20,2026-08-20 08:00,2026-08-20 12:00,ppc_ru_OVB_sr_dsa_a-all_exp-diff-login,OVB,ON,1
2026-08-20,2026-08-20 08:00,2026-08-20 12:00,ppc_ru_OVB_sr_gen_a-all_exp-diff-login,OVB,ON,1
2026-08-20,2026-08-20 08:00,2026-08-20 12:00,ppc_ru_SVX_sr_dsa_a-all_exp-diff-login,ural,ON,1
2026-08-20,2026-08-20 08:00,2026-08-20 12:00,ppc_ru_SVX_sr_gen_a-all_exp-diff-login,ural,ON,1
2026-08-20,2026-08-20 08:00,2026-08-20 12:00,ppc_ru_TJM_sr_dsa_a-all_exp-diff-login,ural,ON,1
2026-08-20,2026-08-20 08:00,2026-08-20 12:00,ppc_ru_TJM_sr_gen_a-all_exp-diff-login,ural,ON,1
2026-08-20,2026-08-20 08:00,2026-08-20 12:00,ppc_ru_UFA_sr_dsa_a-all_exp-diff-login,UFA,ON,1
2026-08-20,2026-08-20 08:00,2026-08-20 12:00,ppc_ru_UFA_sr_gen_a-all_exp-diff-login,UFA,ON,1
2026-08-20,2026-08-20 08:00,2026-08-20 12:00,ppc_ru_centr_sr_dsa_a-all_exp-diff-login,centr,OFF,0
2026-08-20,2026-08-20 08:00,2026-08-20 12:00,ppc_ru_centr_sr_gen_a-all_exp-diff-login,centr,OFF,0
2026-08-20,2026-08-20 08:00,2026-08-20 12:00,ppc_ru_sibir_sr_dsa_a-all_exp-diff-login,sibir,OFF,0
2026-08-20,2026-08-20 08:00,2026-08-20 12:00,ppc_ru_sibir_sr_gen_a-all_exp-diff-login,sibir,OFF,0
2026-08-20,2026-08-20 08:00,2026-08-20 12:00,ppc_ru_ural_sr_dsa_a-all_exp-diff-login,ural,ON,1
2026-08-20,2026-08-20 08:00,2026-08-20 12:00,ppc_ru_ural_sr_gen_a-all_exp-diff-login,ural,ON,1
2026-08-20,2026-08-20 08:00,2026-08-20 12:00,ppc_ru_ural_sr_s-auto_a-all_exp-diff-login,ural,ON,1
2026-08-20,2026-08-20 12:00,2026-08-20 16:00,ppc_ru_IKT_sr_gen_a-all_exp-diff-login,sibir,ON,1
2026-08-20,2026-08-20 12:00,2026-08-20 16:00,ppc_ru_KJA_sr_dsa_a-all_exp-diff-login,KJA,OFF,0
2026-08-20,2026-08-20 12:00,2026-08-20 16:00,ppc_ru_KJA_sr_gen_a-all_exp-diff-login,KJA,OFF,0
2026-08-20,2026-08-20 12:00,2026-08-20 16:00,ppc_ru_KRR_sr_dsa_a-all_exp-diff-login,KRR,ON,1
2026-08-20,2026-08-20 12:00,2026-08-20 16:00,ppc_ru_KRR_sr_gen_a-all_exp-diff-login,KRR,ON,1
2026-08-20,2026-08-20 12:00,2026-08-20 16:00,ppc_ru_KRR_sr_s-auto_a-all_exp-diff-login,KRR,ON,1
2026-08-20,2026-08-20 12:00,2026-08-20 16:00,ppc_ru_KVKZ_sr_gen_a-all_exp-diff-login,KVKZ,ON,1
2026-08-20,2026-08-20 12:00,2026-08-20 16:00,ppc_ru_KVKZ_sr_s-auto_a-all_exp-diff-login,KVKZ,ON,1
2026-08-20,2026-08-20 12:00,2026-08-20 16:00,ppc_ru_KZN_sr_gen_a-all_exp-diff-login,KZN,ON,1
2026-08-20,2026-08-20 12:00,2026-08-20 16:00,ppc_ru_KZN_sr_s-auto_a-all_exp-diff-login,KZN,ON,1
2026-08-20,2026-08-20 12:00,2026-08-20 16:00,ppc_ru_LED_sr_dsa_a-all_exp-diff-login,LED,OFF,0
2026-08-20,2026-08-20 12:00,2026-08-20 16:00,ppc_ru_LED_sr_gen_a-all_exp-diff-login,LED,OFF,0
2026-08-20,2026-08-20 12:00,2026-08-20 16:00,ppc_ru_LED_sr_s-auto_a-all_exp-diff-login,LED,OFF,0
2026-08-20,2026-08-20 12:00,2026-08-20 16:00,ppc_ru_MOW_sr_dsa_a-all_exp-diff-login,MOW,ON,1
2026-08-20,2026-08-20 12:00,2026-08-20 16:00,ppc_ru_MOW_sr_gen_a-all_exp-diff-login,MOW,ON,1
2026-08-20,2026-08-20 12:00,2026-08-20 16:00,ppc_ru_MOW_sr_s-auto_a-all_exp-diff-login,MOW,ON,1
2026-08-20,2026-08-20 12:00,2026-08-20 16:00,ppc_ru_MOW_sr_s-auto_a-all_exp-diff-login_exp_travel-aud,MOW,ON,1
2026-08-20,2026-08-20 12:00,2026-08-20 16:00,ppc_ru_OVB_sr_dsa_a-all_exp-diff-login,OVB,ON,1
2026-08-20,2026-08-20 12:00,2026-08-20 16:00,ppc_ru_OVB_sr_gen_a-all_exp-diff-login,OVB,ON,1
2026-08-20,2026-08-20 12:00,2026-08-20 16:00,ppc_ru_SVX_sr_dsa_a-all_exp-diff-login,ural,ON,1
2026-08-20,2026-08-20 12:00,2026-08-20 16:00,ppc_ru_SVX_sr_gen_a-all_exp-diff-login,ural,ON,1
2026-08-20,2026-08-20 12:00,2026-08-20 16:00,ppc_ru_TJM_sr_dsa_a-all_exp-diff-login,ural,ON,1
2026-08-20,2026-08-20 12:00,2026-08-20 16:00,ppc_ru_TJM_sr_gen_a-all_exp-diff-login,ural,ON,1
2026-08-20,2026-08-20 12:00,2026-08-20 16:00,ppc_ru_UFA_sr_dsa_a-all_exp-diff-login,UFA,ON,1
2026-08-20,2026-08-20 12:00,2026-08-20 16:00,ppc_ru_UFA_sr_gen_a-all_exp-diff-login,UFA,ON,1
2026-08-20,2026-08-20 12:00,2026-08-20 16:00,ppc_ru_centr_sr_dsa_a-all_exp-diff-login,centr,ON,1
2026-08-20,2026-08-20 12:00,2026-08-20 16:00,ppc_ru_centr_sr_gen_a-all_exp-diff-login,centr,ON,1
2026-08-20,2026-08-20 12:00,2026-08-20 16:00,ppc_ru_sibir_sr_dsa_a-all_exp-diff-login,sibir,ON,1
2026-08-20,2026-08-20 12:00,2026-08-20 16:00,ppc_ru_sibir_sr_gen_a-all_exp-diff-login,sibir,ON,1
2026-08-20,2026-08-20 12:00,2026-08-20 16:00,ppc_ru_ural_sr_dsa_a-all_exp-diff-login,ural,ON,1
2026-08-20,2026-08-20 12:00,2026-08-20 16:00,ppc_ru_ural_sr_gen_a-all_exp-diff-login,ural,ON,1
2026-08-20,2026-08-20 12:00,2026-08-20 16:00,ppc_ru_ural_sr_s-auto_a-all_exp-diff-login,ural,ON,1
2026-08-20,2026-08-20 16:00,2026-08-20 20:00,ppc_ru_IKT_sr_gen_a-all_exp-diff-login,sibir,ON,1
2026-08-20,2026-08-20 16:00,2026-08-20 20:00,ppc_ru_KJA_sr_dsa_a-all_exp-diff-login,KJA,ON,1
2026-08-20,2026-08-20 16:00,2026-08-20 20:00,ppc_ru_KJA_sr_gen_a-all_exp-diff-login,KJA,ON,1
2026-08-20,2026-08-20 16:00,2026-08-20 20:00,ppc_ru_KRR_sr_dsa_a-all_exp-diff-login,KRR,OFF,0
2026-08-20,2026-08-20 16:00,2026-08-20 20:00,ppc_ru_KRR_sr_gen_a-all_exp-diff-login,KRR,OFF,0
2026-08-20,2026-08-20 16:00,2026-08-20 20:00,ppc_ru_KRR_sr_s-auto_a-all_exp-diff-login,KRR,OFF,0
2026-08-20,2026-08-20 16:00,2026-08-20 20:00,ppc_ru_KVKZ_sr_gen_a-all_exp-diff-login,KVKZ,OFF,0
2026-08-20,2026-08-20 16:00,2026-08-20 20:00,ppc_ru_KVKZ_sr_s-auto_a-all_exp-diff-login,KVKZ,OFF,0
2026-08-20,2026-08-20 16:00,2026-08-20 20:00,ppc_ru_KZN_sr_gen_a-all_exp-diff-login,KZN,OFF,0
2026-08-20,2026-08-20 16:00,2026-08-20 20:00,ppc_ru_KZN_sr_s-auto_a-all_exp-diff-login,KZN,OFF,0
2026-08-20,2026-08-20 16:00,2026-08-20 20:00,ppc_ru_LED_sr_dsa_a-all_exp-diff-login,LED,ON,1
2026-08-20,2026-08-20 16:00,2026-08-20 20:00,ppc_ru_LED_sr_gen_a-all_exp-diff-login,LED,ON,1
2026-08-20,2026-08-20 16:00,2026-08-20 20:00,ppc_ru_LED_sr_s-auto_a-all_exp-diff-login,LED,ON,1
2026-08-20,2026-08-20 16:00,2026-08-20 20:00,ppc_ru_MOW_sr_dsa_a-all_exp-diff-login,MOW,ON,1
2026-08-20,2026-08-20 16:00,2026-08-20 20:00,ppc_ru_MOW_sr_gen_a-all_exp-diff-login,MOW,ON,1
2026-08-20,2026-08-20 16:00,2026-08-20 20:00,ppc_ru_MOW_sr_s-auto_a-all_exp-diff-login,MOW,ON,1
2026-08-20,2026-08-20 16:00,2026-08-20 20:00,ppc_ru_MOW_sr_s-auto_a-all_exp-diff-login_exp_travel-aud,MOW,ON,1
2026-08-20,2026-08-20 16:00,2026-08-20 20:00,ppc_ru_OVB_sr_dsa_a-all_exp-diff-login,OVB,ON,1
2026-08-20,2026-08-20 16:00,2026-08-20 20:00,ppc_ru_OVB_sr_gen_a-all_exp-diff-login,OVB,ON,1
2026-08-20,2026-08-20 16:00,2026-08-20 20:00,ppc_ru_SVX_sr_dsa_a-all_exp-diff-login,ural,OFF,0
2026-08-20,2026-08-20 16:00,2026-08-20 20:00,ppc_ru_SVX_sr_gen_a-all_exp-diff-login,ural,OFF,0
2026-08-20,2026-08-20 16:00,2026-08-20 20:00,ppc_ru_TJM_sr_dsa_a-all_exp-diff-login,ural,OFF,0
2026-08-20,2026-08-20 16:00,2026-08-20 20:00,ppc_ru_TJM_sr_gen_a-all_exp-diff-login,ural,OFF,0
2026-08-20,2026-08-20 16:00,2026-08-20 20:00,ppc_ru_UFA_sr_dsa_a-all_exp-diff-login,UFA,ON,1
2026-08-20,2026-08-20 16:00,2026-08-20 20:00,ppc_ru_UFA_sr_gen_a-all_exp-diff-login,UFA,ON,1
2026-08-20,2026-08-20 16:00,2026-08-20 20:00,ppc_ru_centr_sr_dsa_a-all_exp-diff-login,centr,OFF,0
2026-08-20,2026-08-20 16:00,2026-08-20 20:00,ppc_ru_centr_sr_gen_a-all_exp-diff-login,centr,OFF,0
2026-08-20,2026-08-20 16:00,2026-08-20 20:00,ppc_ru_sibir_sr_dsa_a-all_exp-diff-login,sibir,ON,1
2026-08-20,2026-08-20 16:00,2026-08-20 20:00,ppc_ru_sibir_sr_gen_a-all_exp-diff-login,sibir,ON,1
2026-08-20,2026-08-20 16:00,2026-08-20 20:00,ppc_ru_ural_sr_dsa_a-all_exp-diff-login,ural,OFF,0
2026-08-20,2026-08-20 16:00,2026-08-20 20:00,ppc_ru_ural_sr_gen_a-all_exp-diff-login,ural,OFF,0
2026-08-20,2026-08-20 16:00,2026-08-20 20:00,ppc_ru_ural_sr_s-auto_a-all_exp-diff-login,ural,OFF,0
2026-08-20,2026-08-20 20:00,2026-08-21 00:00,ppc_ru_IKT_sr_gen_a-all_exp-diff-login,sibir,OFF,0
2026-08-20,2026-08-20 20:00,2026-08-21 00:00,ppc_ru_KJA_sr_dsa_a-all_exp-diff-login,KJA,ON,1
2026-08-20,2026-08-20 20:00,2026-08-21 00:00,ppc_ru_KJA_sr_gen_a-all_exp-diff-login,KJA,ON,1
2026-08-20,2026-08-20 20:00,2026-08-21 00:00,ppc_ru_KRR_sr_dsa_a-all_exp-diff-login,KRR,ON,1
2026-08-20,2026-08-20 20:00,2026-08-21 00:00,ppc_ru_KRR_sr_gen_a-all_exp-diff-login,KRR,ON,1
2026-08-20,2026-08-20 20:00,2026-08-21 00:00,ppc_ru_KRR_sr_s-auto_a-all_exp-diff-login,KRR,ON,1
2026-08-20,2026-08-20 20:00,2026-08-21 00:00,ppc_ru_KVKZ_sr_gen_a-all_exp-diff-login,KVKZ,ON,1
2026-08-20,2026-08-20 20:00,2026-08-21 00:00,ppc_ru_KVKZ_sr_s-auto_a-all_exp-diff-login,KVKZ,ON,1
2026-08-20,2026-08-20 20:00,2026-08-21 00:00,ppc_ru_KZN_sr_gen_a-all_exp-diff-login,KZN,OFF,0
2026-08-20,2026-08-20 20:00,2026-08-21 00:00,ppc_ru_KZN_sr_s-auto_a-all_exp-diff-login,KZN,OFF,0
2026-08-20,2026-08-20 20:00,2026-08-21 00:00,ppc_ru_LED_sr_dsa_a-all_exp-diff-login,LED,ON,1
2026-08-20,2026-08-20 20:00,2026-08-21 00:00,ppc_ru_LED_sr_gen_a-all_exp-diff-login,LED,ON,1
2026-08-20,2026-08-20 20:00,2026-08-21 00:00,ppc_ru_LED_sr_s-auto_a-all_exp-diff-login,LED,ON,1
2026-08-20,2026-08-20 20:00,2026-08-21 00:00,ppc_ru_MOW_sr_dsa_a-all_exp-diff-login,MOW,OFF,0
2026-08-20,2026-08-20 20:00,2026-08-21 00:00,ppc_ru_MOW_sr_gen_a-all_exp-diff-login,MOW,OFF,0
2026-08-20,2026-08-20 20:00,2026-08-21 00:00,ppc_ru_MOW_sr_s-auto_a-all_exp-diff-login,MOW,OFF,0
2026-08-20,2026-08-20 20:00,2026-08-21 00:00,ppc_ru_MOW_sr_s-auto_a-all_exp-diff-login_exp_travel-aud,MOW,OFF,0
2026-08-20,2026-08-20 20:00,2026-08-21 00:00,ppc_ru_OVB_sr_dsa_a-all_exp-diff-login,OVB,OFF,0
2026-08-20,2026-08-20 20:00,2026-08-21 00:00,ppc_ru_OVB_sr_gen_a-all_exp-diff-login,OVB,OFF,0
2026-08-20,2026-08-20 20:00,2026-08-21 00:00,ppc_ru_SVX_sr_dsa_a-all_exp-diff-login,ural,OFF,0
2026-08-20,2026-08-20 20:00,2026-08-21 00:00,ppc_ru_SVX_sr_gen_a-all_exp-diff-login,ural,OFF,0
2026-08-20,2026-08-20 20:00,2026-08-21 00:00,ppc_ru_TJM_sr_dsa_a-all_exp-diff-login,ural,OFF,0
2026-08-20,2026-08-20 20:00,2026-08-21 00:00,ppc_ru_TJM_sr_gen_a-all_exp-diff-login,ural,OFF,0
2026-08-20,2026-08-20 20:00,2026-08-21 00:00,ppc_ru_UFA_sr_dsa_a-all_exp-diff-login,UFA,OFF,0
2026-08-20,2026-08-20 20:00,2026-08-21 00:00,ppc_ru_UFA_sr_gen_a-all_exp-diff-login,UFA,OFF,0
2026-08-20,2026-08-20 20:00,2026-08-21 00:00,ppc_ru_centr_sr_dsa_a-all_exp-diff-login,centr,OFF,0
2026-08-20,2026-08-20 20:00,2026-08-21 00:00,ppc_ru_centr_sr_gen_a-all_exp-diff-login,centr,OFF,0
2026-08-20,2026-08-20 20:00,2026-08-21 00:00,ppc_ru_sibir_sr_dsa_a-all_exp-diff-login,sibir,OFF,0
2026-08-20,2026-08-20 20:00,2026-08-21 00:00,ppc_ru_sibir_sr_gen_a-all_exp-diff-login,sibir,OFF,0
2026-08-20,2026-08-20 20:00,2026-08-21 00:00,ppc_ru_ural_sr_dsa_a-all_exp-diff-login,ural,OFF,0
2026-08-20,2026-08-20 20:00,2026-08-21 00:00,ppc_ru_ural_sr_gen_a-all_exp-diff-login,ural,OFF,0
2026-08-20,2026-08-20 20:00,2026-08-21 00:00,ppc_ru_ural_sr_s-auto_a-all_exp-diff-login,ural,OFF,0
2026-08-21,2026-08-21 00:00,2026-08-21 04:00,ppc_ru_IKT_sr_gen_a-all_exp-diff-login,sibir,OFF,0
2026-08-21,2026-08-21 00:00,2026-08-21 04:00,ppc_ru_KJA_sr_dsa_a-all_exp-diff-login,KJA,ON,1
2026-08-21,2026-08-21 00:00,2026-08-21 04:00,ppc_ru_KJA_sr_gen_a-all_exp-diff-login,KJA,ON,1
2026-08-21,2026-08-21 00:00,2026-08-21 04:00,ppc_ru_KRR_sr_dsa_a-all_exp-diff-login,KRR,ON,1
2026-08-21,2026-08-21 00:00,2026-08-21 04:00,ppc_ru_KRR_sr_gen_a-all_exp-diff-login,KRR,ON,1
2026-08-21,2026-08-21 00:00,2026-08-21 04:00,ppc_ru_KRR_sr_s-auto_a-all_exp-diff-login,KRR,ON,1
2026-08-21,2026-08-21 00:00,2026-08-21 04:00,ppc_ru_KVKZ_sr_gen_a-all_exp-diff-login,KVKZ,OFF,0
2026-08-21,2026-08-21 00:00,2026-08-21 04:00,ppc_ru_KVKZ_sr_s-auto_a-all_exp-diff-login,KVKZ,OFF,0
2026-08-21,2026-08-21 00:00,2026-08-21 04:00,ppc_ru_KZN_sr_gen_a-all_exp-diff-login,KZN,OFF,0
2026-08-21,2026-08-21 00:00,2026-08-21 04:00,ppc_ru_KZN_sr_s-auto_a-all_exp-diff-login,KZN,OFF,0
2026-08-21,2026-08-21 00:00,2026-08-21 04:00,ppc_ru_LED_sr_dsa_a-all_exp-diff-login,LED,OFF,0
2026-08-21,2026-08-21 00:00,2026-08-21 04:00,ppc_ru_LED_sr_gen_a-all_exp-diff-login,LED,OFF,0
2026-08-21,2026-08-21 00:00,2026-08-21 04:00,ppc_ru_LED_sr_s-auto_a-all_exp-diff-login,LED,OFF,0
2026-08-21,2026-08-21 00:00,2026-08-21 04:00,ppc_ru_MOW_sr_dsa_a-all_exp-diff-login,MOW,ON,1
2026-08-21,2026-08-21 00:00,2026-08-21 04:00,ppc_ru_MOW_sr_gen_a-all_exp-diff-login,MOW,ON,1
2026-08-21,2026-08-21 00:00,2026-08-21 04:00,ppc_ru_MOW_sr_s-auto_a-all_exp-diff-login,MOW,ON,1
2026-08-21,2026-08-21 00:00,2026-08-21 04:00,ppc_ru_MOW_sr_s-auto_a-all_exp-diff-login_exp_travel-aud,MOW,ON,1
2026-08-21,2026-08-21 00:00,2026-08-21 04:00,ppc_ru_OVB_sr_dsa_a-all_exp-diff-login,OVB,ON,1
2026-08-21,2026-08-21 00:00,2026-08-21 04:00,ppc_ru_OVB_sr_gen_a-all_exp-diff-login,OVB,ON,1
2026-08-21,2026-08-21 00:00,2026-08-21 04:00,ppc_ru_SVX_sr_dsa_a-all_exp-diff-login,ural,OFF,0
2026-08-21,2026-08-21 00:00,2026-08-21 04:00,ppc_ru_SVX_sr_gen_a-all_exp-diff-login,ural,OFF,0
2026-08-21,2026-08-21 00:00,2026-08-21 04:00,ppc_ru_TJM_sr_dsa_a-all_exp-diff-login,ural,OFF,0
2026-08-21,2026-08-21 00:00,2026-08-21 04:00,ppc_ru_TJM_sr_gen_a-all_exp-diff-login,ural,OFF,0
2026-08-21,2026-08-21 00:00,2026-08-21 04:00,ppc_ru_UFA_sr_dsa_a-all_exp-diff-login,UFA,ON,1
2026-08-21,2026-08-21 00:00,2026-08-21 04:00,ppc_ru_UFA_sr_gen_a-all_exp-diff-login,UFA,ON,1
2026-08-21,2026-08-21 00:00,2026-08-21 04:00,ppc_ru_centr_sr_dsa_a-all_exp-diff-login,centr,ON,1
2026-08-21,2026-08-21 00:00,2026-08-21 04:00,ppc_ru_centr_sr_gen_a-all_exp-diff-login,centr,ON,1
2026-08-21,2026-08-21 00:00,2026-08-21 04:00,ppc_ru_sibir_sr_dsa_a-all_exp-diff-login,sibir,OFF,0
2026-08-21,2026-08-21 00:00,2026-08-21 04:00,ppc_ru_sibir_sr_gen_a-all_exp-diff-login,sibir,OFF,0
2026-08-21,2026-08-21 00:00,2026-08-21 04:00,ppc_ru_ural_sr_dsa_a-all_exp-diff-login,ural,OFF,0
2026-08-21,2026-08-21 00:00,2026-08-21 04:00,ppc_ru_ural_sr_gen_a-all_exp-diff-login,ural,OFF,0
2026-08-21,2026-08-21 00:00,2026-08-21 04:00,ppc_ru_ural_sr_s-auto_a-all_exp-diff-login,ural,OFF,0
2026-08-21,2026-08-21 04:00,2026-08-21 08:00,ppc_ru_IKT_sr_gen_a-all_exp-diff-login,sibir,OFF,0
2026-08-21,2026-08-21 04:00,2026-08-21 08:00,ppc_ru_KJA_sr_dsa_a-all_exp-diff-login,KJA,ON,1
2026-08-21,2026-08-21 04:00,2026-08-21 08:00,ppc_ru_KJA_sr_gen_a-all_exp-diff-login,KJA,ON,1
2026-08-21,2026-08-21 04:00,2026-08-21 08:00,ppc_ru_KRR_sr_dsa_a-all_exp-diff-login,KRR,OFF,0
2026-08-21,2026-08-21 04:00,2026-08-21 08:00,ppc_ru_KRR_sr_gen_a-all_exp-diff-login,KRR,OFF,0
2026-08-21,2026-08-21 04:00,2026-08-21 08:00,ppc_ru_KRR_sr_s-auto_a-all_exp-diff-login,KRR,OFF,0
2026-08-21,2026-08-21 04:00,2026-08-21 08:00,ppc_ru_KVKZ_sr_gen_a-all_exp-diff-login,KVKZ,ON,1
2026-08-21,2026-08-21 04:00,2026-08-21 08:00,ppc_ru_KVKZ_sr_s-auto_a-all_exp-diff-login,KVKZ,ON,1
2026-08-21,2026-08-21 04:00,2026-08-21 08:00,ppc_ru_KZN_sr_gen_a-all_exp-diff-login,KZN,ON,1
2026-08-21,2026-08-21 04:00,2026-08-21 08:00,ppc_ru_KZN_sr_s-auto_a-all_exp-diff-login,KZN,ON,1
2026-08-21,2026-08-21 04:00,2026-08-21 08:00,ppc_ru_LED_sr_dsa_a-all_exp-diff-login,LED,ON,1
2026-08-21,2026-08-21 04:00,2026-08-21 08:00,ppc_ru_LED_sr_gen_a-all_exp-diff-login,LED,ON,1
2026-08-21,2026-08-21 04:00,2026-08-21 08:00,ppc_ru_LED_sr_s-auto_a-all_exp-diff-login,LED,ON,1
2026-08-21,2026-08-21 04:00,2026-08-21 08:00,ppc_ru_MOW_sr_dsa_a-all_exp-diff-login,MOW,ON,1
2026-08-21,2026-08-21 04:00,2026-08-21 08:00,ppc_ru_MOW_sr_gen_a-all_exp-diff-login,MOW,ON,1
2026-08-21,2026-08-21 04:00,2026-08-21 08:00,ppc_ru_MOW_sr_s-auto_a-all_exp-diff-login,MOW,ON,1
2026-08-21,2026-08-21 04:00,2026-08-21 08:00,ppc_ru_MOW_sr_s-auto_a-all_exp-diff-login_exp_travel-aud,MOW,ON,1
2026-08-21,2026-08-21 04:00,2026-08-21 08:00,ppc_ru_OVB_sr_dsa_a-all_exp-diff-login,OVB,OFF,0
2026-08-21,2026-08-21 04:00,2026-08-21 08:00,ppc_ru_OVB_sr_gen_a-all_exp-diff-login,OVB,OFF,0
2026-08-21,2026-08-21 04:00,2026-08-21 08:00,ppc_ru_SVX_sr_dsa_a-all_exp-diff-login,ural,ON,1
2026-08-21,2026-08-21 04:00,2026-08-21 08:00,ppc_ru_SVX_sr_gen_a-all_exp-diff-login,ural,ON,1
2026-08-21,2026-08-21 04:00,2026-08-21 08:00,ppc_ru_TJM_sr_dsa_a-all_exp-diff-login,ural,ON,1
2026-08-21,2026-08-21 04:00,2026-08-21 08:00,ppc_ru_TJM_sr_gen_a-all_exp-diff-login,ural,ON,1
2026-08-21,2026-08-21 04:00,2026-08-21 08:00,ppc_ru_UFA_sr_dsa_a-all_exp-diff-login,UFA,OFF,0
2026-08-21,2026-08-21 04:00,2026-08-21 08:00,ppc_ru_UFA_sr_gen_a-all_exp-diff-login,UFA,OFF,0
2026-08-21,2026-08-21 04:00,2026-08-21 08:00,ppc_ru_centr_sr_dsa_a-all_exp-diff-login,centr,ON,1
2026-08-21,2026-08-21 04:00,2026-08-21 08:00,ppc_ru_centr_sr_gen_a-all_exp-diff-login,centr,ON,1
2026-08-21,2026-08-21 04:00,2026-08-21 08:00,ppc_ru_sibir_sr_dsa_a-all_exp-diff-login,sibir,OFF,0
2026-08-21,2026-08-21 04:00,2026-08-21 08:00,ppc_ru_sibir_sr_gen_a-all_exp-diff-login,sibir,OFF,0
2026-08-21,2026-08-21 04:00,2026-08-21 08:00,ppc_ru_ural_sr_dsa_a-all_exp-diff-login,ural,ON,1
2026-08-21,2026-08-21 04:00,2026-08-21 08:00,ppc_ru_ural_sr_gen_a-all_exp-diff-login,ural,ON,1
2026-08-21,2026-08-21 04:00,2026-08-21 08:00,ppc_ru_ural_sr_s-auto_a-all_exp-diff-login,ural,ON,1
2026-08-21,2026-08-21 08:00,2026-08-21 12:00,ppc_ru_IKT_sr_gen_a-all_exp-diff-login,sibir,ON,1
2026-08-21,2026-08-21 08:00,2026-08-21 12:00,ppc_ru_KJA_sr_dsa_a-all_exp-diff-login,KJA,OFF,0
2026-08-21,2026-08-21 08:00,2026-08-21 12:00,ppc_ru_KJA_sr_gen_a-all_exp-diff-login,KJA,OFF,0
2026-08-21,2026-08-21 08:00,2026-08-21 12:00,ppc_ru_KRR_sr_dsa_a-all_exp-diff-login,KRR,OFF,0
2026-08-21,2026-08-21 08:00,2026-08-21 12:00,ppc_ru_KRR_sr_gen_a-all_exp-diff-login,KRR,OFF,0
2026-08-21,2026-08-21 08:00,2026-08-21 12:00,ppc_ru_KRR_sr_s-auto_a-all_exp-diff-login,KRR,OFF,0
2026-08-21,2026-08-21 08:00,2026-08-21 12:00,ppc_ru_KVKZ_sr_gen_a-all_exp-diff-login,KVKZ,OFF,0
2026-08-21,2026-08-21 08:00,2026-08-21 12:00,ppc_ru_KVKZ_sr_s-auto_a-all_exp-diff-login,KVKZ,OFF,0
2026-08-21,2026-08-21 08:00,2026-08-21 12:00,ppc_ru_KZN_sr_gen_a-all_exp-diff-login,KZN,OFF,0
2026-08-21,2026-08-21 08:00,2026-08-21 12:00,ppc_ru_KZN_sr_s-auto_a-all_exp-diff-login,KZN,OFF,0
2026-08-21,2026-08-21 08:00,2026-08-21 12:00,ppc_ru_LED_sr_dsa_a-all_exp-diff-login,LED,OFF,0
2026-08-21,2026-08-21 08:00,2026-08-21 12:00,ppc_ru_LED_sr_gen_a-all_exp-diff-login,LED,OFF,0
2026-08-21,2026-08-21 08:00,2026-08-21 12:00,ppc_ru_LED_sr_s-auto_a-all_exp-diff-login,LED,OFF,0
2026-08-21,2026-08-21 08:00,2026-08-21 12:00,ppc_ru_MOW_sr_dsa_a-all_exp-diff-login,MOW,OFF,0
2026-08-21,2026-08-21 08:00,2026-08-21 12:00,ppc_ru_MOW_sr_gen_a-all_exp-diff-login,MOW,OFF,0
2026-08-21,2026-08-21 08:00,2026-08-21 12:00,ppc_ru_MOW_sr_s-auto_a-all_exp-diff-login,MOW,OFF,0
2026-08-21,2026-08-21 08:00,2026-08-21 12:00,ppc_ru_MOW_sr_s-auto_a-all_exp-diff-login_exp_travel-aud,MOW,OFF,0
2026-08-21,2026-08-21 08:00,2026-08-21 12:00,ppc_ru_OVB_sr_dsa_a-all_exp-diff-login,OVB,OFF,0
2026-08-21,2026-08-21 08:00,2026-08-21 12:00,ppc_ru_OVB_sr_gen_a-all_exp-diff-login,OVB,OFF,0
2026-08-21,2026-08-21 08:00,2026-08-21 12:00,ppc_ru_SVX_sr_dsa_a-all_exp-diff-login,ural,ON,1
2026-08-21,2026-08-21 08:00,2026-08-21 12:00,ppc_ru_SVX_sr_gen_a-all_exp-diff-login,ural,ON,1
2026-08-21,2026-08-21 08:00,2026-08-21 12:00,ppc_ru_TJM_sr_dsa_a-all_exp-diff-login,ural,ON,1
2026-08-21,2026-08-21 08:00,2026-08-21 12:00,ppc_ru_TJM_sr_gen_a-all_exp-diff-login,ural,ON,1
2026-08-21,2026-08-21 08:00,2026-08-21 12:00,ppc_ru_UFA_sr_dsa_a-all_exp-diff-login,UFA,ON,1
2026-08-21,2026-08-21 08:00,2026-08-21 12:00,ppc_ru_UFA_sr_gen_a-all_exp-diff-login,UFA,ON,1
2026-08-21,2026-08-21 08:00,2026-08-21 12:00,ppc_ru_centr_sr_dsa_a-all_exp-diff-login,centr,ON,1
2026-08-21,2026-08-21 08:00,2026-08-21 12:00,ppc_ru_centr_sr_gen_a-all_exp-diff-login,centr,ON,1
2026-08-21,2026-08-21 08:00,2026-08-21 12:00,ppc_ru_sibir_sr_dsa_a-all_exp-diff-login,sibir,ON,1
2026-08-21,2026-08-21 08:00,2026-08-21 12:00,ppc_ru_sibir_sr_gen_a-all_exp-diff-login,sibir,ON,1
2026-08-21,2026-08-21 08:00,2026-08-21 12:00,ppc_ru_ural_sr_dsa_a-all_exp-diff-login,ural,ON,1
2026-08-21,2026-08-21 08:00,2026-08-21 12:00,ppc_ru_ural_sr_gen_a-all_exp-diff-login,ural,ON,1
2026-08-21,2026-08-21 08:00,2026-08-21 12:00,ppc_ru_ural_sr_s-auto_a-all_exp-diff-login,ural,ON,1
2026-08-21,2026-08-21 12:00,2026-08-21 16:00,ppc_ru_IKT_sr_gen_a-all_exp-diff-login,sibir,ON,1
2026-08-21,2026-08-21 12:00,2026-08-21 16:00,ppc_ru_KJA_sr_dsa_a-all_exp-diff-login,KJA,ON,1
2026-08-21,2026-08-21 12:00,2026-08-21 16:00,ppc_ru_KJA_sr_gen_a-all_exp-diff-login,KJA,ON,1
2026-08-21,2026-08-21 12:00,2026-08-21 16:00,ppc_ru_KRR_sr_dsa_a-all_exp-diff-login,KRR,ON,1
2026-08-21,2026-08-21 12:00,2026-08-21 16:00,ppc_ru_KRR_sr_gen_a-all_exp-diff-login,KRR,ON,1
2026-08-21,2026-08-21 12:00,2026-08-21 16:00,ppc_ru_KRR_sr_s-auto_a-all_exp-diff-login,KRR,ON,1
2026-08-21,2026-08-21 12:00,2026-08-21 16:00,ppc_ru_KVKZ_sr_gen_a-all_exp-diff-login,KVKZ,OFF,0
2026-08-21,2026-08-21 12:00,2026-08-21 16:00,ppc_ru_KVKZ_sr_s-auto_a-all_exp-diff-login,KVKZ,OFF,0
2026-08-21,2026-08-21 12:00,2026-08-21 16:00,ppc_ru_KZN_sr_gen_a-all_exp-diff-login,KZN,ON,1
2026-08-21,2026-08-21 12:00,2026-08-21 16:00,ppc_ru_KZN_sr_s-auto_a-all_exp-diff-login,KZN,ON,1
2026-08-21,2026-08-21 12:00,2026-08-21 16:00,ppc_ru_LED_sr_dsa_a-all_exp-diff-login,LED,OFF,0
2026-08-21,2026-08-21 12:00,2026-08-21 16:00,ppc_ru_LED_sr_gen_a-all_exp-diff-login,LED,OFF,0
2026-08-21,2026-08-21 12:00,2026-08-21 16:00,ppc_ru_LED_sr_s-auto_a-all_exp-diff-login,LED,OFF,0
2026-08-21,2026-08-21 12:00,2026-08-21 16:00,ppc_ru_MOW_sr_dsa_a-all_exp-diff-login,MOW,ON,1
2026-08-21,2026-08-21 12:00,2026-08-21 16:00,ppc_ru_MOW_sr_gen_a-all_exp-diff-login,MOW,ON,1
2026-08-21,2026-08-21 12:00,2026-08-21 16:00,ppc_ru_MOW_sr_s-auto_a-all_exp-diff-login,MOW,ON,1
2026-08-21,2026-08-21 12:00,2026-08-21 16:00,ppc_ru_MOW_sr_s-auto_a-all_exp-diff-login_exp_travel-aud,MOW,ON,1
2026-08-21,2026-08-21 12:00,2026-08-21 16:00,ppc_ru_OVB_sr_dsa_a-all_exp-diff-login,OVB,OFF,0
2026-08-21,2026-08-21 12:00,2026-08-21 16:00,ppc_ru_OVB_sr_gen_a-all_exp-diff-login,OVB,OFF,0
2026-08-21,2026-08-21 12:00,2026-08-21 16:00,ppc_ru_SVX_sr_dsa_a-all_exp-diff-login,ural,OFF,0
2026-08-21,2026-08-21 12:00,2026-08-21 16:00,ppc_ru_SVX_sr_gen_a-all_exp-diff-login,ural,OFF,0
2026-08-21,2026-08-21 12:00,2026-08-21 16:00,ppc_ru_TJM_sr_dsa_a-all_exp-diff-login,ural,OFF,0
2026-08-21,2026-08-21 12:00,2026-08-21 16:00,ppc_ru_TJM_sr_gen_a-all_exp-diff-login,ural,OFF,0
2026-08-21,2026-08-21 12:00,2026-08-21 16:00,ppc_ru_UFA_sr_dsa_a-all_exp-diff-login,UFA,OFF,0
2026-08-21,2026-08-21 12:00,2026-08-21 16:00,ppc_ru_UFA_sr_gen_a-all_exp-diff-login,UFA,OFF,0
2026-08-21,2026-08-21 12:00,2026-08-21 16:00,ppc_ru_centr_sr_dsa_a-all_exp-diff-login,centr,OFF,0
2026-08-21,2026-08-21 12:00,2026-08-21 16:00,ppc_ru_centr_sr_gen_a-all_exp-diff-login,centr,OFF,0
2026-08-21,2026-08-21 12:00,2026-08-21 16:00,ppc_ru_sibir_sr_dsa_a-all_exp-diff-login,sibir,ON,1
2026-08-21,2026-08-21 12:00,2026-08-21 16:00,ppc_ru_sibir_sr_gen_a-all_exp-diff-login,sibir,ON,1
2026-08-21,2026-08-21 12:00,2026-08-21 16:00,ppc_ru_ural_sr_dsa_a-all_exp-diff-login,ural,OFF,0
2026-08-21,2026-08-21 12:00,2026-08-21 16:00,ppc_ru_ural_sr_gen_a-all_exp-diff-login,ural,OFF,0
2026-08-21,2026-08-21 12:00,2026-08-21 16:00,ppc_ru_ural_sr_s-auto_a-all_exp-diff-login,ural,OFF,0
2026-08-21,2026-08-21 16:00,2026-08-21 20:00,ppc_ru_IKT_sr_gen_a-all_exp-diff-login,sibir,OFF,0
2026-08-21,2026-08-21 16:00,2026-08-21 20:00,ppc_ru_KJA_sr_dsa_a-all_exp-diff-login,KJA,OFF,0
2026-08-21,2026-08-21 16:00,2026-08-21 20:00,ppc_ru_KJA_sr_gen_a-all_exp-diff-login,KJA,OFF,0
2026-08-21,2026-08-21 16:00,2026-08-21 20:00,ppc_ru_KRR_sr_dsa_a-all_exp-diff-login,KRR,OFF,0
2026-08-21,2026-08-21 16:00,2026-08-21 20:00,ppc_ru_KRR_sr_gen_a-all_exp-diff-login,KRR,OFF,0
2026-08-21,2026-08-21 16:00,2026-08-21 20:00,ppc_ru_KRR_sr_s-auto_a-all_exp-diff-login,KRR,OFF,0
2026-08-21,2026-08-21 16:00,2026-08-21 20:00,ppc_ru_KVKZ_sr_gen_a-all_exp-diff-login,KVKZ,ON,1
2026-08-21,2026-08-21 16:00,2026-08-21 20:00,ppc_ru_KVKZ_sr_s-auto_a-all_exp-diff-login,KVKZ,ON,1
2026-08-21,2026-08-21 16:00,2026-08-21 20:00,ppc_ru_KZN_sr_gen_a-all_exp-diff-login,KZN,OFF,0
2026-08-21,2026-08-21 16:00,2026-08-21 20:00,ppc_ru_KZN_sr_s-auto_a-all_exp-diff-login,KZN,OFF,0
2026-08-21,2026-08-21 16:00,2026-08-21 20:00,ppc_ru_LED_sr_dsa_a-all_exp-diff-login,LED,ON,1
2026-08-21,2026-08-21 16:00,2026-08-21 20:00,ppc_ru_LED_sr_gen_a-all_exp-diff-login,LED,ON,1
2026-08-21,2026-08-21 16:00,2026-08-21 20:00,ppc_ru_LED_sr_s-auto_a-all_exp-diff-login,LED,ON,1
2026-08-21,2026-08-21 16:00,2026-08-21 20:00,ppc_ru_MOW_sr_dsa_a-all_exp-diff-login,MOW,OFF,0
2026-08-21,2026-08-21 16:00,2026-08-21 20:00,ppc_ru_MOW_sr_gen_a-all_exp-diff-login,MOW,OFF,0
2026-08-21,2026-08-21 16:00,2026-08-21 20:00,ppc_ru_MOW_sr_s-auto_a-all_exp-diff-login,MOW,OFF,0
2026-08-21,2026-08-21 16:00,2026-08-21 20:00,ppc_ru_MOW_sr_s-auto_a-all_exp-diff-login_exp_travel-aud,MOW,OFF,0
2026-08-21,2026-08-21 16:00,2026-08-21 20:00,ppc_ru_OVB_sr_dsa_a-all_exp-diff-login,OVB,ON,1
2026-08-21,2026-08-21 16:00,2026-08-21 20:00,ppc_ru_OVB_sr_gen_a-all_exp-diff-login,OVB,ON,1
2026-08-21,2026-08-21 16:00,2026-08-21 20:00,ppc_ru_SVX_sr_dsa_a-all_exp-diff-login,ural,OFF,0
2026-08-21,2026-08-21 16:00,2026-08-21 20:00,ppc_ru_SVX_sr_gen_a-all_exp-diff-login,ural,OFF,0
2026-08-21,2026-08-21 16:00,2026-08-21 20:00,ppc_ru_TJM_sr_dsa_a-all_exp-diff-login,ural,OFF,0
2026-08-21,2026-08-21 16:00,2026-08-21 20:00,ppc_ru_TJM_sr_gen_a-all_exp-diff-login,ural,OFF,0
2026-08-21,2026-08-21 16:00,2026-08-21 20:00,ppc_ru_UFA_sr_dsa_a-all_exp-diff-login,UFA,ON,1
2026-08-21,2026-08-21 16:00,2026-08-21 20:00,ppc_ru_UFA_sr_gen_a-all_exp-diff-login,UFA,ON,1
2026-08-21,2026-08-21 16:00,2026-08-21 20:00,ppc_ru_centr_sr_dsa_a-all_exp-diff-login,centr,OFF,0
2026-08-21,2026-08-21 16:00,2026-08-21 20:00,ppc_ru_centr_sr_gen_a-all_exp-diff-login,centr,OFF,0
2026-08-21,2026-08-21 16:00,2026-08-21 20:00,ppc_ru_sibir_sr_dsa_a-all_exp-diff-login,sibir,OFF,0
2026-08-21,2026-08-21 16:00,2026-08-21 20:00,ppc_ru_sibir_sr_gen_a-all_exp-diff-login,sibir,OFF,0
2026-08-21,2026-08-21 16:00,2026-08-21 20:00,ppc_ru_ural_sr_dsa_a-all_exp-diff-login,ural,OFF,0
2026-08-21,2026-08-21 16:00,2026-08-21 20:00,ppc_ru_ural_sr_gen_a-all_exp-diff-login,ural,OFF,0
2026-08-21,2026-08-21 16:00,2026-08-21 20:00,ppc_ru_ural_sr_s-auto_a-all_exp-diff-login,ural,OFF,0
2026-08-21,2026-08-21 20:00,2026-08-22 00:00,ppc_ru_IKT_sr_gen_a-all_exp-diff-login,sibir,ON,1
2026-08-21,2026-08-21 20:00,2026-08-22 00:00,ppc_ru_KJA_sr_dsa_a-all_exp-diff-login,KJA,OFF,0
2026-08-21,2026-08-21 20:00,2026-08-22 00:00,ppc_ru_KJA_sr_gen_a-all_exp-diff-login,KJA,OFF,0
2026-08-21,2026-08-21 20:00,2026-08-22 00:00,ppc_ru_KRR_sr_dsa_a-all_exp-diff-login,KRR,ON,1
2026-08-21,2026-08-21 20:00,2026-08-22 00:00,ppc_ru_KRR_sr_gen_a-all_exp-diff-login,KRR,ON,1
2026-08-21,2026-08-21 20:00,2026-08-22 00:00,ppc_ru_KRR_sr_s-auto_a-all_exp-diff-login,KRR,ON,1
2026-08-21,2026-08-21 20:00,2026-08-22 00:00,ppc_ru_KVKZ_sr_gen_a-all_exp-diff-login,KVKZ,ON,1
2026-08-21,2026-08-21 20:00,2026-08-22 00:00,ppc_ru_KVKZ_sr_s-auto_a-all_exp-diff-login,KVKZ,ON,1
2026-08-21,2026-08-21 20:00,2026-08-22 00:00,ppc_ru_KZN_sr_gen_a-all_exp-diff-login,KZN,ON,1
2026-08-21,2026-08-21 20:00,2026-08-22 00:00,ppc_ru_KZN_sr_s-auto_a-all_exp-diff-login,KZN,ON,1
2026-08-21,2026-08-21 20:00,2026-08-22 00:00,ppc_ru_LED_sr_dsa_a-all_exp-diff-login,LED,ON,1
2026-08-21,2026-08-21 20:00,2026-08-22 00:00,ppc_ru_LED_sr_gen_a-all_exp-diff-login,LED,ON,1
2026-08-21,2026-08-21 20:00,2026-08-22 00:00,ppc_ru_LED_sr_s-auto_a-all_exp-diff-login,LED,ON,1
2026-08-21,2026-08-21 20:00,2026-08-22 00:00,ppc_ru_MOW_sr_dsa_a-all_exp-diff-login,MOW,OFF,0
2026-08-21,2026-08-21 20:00,2026-08-22 00:00,ppc_ru_MOW_sr_gen_a-all_exp-diff-login,MOW,OFF,0
2026-08-21,2026-08-21 20:00,2026-08-22 00:00,ppc_ru_MOW_sr_s-auto_a-all_exp-diff-login,MOW,OFF,0
2026-08-21,2026-08-21 20:00,2026-08-22 00:00,ppc_ru_MOW_sr_s-auto_a-all_exp-diff-login_exp_travel-aud,MOW,OFF,0
2026-08-21,2026-08-21 20:00,2026-08-22 00:00,ppc_ru_OVB_sr_dsa_a-all_exp-diff-login,OVB,ON,1
2026-08-21,2026-08-21 20:00,2026-08-22 00:00,ppc_ru_OVB_sr_gen_a-all_exp-diff-login,OVB,ON,1
2026-08-21,2026-08-21 20:00,2026-08-22 00:00,ppc_ru_SVX_sr_dsa_a-all_exp-diff-login,ural,ON,1
2026-08-21,2026-08-21 20:00,2026-08-22 00:00,ppc_ru_SVX_sr_gen_a-all_exp-diff-login,ural,ON,1
2026-08-21,2026-08-21 20:00,2026-08-22 00:00,ppc_ru_TJM_sr_dsa_a-all_exp-diff-login,ural,ON,1
2026-08-21,2026-08-21 20:00,2026-08-22 00:00,ppc_ru_TJM_sr_gen_a-all_exp-diff-login,ural,ON,1
2026-08-21,2026-08-21 20:00,2026-08-22 00:00,ppc_ru_UFA_sr_dsa_a-all_exp-diff-login,UFA,OFF,0
2026-08-21,2026-08-21 20:00,2026-08-22 00:00,ppc_ru_UFA_sr_gen_a-all_exp-diff-login,UFA,OFF,0
2026-08-21,2026-08-21 20:00,2026-08-22 00:00,ppc_ru_centr_sr_dsa_a-all_exp-diff-login,centr,OFF,0
2026-08-21,2026-08-21 20:00,2026-08-22 00:00,ppc_ru_centr_sr_gen_a-all_exp-diff-login,centr,OFF,0
2026-08-21,2026-08-21 20:00,2026-08-22 00:00,ppc_ru_sibir_sr_dsa_a-all_exp-diff-login,sibir,ON,1
2026-08-21,2026-08-21 20:00,2026-08-22 00:00,ppc_ru_sibir_sr_gen_a-all_exp-diff-login,sibir,ON,1
2026-08-21,2026-08-21 20:00,2026-08-22 00:00,ppc_ru_ural_sr_dsa_a-all_exp-diff-login,ural,ON,1
2026-08-21,2026-08-21 20:00,2026-08-22 00:00,ppc_ru_ural_sr_gen_a-all_exp-diff-login,ural,ON,1
2026-08-21,2026-08-21 20:00,2026-08-22 00:00,ppc_ru_ural_sr_s-auto_a-all_exp-diff-login,ural,ON,1
2026-08-22,2026-08-22 00:00,2026-08-22 04:00,ppc_ru_IKT_sr_gen_a-all_exp-diff-login,sibir,OFF,0
2026-08-22,2026-08-22 00:00,2026-08-22 04:00,ppc_ru_KJA_sr_dsa_a-all_exp-diff-login,KJA,OFF,0
2026-08-22,2026-08-22 00:00,2026-08-22 04:00,ppc_ru_KJA_sr_gen_a-all_exp-diff-login,KJA,OFF,0
2026-08-22,2026-08-22 00:00,2026-08-22 04:00,ppc_ru_KRR_sr_dsa_a-all_exp-diff-login,KRR,OFF,0
2026-08-22,2026-08-22 00:00,2026-08-22 04:00,ppc_ru_KRR_sr_gen_a-all_exp-diff-login,KRR,OFF,0
2026-08-22,2026-08-22 00:00,2026-08-22 04:00,ppc_ru_KRR_sr_s-auto_a-all_exp-diff-login,KRR,OFF,0
2026-08-22,2026-08-22 00:00,2026-08-22 04:00,ppc_ru_KVKZ_sr_gen_a-all_exp-diff-login,KVKZ,OFF,0
2026-08-22,2026-08-22 00:00,2026-08-22 04:00,ppc_ru_KVKZ_sr_s-auto_a-all_exp-diff-login,KVKZ,OFF,0
2026-08-22,2026-08-22 00:00,2026-08-22 04:00,ppc_ru_KZN_sr_gen_a-all_exp-diff-login,KZN,ON,1
2026-08-22,2026-08-22 00:00,2026-08-22 04:00,ppc_ru_KZN_sr_s-auto_a-all_exp-diff-login,KZN,ON,1
2026-08-22,2026-08-22 00:00,2026-08-22 04:00,ppc_ru_LED_sr_dsa_a-all_exp-diff-login,LED,OFF,0
2026-08-22,2026-08-22 00:00,2026-08-22 04:00,ppc_ru_LED_sr_gen_a-all_exp-diff-login,LED,OFF,0
2026-08-22,2026-08-22 00:00,2026-08-22 04:00,ppc_ru_LED_sr_s-auto_a-all_exp-diff-login,LED,OFF,0
2026-08-22,2026-08-22 00:00,2026-08-22 04:00,ppc_ru_MOW_sr_dsa_a-all_exp-diff-login,MOW,ON,1
2026-08-22,2026-08-22 00:00,2026-08-22 04:00,ppc_ru_MOW_sr_gen_a-all_exp-diff-login,MOW,ON,1
2026-08-22,2026-08-22 00:00,2026-08-22 04:00,ppc_ru_MOW_sr_s-auto_a-all_exp-diff-login,MOW,ON,1
2026-08-22,2026-08-22 00:00,2026-08-22 04:00,ppc_ru_MOW_sr_s-auto_a-all_exp-diff-login_exp_travel-aud,MOW,ON,1
2026-08-22,2026-08-22 00:00,2026-08-22 04:00,ppc_ru_OVB_sr_dsa_a-all_exp-diff-login,OVB,OFF,0
2026-08-22,2026-08-22 00:00,2026-08-22 04:00,ppc_ru_OVB_sr_gen_a-all_exp-diff-login,OVB,OFF,0
2026-08-22,2026-08-22 00:00,2026-08-22 04:00,ppc_ru_SVX_sr_dsa_a-all_exp-diff-login,ural,ON,1
2026-08-22,2026-08-22 00:00,2026-08-22 04:00,ppc_ru_SVX_sr_gen_a-all_exp-diff-login,ural,ON,1
2026-08-22,2026-08-22 00:00,2026-08-22 04:00,ppc_ru_TJM_sr_dsa_a-all_exp-diff-login,ural,ON,1
2026-08-22,2026-08-22 00:00,2026-08-22 04:00,ppc_ru_TJM_sr_gen_a-all_exp-diff-login,ural,ON,1
2026-08-22,2026-08-22 00:00,2026-08-22 04:00,ppc_ru_UFA_sr_dsa_a-all_exp-diff-login,UFA,ON,1
2026-08-22,2026-08-22 00:00,2026-08-22 04:00,ppc_ru_UFA_sr_gen_a-all_exp-diff-login,UFA,ON,1
2026-08-22,2026-08-22 00:00,2026-08-22 04:00,ppc_ru_centr_sr_dsa_a-all_exp-diff-login,centr,OFF,0
2026-08-22,2026-08-22 00:00,2026-08-22 04:00,ppc_ru_centr_sr_gen_a-all_exp-diff-login,centr,OFF,0
2026-08-22,2026-08-22 00:00,2026-08-22 04:00,ppc_ru_sibir_sr_dsa_a-all_exp-diff-login,sibir,OFF,0
2026-08-22,2026-08-22 00:00,2026-08-22 04:00,ppc_ru_sibir_sr_gen_a-all_exp-diff-login,sibir,OFF,0
2026-08-22,2026-08-22 00:00,2026-08-22 04:00,ppc_ru_ural_sr_dsa_a-all_exp-diff-login,ural,ON,1
2026-08-22,2026-08-22 00:00,2026-08-22 04:00,ppc_ru_ural_sr_gen_a-all_exp-diff-login,ural,ON,1
2026-08-22,2026-08-22 00:00,2026-08-22 04:00,ppc_ru_ural_sr_s-auto_a-all_exp-diff-login,ural,ON,1
2026-08-22,2026-08-22 04:00,2026-08-22 08:00,ppc_ru_IKT_sr_gen_a-all_exp-diff-login,sibir,OFF,0
2026-08-22,2026-08-22 04:00,2026-08-22 08:00,ppc_ru_KJA_sr_dsa_a-all_exp-diff-login,KJA,OFF,0
2026-08-22,2026-08-22 04:00,2026-08-22 08:00,ppc_ru_KJA_sr_gen_a-all_exp-diff-login,KJA,OFF,0
2026-08-22,2026-08-22 04:00,2026-08-22 08:00,ppc_ru_KRR_sr_dsa_a-all_exp-diff-login,KRR,ON,1
2026-08-22,2026-08-22 04:00,2026-08-22 08:00,ppc_ru_KRR_sr_gen_a-all_exp-diff-login,KRR,ON,1
2026-08-22,2026-08-22 04:00,2026-08-22 08:00,ppc_ru_KRR_sr_s-auto_a-all_exp-diff-login,KRR,ON,1
2026-08-22,2026-08-22 04:00,2026-08-22 08:00,ppc_ru_KVKZ_sr_gen_a-all_exp-diff-login,KVKZ,ON,1
2026-08-22,2026-08-22 04:00,2026-08-22 08:00,ppc_ru_KVKZ_sr_s-auto_a-all_exp-diff-login,KVKZ,ON,1
2026-08-22,2026-08-22 04:00,2026-08-22 08:00,ppc_ru_KZN_sr_gen_a-all_exp-diff-login,KZN,ON,1
2026-08-22,2026-08-22 04:00,2026-08-22 08:00,ppc_ru_KZN_sr_s-auto_a-all_exp-diff-login,KZN,ON,1
2026-08-22,2026-08-22 04:00,2026-08-22 08:00,ppc_ru_LED_sr_dsa_a-all_exp-diff-login,LED,ON,1
2026-08-22,2026-08-22 04:00,2026-08-22 08:00,ppc_ru_LED_sr_gen_a-all_exp-diff-login,LED,ON,1
2026-08-22,2026-08-22 04:00,2026-08-22 08:00,ppc_ru_LED_sr_s-auto_a-all_exp-diff-login,LED,ON,1
2026-08-22,2026-08-22 04:00,2026-08-22 08:00,ppc_ru_MOW_sr_dsa_a-all_exp-diff-login,MOW,ON,1
2026-08-22,2026-08-22 04:00,2026-08-22 08:00,ppc_ru_MOW_sr_gen_a-all_exp-diff-login,MOW,ON,1
2026-08-22,2026-08-22 04:00,2026-08-22 08:00,ppc_ru_MOW_sr_s-auto_a-all_exp-diff-login,MOW,ON,1
2026-08-22,2026-08-22 04:00,2026-08-22 08:00,ppc_ru_MOW_sr_s-auto_a-all_exp-diff-login_exp_travel-aud,MOW,ON,1
2026-08-22,2026-08-22 04:00,2026-08-22 08:00,ppc_ru_OVB_sr_dsa_a-all_exp-diff-login,OVB,OFF,0
2026-08-22,2026-08-22 04:00,2026-08-22 08:00,ppc_ru_OVB_sr_gen_a-all_exp-diff-login,OVB,OFF,0
2026-08-22,2026-08-22 04:00,2026-08-22 08:00,ppc_ru_SVX_sr_dsa_a-all_exp-diff-login,ural,ON,1
2026-08-22,2026-08-22 04:00,2026-08-22 08:00,ppc_ru_SVX_sr_gen_a-all_exp-diff-login,ural,ON,1
2026-08-22,2026-08-22 04:00,2026-08-22 08:00,ppc_ru_TJM_sr_dsa_a-all_exp-diff-login,ural,ON,1
2026-08-22,2026-08-22 04:00,2026-08-22 08:00,ppc_ru_TJM_sr_gen_a-all_exp-diff-login,ural,ON,1
2026-08-22,2026-08-22 04:00,2026-08-22 08:00,ppc_ru_UFA_sr_dsa_a-all_exp-diff-login,UFA,OFF,0
2026-08-22,2026-08-22 04:00,2026-08-22 08:00,ppc_ru_UFA_sr_gen_a-all_exp-diff-login,UFA,OFF,0
2026-08-22,2026-08-22 04:00,2026-08-22 08:00,ppc_ru_centr_sr_dsa_a-all_exp-diff-login,centr,ON,1
2026-08-22,2026-08-22 04:00,2026-08-22 08:00,ppc_ru_centr_sr_gen_a-all_exp-diff-login,centr,ON,1
2026-08-22,2026-08-22 04:00,2026-08-22 08:00,ppc_ru_sibir_sr_dsa_a-all_exp-diff-login,sibir,OFF,0
2026-08-22,2026-08-22 04:00,2026-08-22 08:00,ppc_ru_sibir_sr_gen_a-all_exp-diff-login,sibir,OFF,0
2026-08-22,2026-08-22 04:00,2026-08-22 08:00,ppc_ru_ural_sr_dsa_a-all_exp-diff-login,ural,ON,1
2026-08-22,2026-08-22 04:00,2026-08-22 08:00,ppc_ru_ural_sr_gen_a-all_exp-diff-login,ural,ON,1
2026-08-22,2026-08-22 04:00,2026-08-22 08:00,ppc_ru_ural_sr_s-auto_a-all_exp-diff-login,ural,ON,1
2026-08-22,2026-08-22 08:00,2026-08-22 12:00,ppc_ru_IKT_sr_gen_a-all_exp-diff-login,sibir,OFF,0
2026-08-22,2026-08-22 08:00,2026-08-22 12:00,ppc_ru_KJA_sr_dsa_a-all_exp-diff-login,KJA,ON,1
2026-08-22,2026-08-22 08:00,2026-08-22 12:00,ppc_ru_KJA_sr_gen_a-all_exp-diff-login,KJA,ON,1
2026-08-22,2026-08-22 08:00,2026-08-22 12:00,ppc_ru_KRR_sr_dsa_a-all_exp-diff-login,KRR,OFF,0
2026-08-22,2026-08-22 08:00,2026-08-22 12:00,ppc_ru_KRR_sr_gen_a-all_exp-diff-login,KRR,OFF,0
2026-08-22,2026-08-22 08:00,2026-08-22 12:00,ppc_ru_KRR_sr_s-auto_a-all_exp-diff-login,KRR,OFF,0
2026-08-22,2026-08-22 08:00,2026-08-22 12:00,ppc_ru_KVKZ_sr_gen_a-all_exp-diff-login,KVKZ,OFF,0
2026-08-22,2026-08-22 08:00,2026-08-22 12:00,ppc_ru_KVKZ_sr_s-auto_a-all_exp-diff-login,KVKZ,OFF,0
2026-08-22,2026-08-22 08:00,2026-08-22 12:00,ppc_ru_KZN_sr_gen_a-all_exp-diff-login,KZN,OFF,0
2026-08-22,2026-08-22 08:00,2026-08-22 12:00,ppc_ru_KZN_sr_s-auto_a-all_exp-diff-login,KZN,OFF,0
2026-08-22,2026-08-22 08:00,2026-08-22 12:00,ppc_ru_LED_sr_dsa_a-all_exp-diff-login,LED,OFF,0
2026-08-22,2026-08-22 08:00,2026-08-22 12:00,ppc_ru_LED_sr_gen_a-all_exp-diff-login,LED,OFF,0
2026-08-22,2026-08-22 08:00,2026-08-22 12:00,ppc_ru_LED_sr_s-auto_a-all_exp-diff-login,LED,OFF,0
2026-08-22,2026-08-22 08:00,2026-08-22 12:00,ppc_ru_MOW_sr_dsa_a-all_exp-diff-login,MOW,OFF,0
2026-08-22,2026-08-22 08:00,2026-08-22 12:00,ppc_ru_MOW_sr_gen_a-all_exp-diff-login,MOW,OFF,0
2026-08-22,2026-08-22 08:00,2026-08-22 12:00,ppc_ru_MOW_sr_s-auto_a-all_exp-diff-login,MOW,OFF,0
2026-08-22,2026-08-22 08:00,2026-08-22 12:00,ppc_ru_MOW_sr_s-auto_a-all_exp-diff-login_exp_travel-aud,MOW,OFF,0
2026-08-22,2026-08-22 08:00,2026-08-22 12:00,ppc_ru_OVB_sr_dsa_a-all_exp-diff-login,OVB,ON,1
2026-08-22,2026-08-22 08:00,2026-08-22 12:00,ppc_ru_OVB_sr_gen_a-all_exp-diff-login,OVB,ON,1
2026-08-22,2026-08-22 08:00,2026-08-22 12:00,ppc_ru_SVX_sr_dsa_a-all_exp-diff-login,ural,OFF,0
2026-08-22,2026-08-22 08:00,2026-08-22 12:00,ppc_ru_SVX_sr_gen_a-all_exp-diff-login,ural,OFF,0
2026-08-22,2026-08-22 08:00,2026-08-22 12:00,ppc_ru_TJM_sr_dsa_a-all_exp-diff-login,ural,OFF,0
2026-08-22,2026-08-22 08:00,2026-08-22 12:00,ppc_ru_TJM_sr_gen_a-all_exp-diff-login,ural,OFF,0
2026-08-22,2026-08-22 08:00,2026-08-22 12:00,ppc_ru_UFA_sr_dsa_a-all_exp-diff-login,UFA,ON,1
2026-08-22,2026-08-22 08:00,2026-08-22 12:00,ppc_ru_UFA_sr_gen_a-all_exp-diff-login,UFA,ON,1
2026-08-22,2026-08-22 08:00,2026-08-22 12:00,ppc_ru_centr_sr_dsa_a-all_exp-diff-login,centr,OFF,0
2026-08-22,2026-08-22 08:00,2026-08-22 12:00,ppc_ru_centr_sr_gen_a-all_exp-diff-login,centr,OFF,0
2026-08-22,2026-08-22 08:00,2026-08-22 12:00,ppc_ru_sibir_sr_dsa_a-all_exp-diff-login,sibir,OFF,0
2026-08-22,2026-08-22 08:00,2026-08-22 12:00,ppc_ru_sibir_sr_gen_a-all_exp-diff-login,sibir,OFF,0
2026-08-22,2026-08-22 08:00,2026-08-22 12:00,ppc_ru_ural_sr_dsa_a-all_exp-diff-login,ural,OFF,0
2026-08-22,2026-08-22 08:00,2026-08-22 12:00,ppc_ru_ural_sr_gen_a-all_exp-diff-login,ural,OFF,0
2026-08-22,2026-08-22 08:00,2026-08-22 12:00,ppc_ru_ural_sr_s-auto_a-all_exp-diff-login,ural,OFF,0
2026-08-22,2026-08-22 12:00,2026-08-22 16:00,ppc_ru_IKT_sr_gen_a-all_exp-diff-login,sibir,ON,1
2026-08-22,2026-08-22 12:00,2026-08-22 16:00,ppc_ru_KJA_sr_dsa_a-all_exp-diff-login,KJA,ON,1
2026-08-22,2026-08-22 12:00,2026-08-22 16:00,ppc_ru_KJA_sr_gen_a-all_exp-diff-login,KJA,ON,1
2026-08-22,2026-08-22 12:00,2026-08-22 16:00,ppc_ru_KRR_sr_dsa_a-all_exp-diff-login,KRR,ON,1
2026-08-22,2026-08-22 12:00,2026-08-22 16:00,ppc_ru_KRR_sr_gen_a-all_exp-diff-login,KRR,ON,1
2026-08-22,2026-08-22 12:00,2026-08-22 16:00,ppc_ru_KRR_sr_s-auto_a-all_exp-diff-login,KRR,ON,1
2026-08-22,2026-08-22 12:00,2026-08-22 16:00,ppc_ru_KVKZ_sr_gen_a-all_exp-diff-login,KVKZ,OFF,0
2026-08-22,2026-08-22 12:00,2026-08-22 16:00,ppc_ru_KVKZ_sr_s-auto_a-all_exp-diff-login,KVKZ,OFF,0
2026-08-22,2026-08-22 12:00,2026-08-22 16:00,ppc_ru_KZN_sr_gen_a-all_exp-diff-login,KZN,OFF,0
2026-08-22,2026-08-22 12:00,2026-08-22 16:00,ppc_ru_KZN_sr_s-auto_a-all_exp-diff-login,KZN,OFF,0
2026-08-22,2026-08-22 12:00,2026-08-22 16:00,ppc_ru_LED_sr_dsa_a-all_exp-diff-login,LED,ON,1
2026-08-22,2026-08-22 12:00,2026-08-22 16:00,ppc_ru_LED_sr_gen_a-all_exp-diff-login,LED,ON,1
2026-08-22,2026-08-22 12:00,2026-08-22 16:00,ppc_ru_LED_sr_s-auto_a-all_exp-diff-login,LED,ON,1
2026-08-22,2026-08-22 12:00,2026-08-22 16:00,ppc_ru_MOW_sr_dsa_a-all_exp-diff-login,MOW,OFF,0
2026-08-22,2026-08-22 12:00,2026-08-22 16:00,ppc_ru_MOW_sr_gen_a-all_exp-diff-login,MOW,OFF,0
2026-08-22,2026-08-22 12:00,2026-08-22 16:00,ppc_ru_MOW_sr_s-auto_a-all_exp-diff-login,MOW,OFF,0
2026-08-22,2026-08-22 12:00,2026-08-22 16:00,ppc_ru_MOW_sr_s-auto_a-all_exp-diff-login_exp_travel-aud,MOW,OFF,0
2026-08-22,2026-08-22 12:00,2026-08-22 16:00,ppc_ru_OVB_sr_dsa_a-all_exp-diff-login,OVB,ON,1
2026-08-22,2026-08-22 12:00,2026-08-22 16:00,ppc_ru_OVB_sr_gen_a-all_exp-diff-login,OVB,ON,1
2026-08-22,2026-08-22 12:00,2026-08-22 16:00,ppc_ru_SVX_sr_dsa_a-all_exp-diff-login,ural,ON,1
2026-08-22,2026-08-22 12:00,2026-08-22 16:00,ppc_ru_SVX_sr_gen_a-all_exp-diff-login,ural,ON,1
2026-08-22,2026-08-22 12:00,2026-08-22 16:00,ppc_ru_TJM_sr_dsa_a-all_exp-diff-login,ural,ON,1
2026-08-22,2026-08-22 12:00,2026-08-22 16:00,ppc_ru_TJM_sr_gen_a-all_exp-diff-login,ural,ON,1
2026-08-22,2026-08-22 12:00,2026-08-22 16:00,ppc_ru_UFA_sr_dsa_a-all_exp-diff-login,UFA,OFF,0
2026-08-22,2026-08-22 12:00,2026-08-22 16:00,ppc_ru_UFA_sr_gen_a-all_exp-diff-login,UFA,OFF,0
2026-08-22,2026-08-22 12:00,2026-08-22 16:00,ppc_ru_centr_sr_dsa_a-all_exp-diff-login,centr,ON,1
2026-08-22,2026-08-22 12:00,2026-08-22 16:00,ppc_ru_centr_sr_gen_a-all_exp-diff-login,centr,ON,1
2026-08-22,2026-08-22 12:00,2026-08-22 16:00,ppc_ru_sibir_sr_dsa_a-all_exp-diff-login,sibir,ON,1
2026-08-22,2026-08-22 12:00,2026-08-22 16:00,ppc_ru_sibir_sr_gen_a-all_exp-diff-login,sibir,ON,1
2026-08-22,2026-08-22 12:00,2026-08-22 16:00,ppc_ru_ural_sr_dsa_a-all_exp-diff-login,ural,ON,1
2026-08-22,2026-08-22 12:00,2026-08-22 16:00,ppc_ru_ural_sr_gen_a-all_exp-diff-login,ural,ON,1
2026-08-22,2026-08-22 12:00,2026-08-22 16:00,ppc_ru_ural_sr_s-auto_a-all_exp-diff-login,ural,ON,1
2026-08-22,2026-08-22 16:00,2026-08-22 20:00,ppc_ru_IKT_sr_gen_a-all_exp-diff-login,sibir,ON,1
2026-08-22,2026-08-22 16:00,2026-08-22 20:00,ppc_ru_KJA_sr_dsa_a-all_exp-diff-login,KJA,ON,1
2026-08-22,2026-08-22 16:00,2026-08-22 20:00,ppc_ru_KJA_sr_gen_a-all_exp-diff-login,KJA,ON,1
2026-08-22,2026-08-22 16:00,2026-08-22 20:00,ppc_ru_KRR_sr_dsa_a-all_exp-diff-login,KRR,OFF,0
2026-08-22,2026-08-22 16:00,2026-08-22 20:00,ppc_ru_KRR_sr_gen_a-all_exp-diff-login,KRR,OFF,0
2026-08-22,2026-08-22 16:00,2026-08-22 20:00,ppc_ru_KRR_sr_s-auto_a-all_exp-diff-login,KRR,OFF,0
2026-08-22,2026-08-22 16:00,2026-08-22 20:00,ppc_ru_KVKZ_sr_gen_a-all_exp-diff-login,KVKZ,ON,1
2026-08-22,2026-08-22 16:00,2026-08-22 20:00,ppc_ru_KVKZ_sr_s-auto_a-all_exp-diff-login,KVKZ,ON,1
2026-08-22,2026-08-22 16:00,2026-08-22 20:00,ppc_ru_KZN_sr_gen_a-all_exp-diff-login,KZN,OFF,0
2026-08-22,2026-08-22 16:00,2026-08-22 20:00,ppc_ru_KZN_sr_s-auto_a-all_exp-diff-login,KZN,OFF,0
2026-08-22,2026-08-22 16:00,2026-08-22 20:00,ppc_ru_LED_sr_dsa_a-all_exp-diff-login,LED,OFF,0
2026-08-22,2026-08-22 16:00,2026-08-22 20:00,ppc_ru_LED_sr_gen_a-all_exp-diff-login,LED,OFF,0
2026-08-22,2026-08-22 16:00,2026-08-22 20:00,ppc_ru_LED_sr_s-auto_a-all_exp-diff-login,LED,OFF,0
2026-08-22,2026-08-22 16:00,2026-08-22 20:00,ppc_ru_MOW_sr_dsa_a-all_exp-diff-login,MOW,ON,1
2026-08-22,2026-08-22 16:00,2026-08-22 20:00,ppc_ru_MOW_sr_gen_a-all_exp-diff-login,MOW,ON,1
2026-08-22,2026-08-22 16:00,2026-08-22 20:00,ppc_ru_MOW_sr_s-auto_a-all_exp-diff-login,MOW,ON,1
2026-08-22,2026-08-22 16:00,2026-08-22 20:00,ppc_ru_MOW_sr_s-auto_a-all_exp-diff-login_exp_travel-aud,MOW,ON,1
2026-08-22,2026-08-22 16:00,2026-08-22 20:00,ppc_ru_OVB_sr_dsa_a-all_exp-diff-login,OVB,OFF,0
2026-08-22,2026-08-22 16:00,2026-08-22 20:00,ppc_ru_OVB_sr_gen_a-all_exp-diff-login,OVB,OFF,0
2026-08-22,2026-08-22 16:00,2026-08-22 20:00,ppc_ru_SVX_sr_dsa_a-all_exp-diff-login,ural,OFF,0
2026-08-22,2026-08-22 16:00,2026-08-22 20:00,ppc_ru_SVX_sr_gen_a-all_exp-diff-login,ural,OFF,0
2026-08-22,2026-08-22 16:00,2026-08-22 20:00,ppc_ru_TJM_sr_dsa_a-all_exp-diff-login,ural,OFF,0
2026-08-22,2026-08-22 16:00,2026-08-22 20:00,ppc_ru_TJM_sr_gen_a-all_exp-diff-login,ural,OFF,0
2026-08-22,2026-08-22 16:00,2026-08-22 20:00,ppc_ru_UFA_sr_dsa_a-all_exp-diff-login,UFA,ON,1
2026-08-22,2026-08-22 16:00,2026-08-22 20:00,ppc_ru_UFA_sr_gen_a-all_exp-diff-login,UFA,ON,1
2026-08-22,2026-08-22 16:00,2026-08-22 20:00,ppc_ru_centr_sr_dsa_a-all_exp-diff-login,centr,ON,1
2026-08-22,2026-08-22 16:00,2026-08-22 20:00,ppc_ru_centr_sr_gen_a-all_exp-diff-login,centr,ON,1
2026-08-22,2026-08-22 16:00,2026-08-22 20:00,ppc_ru_sibir_sr_dsa_a-all_exp-diff-login,sibir,ON,1
2026-08-22,2026-08-22 16:00,2026-08-22 20:00,ppc_ru_sibir_sr_gen_a-all_exp-diff-login,sibir,ON,1
2026-08-22,2026-08-22 16:00,2026-08-22 20:00,ppc_ru_ural_sr_dsa_a-all_exp-diff-login,ural,OFF,0
2026-08-22,2026-08-22 16:00,2026-08-22 20:00,ppc_ru_ural_sr_gen_a-all_exp-diff-login,ural,OFF,0
2026-08-22,2026-08-22 16:00,2026-08-22 20:00,ppc_ru_ural_sr_s-auto_a-all_exp-diff-login,ural,OFF,0
2026-08-22,2026-08-22 20:00,2026-08-23 00:00,ppc_ru_IKT_sr_gen_a-all_exp-diff-login,sibir,ON,1
2026-08-22,2026-08-22 20:00,2026-08-23 00:00,ppc_ru_KJA_sr_dsa_a-all_exp-diff-login,KJA,OFF,0
2026-08-22,2026-08-22 20:00,2026-08-23 00:00,ppc_ru_KJA_sr_gen_a-all_exp-diff-login,KJA,OFF,0
2026-08-22,2026-08-22 20:00,2026-08-23 00:00,ppc_ru_KRR_sr_dsa_a-all_exp-diff-login,KRR,ON,1
2026-08-22,2026-08-22 20:00,2026-08-23 00:00,ppc_ru_KRR_sr_gen_a-all_exp-diff-login,KRR,ON,1
2026-08-22,2026-08-22 20:00,2026-08-23 00:00,ppc_ru_KRR_sr_s-auto_a-all_exp-diff-login,KRR,ON,1
2026-08-22,2026-08-22 20:00,2026-08-23 00:00,ppc_ru_KVKZ_sr_gen_a-all_exp-diff-login,KVKZ,ON,1
2026-08-22,2026-08-22 20:00,2026-08-23 00:00,ppc_ru_KVKZ_sr_s-auto_a-all_exp-diff-login,KVKZ,ON,1
2026-08-22,2026-08-22 20:00,2026-08-23 00:00,ppc_ru_KZN_sr_gen_a-all_exp-diff-login,KZN,ON,1
2026-08-22,2026-08-22 20:00,2026-08-23 00:00,ppc_ru_KZN_sr_s-auto_a-all_exp-diff-login,KZN,ON,1
2026-08-22,2026-08-22 20:00,2026-08-23 00:00,ppc_ru_LED_sr_dsa_a-all_exp-diff-login,LED,ON,1
2026-08-22,2026-08-22 20:00,2026-08-23 00:00,ppc_ru_LED_sr_gen_a-all_exp-diff-login,LED,ON,1
2026-08-22,2026-08-22 20:00,2026-08-23 00:00,ppc_ru_LED_sr_s-auto_a-all_exp-diff-login,LED,ON,1
2026-08-22,2026-08-22 20:00,2026-08-23 00:00,ppc_ru_MOW_sr_dsa_a-all_exp-diff-login,MOW,OFF,0
2026-08-22,2026-08-22 20:00,2026-08-23 00:00,ppc_ru_MOW_sr_gen_a-all_exp-diff-login,MOW,OFF,0
2026-08-22,2026-08-22 20:00,2026-08-23 00:00,ppc_ru_MOW_sr_s-auto_a-all_exp-diff-login,MOW,OFF,0
2026-08-22,2026-08-22 20:00,2026-08-23 00:00,ppc_ru_MOW_sr_s-auto_a-all_exp-diff-login_exp_travel-aud,MOW,OFF,0
2026-08-22,2026-08-22 20:00,2026-08-23 00:00,ppc_ru_OVB_sr_dsa_a-all_exp-diff-login,OVB,ON,1
2026-08-22,2026-08-22 20:00,2026-08-23 00:00,ppc_ru_OVB_sr_gen_a-all_exp-diff-login,OVB,ON,1
2026-08-22,2026-08-22 20:00,2026-08-23 00:00,ppc_ru_SVX_sr_dsa_a-all_exp-diff-login,ural,OFF,0
2026-08-22,2026-08-22 20:00,2026-08-23 00:00,ppc_ru_SVX_sr_gen_a-all_exp-diff-login,ural,OFF,0
2026-08-22,2026-08-22 20:00,2026-08-23 00:00,ppc_ru_TJM_sr_dsa_a-all_exp-diff-login,ural,OFF,0
2026-08-22,2026-08-22 20:00,2026-08-23 00:00,ppc_ru_TJM_sr_gen_a-all_exp-diff-login,ural,OFF,0
2026-08-22,2026-08-22 20:00,2026-08-23 00:00,ppc_ru_UFA_sr_dsa_a-all_exp-diff-login,UFA,OFF,0
2026-08-22,2026-08-22 20:00,2026-08-23 00:00,ppc_ru_UFA_sr_gen_a-all_exp-diff-login,UFA,OFF,0
2026-08-22,2026-08-22 20:00,2026-08-23 00:00,ppc_ru_centr_sr_dsa_a-all_exp-diff-login,centr,OFF,0
2026-08-22,2026-08-22 20:00,2026-08-23 00:00,ppc_ru_centr_sr_gen_a-all_exp-diff-login,centr,OFF,0
2026-08-22,2026-08-22 20:00,2026-08-23 00:00,ppc_ru_sibir_sr_dsa_a-all_exp-diff-login,sibir,ON,1
2026-08-22,2026-08-22 20:00,2026-08-23 00:00,ppc_ru_sibir_sr_gen_a-all_exp-diff-login,sibir,ON,1
2026-08-22,2026-08-22 20:00,2026-08-23 00:00,ppc_ru_ural_sr_dsa_a-all_exp-diff-login,ural,OFF,0
2026-08-22,2026-08-22 20:00,2026-08-23 00:00,ppc_ru_ural_sr_gen_a-all_exp-diff-login,ural,OFF,0
2026-08-22,2026-08-22 20:00,2026-08-23 00:00,ppc_ru_ural_sr_s-auto_a-all_exp-diff-login,ural,OFF,0
2026-08-23,2026-08-23 00:00,2026-08-23 04:00,ppc_ru_IKT_sr_gen_a-all_exp-diff-login,sibir,OFF,0
2026-08-23,2026-08-23 00:00,2026-08-23 04:00,ppc_ru_KJA_sr_dsa_a-all_exp-diff-login,KJA,ON,1
2026-08-23,2026-08-23 00:00,2026-08-23 04:00,ppc_ru_KJA_sr_gen_a-all_exp-diff-login,KJA,ON,1
2026-08-23,2026-08-23 00:00,2026-08-23 04:00,ppc_ru_KRR_sr_dsa_a-all_exp-diff-login,KRR,OFF,0
2026-08-23,2026-08-23 00:00,2026-08-23 04:00,ppc_ru_KRR_sr_gen_a-all_exp-diff-login,KRR,OFF,0
2026-08-23,2026-08-23 00:00,2026-08-23 04:00,ppc_ru_KRR_sr_s-auto_a-all_exp-diff-login,KRR,OFF,0
2026-08-23,2026-08-23 00:00,2026-08-23 04:00,ppc_ru_KVKZ_sr_gen_a-all_exp-diff-login,KVKZ,ON,1
2026-08-23,2026-08-23 00:00,2026-08-23 04:00,ppc_ru_KVKZ_sr_s-auto_a-all_exp-diff-login,KVKZ,ON,1
2026-08-23,2026-08-23 00:00,2026-08-23 04:00,ppc_ru_KZN_sr_gen_a-all_exp-diff-login,KZN,ON,1
2026-08-23,2026-08-23 00:00,2026-08-23 04:00,ppc_ru_KZN_sr_s-auto_a-all_exp-diff-login,KZN,ON,1
2026-08-23,2026-08-23 00:00,2026-08-23 04:00,ppc_ru_LED_sr_dsa_a-all_exp-diff-login,LED,OFF,0
2026-08-23,2026-08-23 00:00,2026-08-23 04:00,ppc_ru_LED_sr_gen_a-all_exp-diff-login,LED,OFF,0
2026-08-23,2026-08-23 00:00,2026-08-23 04:00,ppc_ru_LED_sr_s-auto_a-all_exp-diff-login,LED,OFF,0
2026-08-23,2026-08-23 00:00,2026-08-23 04:00,ppc_ru_MOW_sr_dsa_a-all_exp-diff-login,MOW,ON,1
2026-08-23,2026-08-23 00:00,2026-08-23 04:00,ppc_ru_MOW_sr_gen_a-all_exp-diff-login,MOW,ON,1
2026-08-23,2026-08-23 00:00,2026-08-23 04:00,ppc_ru_MOW_sr_s-auto_a-all_exp-diff-login,MOW,ON,1
2026-08-23,2026-08-23 00:00,2026-08-23 04:00,ppc_ru_MOW_sr_s-auto_a-all_exp-diff-login_exp_travel-aud,MOW,ON,1
2026-08-23,2026-08-23 00:00,2026-08-23 04:00,ppc_ru_OVB_sr_dsa_a-all_exp-diff-login,OVB,ON,1
2026-08-23,2026-08-23 00:00,2026-08-23 04:00,ppc_ru_OVB_sr_gen_a-all_exp-diff-login,OVB,ON,1
2026-08-23,2026-08-23 00:00,2026-08-23 04:00,ppc_ru_SVX_sr_dsa_a-all_exp-diff-login,ural,OFF,0
2026-08-23,2026-08-23 00:00,2026-08-23 04:00,ppc_ru_SVX_sr_gen_a-all_exp-diff-login,ural,OFF,0
2026-08-23,2026-08-23 00:00,2026-08-23 04:00,ppc_ru_TJM_sr_dsa_a-all_exp-diff-login,ural,OFF,0
2026-08-23,2026-08-23 00:00,2026-08-23 04:00,ppc_ru_TJM_sr_gen_a-all_exp-diff-login,ural,OFF,0
2026-08-23,2026-08-23 00:00,2026-08-23 04:00,ppc_ru_UFA_sr_dsa_a-all_exp-diff-login,UFA,ON,1
2026-08-23,2026-08-23 00:00,2026-08-23 04:00,ppc_ru_UFA_sr_gen_a-all_exp-diff-login,UFA,ON,1
2026-08-23,2026-08-23 00:00,2026-08-23 04:00,ppc_ru_centr_sr_dsa_a-all_exp-diff-login,centr,ON,1
2026-08-23,2026-08-23 00:00,2026-08-23 04:00,ppc_ru_centr_sr_gen_a-all_exp-diff-login,centr,ON,1
2026-08-23,2026-08-23 00:00,2026-08-23 04:00,ppc_ru_sibir_sr_dsa_a-all_exp-diff-login,sibir,OFF,0
2026-08-23,2026-08-23 00:00,2026-08-23 04:00,ppc_ru_sibir_sr_gen_a-all_exp-diff-login,sibir,OFF,0
2026-08-23,2026-08-23 00:00,2026-08-23 04:00,ppc_ru_ural_sr_dsa_a-all_exp-diff-login,ural,OFF,0
2026-08-23,2026-08-23 00:00,2026-08-23 04:00,ppc_ru_ural_sr_gen_a-all_exp-diff-login,ural,OFF,0
2026-08-23,2026-08-23 00:00,2026-08-23 04:00,ppc_ru_ural_sr_s-auto_a-all_exp-diff-login,ural,OFF,0
2026-08-23,2026-08-23 04:00,2026-08-23 08:00,ppc_ru_IKT_sr_gen_a-all_exp-diff-login,sibir,OFF,0
2026-08-23,2026-08-23 04:00,2026-08-23 08:00,ppc_ru_KJA_sr_dsa_a-all_exp-diff-login,KJA,ON,1
2026-08-23,2026-08-23 04:00,2026-08-23 08:00,ppc_ru_KJA_sr_gen_a-all_exp-diff-login,KJA,ON,1
2026-08-23,2026-08-23 04:00,2026-08-23 08:00,ppc_ru_KRR_sr_dsa_a-all_exp-diff-login,KRR,ON,1
2026-08-23,2026-08-23 04:00,2026-08-23 08:00,ppc_ru_KRR_sr_gen_a-all_exp-diff-login,KRR,ON,1
2026-08-23,2026-08-23 04:00,2026-08-23 08:00,ppc_ru_KRR_sr_s-auto_a-all_exp-diff-login,KRR,ON,1
2026-08-23,2026-08-23 04:00,2026-08-23 08:00,ppc_ru_KVKZ_sr_gen_a-all_exp-diff-login,KVKZ,OFF,0
2026-08-23,2026-08-23 04:00,2026-08-23 08:00,ppc_ru_KVKZ_sr_s-auto_a-all_exp-diff-login,KVKZ,OFF,0
2026-08-23,2026-08-23 04:00,2026-08-23 08:00,ppc_ru_KZN_sr_gen_a-all_exp-diff-login,KZN,ON,1
2026-08-23,2026-08-23 04:00,2026-08-23 08:00,ppc_ru_KZN_sr_s-auto_a-all_exp-diff-login,KZN,ON,1
2026-08-23,2026-08-23 04:00,2026-08-23 08:00,ppc_ru_LED_sr_dsa_a-all_exp-diff-login,LED,ON,1
2026-08-23,2026-08-23 04:00,2026-08-23 08:00,ppc_ru_LED_sr_gen_a-all_exp-diff-login,LED,ON,1
2026-08-23,2026-08-23 04:00,2026-08-23 08:00,ppc_ru_LED_sr_s-auto_a-all_exp-diff-login,LED,ON,1
2026-08-23,2026-08-23 04:00,2026-08-23 08:00,ppc_ru_MOW_sr_dsa_a-all_exp-diff-login,MOW,ON,1
2026-08-23,2026-08-23 04:00,2026-08-23 08:00,ppc_ru_MOW_sr_gen_a-all_exp-diff-login,MOW,ON,1
2026-08-23,2026-08-23 04:00,2026-08-23 08:00,ppc_ru_MOW_sr_s-auto_a-all_exp-diff-login,MOW,ON,1
2026-08-23,2026-08-23 04:00,2026-08-23 08:00,ppc_ru_MOW_sr_s-auto_a-all_exp-diff-login_exp_travel-aud,MOW,ON,1
2026-08-23,2026-08-23 04:00,2026-08-23 08:00,ppc_ru_OVB_sr_dsa_a-all_exp-diff-login,OVB,OFF,0
2026-08-23,2026-08-23 04:00,2026-08-23 08:00,ppc_ru_OVB_sr_gen_a-all_exp-diff-login,OVB,OFF,0
2026-08-23,2026-08-23 04:00,2026-08-23 08:00,ppc_ru_SVX_sr_dsa_a-all_exp-diff-login,ural,OFF,0
2026-08-23,2026-08-23 04:00,2026-08-23 08:00,ppc_ru_SVX_sr_gen_a-all_exp-diff-login,ural,OFF,0
2026-08-23,2026-08-23 04:00,2026-08-23 08:00,ppc_ru_TJM_sr_dsa_a-all_exp-diff-login,ural,OFF,0
2026-08-23,2026-08-23 04:00,2026-08-23 08:00,ppc_ru_TJM_sr_gen_a-all_exp-diff-login,ural,OFF,0
2026-08-23,2026-08-23 04:00,2026-08-23 08:00,ppc_ru_UFA_sr_dsa_a-all_exp-diff-login,UFA,ON,1
2026-08-23,2026-08-23 04:00,2026-08-23 08:00,ppc_ru_UFA_sr_gen_a-all_exp-diff-login,UFA,ON,1
2026-08-23,2026-08-23 04:00,2026-08-23 08:00,ppc_ru_centr_sr_dsa_a-all_exp-diff-login,centr,OFF,0
2026-08-23,2026-08-23 04:00,2026-08-23 08:00,ppc_ru_centr_sr_gen_a-all_exp-diff-login,centr,OFF,0
2026-08-23,2026-08-23 04:00,2026-08-23 08:00,ppc_ru_sibir_sr_dsa_a-all_exp-diff-login,sibir,OFF,0
2026-08-23,2026-08-23 04:00,2026-08-23 08:00,ppc_ru_sibir_sr_gen_a-all_exp-diff-login,sibir,OFF,0
2026-08-23,2026-08-23 04:00,2026-08-23 08:00,ppc_ru_ural_sr_dsa_a-all_exp-diff-login,ural,OFF,0
2026-08-23,2026-08-23 04:00,2026-08-23 08:00,ppc_ru_ural_sr_gen_a-all_exp-diff-login,ural,OFF,0
2026-08-23,2026-08-23 04:00,2026-08-23 08:00,ppc_ru_ural_sr_s-auto_a-all_exp-diff-login,ural,OFF,0
2026-08-23,2026-08-23 08:00,2026-08-23 12:00,ppc_ru_IKT_sr_gen_a-all_exp-diff-login,sibir,ON,1
2026-08-23,2026-08-23 08:00,2026-08-23 12:00,ppc_ru_KJA_sr_dsa_a-all_exp-diff-login,KJA,OFF,0
2026-08-23,2026-08-23 08:00,2026-08-23 12:00,ppc_ru_KJA_sr_gen_a-all_exp-diff-login,KJA,OFF,0
2026-08-23,2026-08-23 08:00,2026-08-23 12:00,ppc_ru_KRR_sr_dsa_a-all_exp-diff-login,KRR,OFF,0
2026-08-23,2026-08-23 08:00,2026-08-23 12:00,ppc_ru_KRR_sr_gen_a-all_exp-diff-login,KRR,OFF,0
2026-08-23,2026-08-23 08:00,2026-08-23 12:00,ppc_ru_KRR_sr_s-auto_a-all_exp-diff-login,KRR,OFF,0
2026-08-23,2026-08-23 08:00,2026-08-23 12:00,ppc_ru_KVKZ_sr_gen_a-all_exp-diff-login,KVKZ,OFF,0
2026-08-23,2026-08-23 08:00,2026-08-23 12:00,ppc_ru_KVKZ_sr_s-auto_a-all_exp-diff-login,KVKZ,OFF,0
2026-08-23,2026-08-23 08:00,2026-08-23 12:00,ppc_ru_KZN_sr_gen_a-all_exp-diff-login,KZN,OFF,0
2026-08-23,2026-08-23 08:00,2026-08-23 12:00,ppc_ru_KZN_sr_s-auto_a-all_exp-diff-login,KZN,OFF,0
2026-08-23,2026-08-23 08:00,2026-08-23 12:00,ppc_ru_LED_sr_dsa_a-all_exp-diff-login,LED,OFF,0
2026-08-23,2026-08-23 08:00,2026-08-23 12:00,ppc_ru_LED_sr_gen_a-all_exp-diff-login,LED,OFF,0
2026-08-23,2026-08-23 08:00,2026-08-23 12:00,ppc_ru_LED_sr_s-auto_a-all_exp-diff-login,LED,OFF,0
2026-08-23,2026-08-23 08:00,2026-08-23 12:00,ppc_ru_MOW_sr_dsa_a-all_exp-diff-login,MOW,ON,1
2026-08-23,2026-08-23 08:00,2026-08-23 12:00,ppc_ru_MOW_sr_gen_a-all_exp-diff-login,MOW,ON,1
2026-08-23,2026-08-23 08:00,2026-08-23 12:00,ppc_ru_MOW_sr_s-auto_a-all_exp-diff-login,MOW,ON,1
2026-08-23,2026-08-23 08:00,2026-08-23 12:00,ppc_ru_MOW_sr_s-auto_a-all_exp-diff-login_exp_travel-aud,MOW,ON,1
2026-08-23,2026-08-23 08:00,2026-08-23 12:00,ppc_ru_OVB_sr_dsa_a-all_exp-diff-login,OVB,ON,1
2026-08-23,2026-08-23 08:00,2026-08-23 12:00,ppc_ru_OVB_sr_gen_a-all_exp-diff-login,OVB,ON,1
2026-08-23,2026-08-23 08:00,2026-08-23 12:00,ppc_ru_SVX_sr_dsa_a-all_exp-diff-login,ural,OFF,0
2026-08-23,2026-08-23 08:00,2026-08-23 12:00,ppc_ru_SVX_sr_gen_a-all_exp-diff-login,ural,OFF,0
2026-08-23,2026-08-23 08:00,2026-08-23 12:00,ppc_ru_TJM_sr_dsa_a-all_exp-diff-login,ural,OFF,0
2026-08-23,2026-08-23 08:00,2026-08-23 12:00,ppc_ru_TJM_sr_gen_a-all_exp-diff-login,ural,OFF,0
2026-08-23,2026-08-23 08:00,2026-08-23 12:00,ppc_ru_UFA_sr_dsa_a-all_exp-diff-login,UFA,OFF,0
2026-08-23,2026-08-23 08:00,2026-08-23 12:00,ppc_ru_UFA_sr_gen_a-all_exp-diff-login,UFA,OFF,0
2026-08-23,2026-08-23 08:00,2026-08-23 12:00,ppc_ru_centr_sr_dsa_a-all_exp-diff-login,centr,ON,1
2026-08-23,2026-08-23 08:00,2026-08-23 12:00,ppc_ru_centr_sr_gen_a-all_exp-diff-login,centr,ON,1
2026-08-23,2026-08-23 08:00,2026-08-23 12:00,ppc_ru_sibir_sr_dsa_a-all_exp-diff-login,sibir,ON,1
2026-08-23,2026-08-23 08:00,2026-08-23 12:00,ppc_ru_sibir_sr_gen_a-all_exp-diff-login,sibir,ON,1
2026-08-23,2026-08-23 08:00,2026-08-23 12:00,ppc_ru_ural_sr_dsa_a-all_exp-diff-login,ural,OFF,0
2026-08-23,2026-08-23 08:00,2026-08-23 12:00,ppc_ru_ural_sr_gen_a-all_exp-diff-login,ural,OFF,0
2026-08-23,2026-08-23 08:00,2026-08-23 12:00,ppc_ru_ural_sr_s-auto_a-all_exp-diff-login,ural,OFF,0
2026-08-23,2026-08-23 12:00,2026-08-23 16:00,ppc_ru_IKT_sr_gen_a-all_exp-diff-login,sibir,ON,1
2026-08-23,2026-08-23 12:00,2026-08-23 16:00,ppc_ru_KJA_sr_dsa_a-all_exp-diff-login,KJA,ON,1
2026-08-23,2026-08-23 12:00,2026-08-23 16:00,ppc_ru_KJA_sr_gen_a-all_exp-diff-login,KJA,ON,1
2026-08-23,2026-08-23 12:00,2026-08-23 16:00,ppc_ru_KRR_sr_dsa_a-all_exp-diff-login,KRR,ON,1
2026-08-23,2026-08-23 12:00,2026-08-23 16:00,ppc_ru_KRR_sr_gen_a-all_exp-diff-login,KRR,ON,1
2026-08-23,2026-08-23 12:00,2026-08-23 16:00,ppc_ru_KRR_sr_s-auto_a-all_exp-diff-login,KRR,ON,1
2026-08-23,2026-08-23 12:00,2026-08-23 16:00,ppc_ru_KVKZ_sr_gen_a-all_exp-diff-login,KVKZ,ON,1
2026-08-23,2026-08-23 12:00,2026-08-23 16:00,ppc_ru_KVKZ_sr_s-auto_a-all_exp-diff-login,KVKZ,ON,1
2026-08-23,2026-08-23 12:00,2026-08-23 16:00,ppc_ru_KZN_sr_gen_a-all_exp-diff-login,KZN,OFF,0
2026-08-23,2026-08-23 12:00,2026-08-23 16:00,ppc_ru_KZN_sr_s-auto_a-all_exp-diff-login,KZN,OFF,0
2026-08-23,2026-08-23 12:00,2026-08-23 16:00,ppc_ru_LED_sr_dsa_a-all_exp-diff-login,LED,ON,1
2026-08-23,2026-08-23 12:00,2026-08-23 16:00,ppc_ru_LED_sr_gen_a-all_exp-diff-login,LED,ON,1
2026-08-23,2026-08-23 12:00,2026-08-23 16:00,ppc_ru_LED_sr_s-auto_a-all_exp-diff-login,LED,ON,1
2026-08-23,2026-08-23 12:00,2026-08-23 16:00,ppc_ru_MOW_sr_dsa_a-all_exp-diff-login,MOW,OFF,0
2026-08-23,2026-08-23 12:00,2026-08-23 16:00,ppc_ru_MOW_sr_gen_a-all_exp-diff-login,MOW,OFF,0
2026-08-23,2026-08-23 12:00,2026-08-23 16:00,ppc_ru_MOW_sr_s-auto_a-all_exp-diff-login,MOW,OFF,0
2026-08-23,2026-08-23 12:00,2026-08-23 16:00,ppc_ru_MOW_sr_s-auto_a-all_exp-diff-login_exp_travel-aud,MOW,OFF,0
2026-08-23,2026-08-23 12:00,2026-08-23 16:00,ppc_ru_OVB_sr_dsa_a-all_exp-diff-login,OVB,ON,1
2026-08-23,2026-08-23 12:00,2026-08-23 16:00,ppc_ru_OVB_sr_gen_a-all_exp-diff-login,OVB,ON,1
2026-08-23,2026-08-23 12:00,2026-08-23 16:00,ppc_ru_SVX_sr_dsa_a-all_exp-diff-login,ural,ON,1
2026-08-23,2026-08-23 12:00,2026-08-23 16:00,ppc_ru_SVX_sr_gen_a-all_exp-diff-login,ural,ON,1
2026-08-23,2026-08-23 12:00,2026-08-23 16:00,ppc_ru_TJM_sr_dsa_a-all_exp-diff-login,ural,ON,1
2026-08-23,2026-08-23 12:00,2026-08-23 16:00,ppc_ru_TJM_sr_gen_a-all_exp-diff-login,ural,ON,1
2026-08-23,2026-08-23 12:00,2026-08-23 16:00,ppc_ru_UFA_sr_dsa_a-all_exp-diff-login,UFA,ON,1
2026-08-23,2026-08-23 12:00,2026-08-23 16:00,ppc_ru_UFA_sr_gen_a-all_exp-diff-login,UFA,ON,1
2026-08-23,2026-08-23 12:00,2026-08-23 16:00,ppc_ru_centr_sr_dsa_a-all_exp-diff-login,centr,OFF,0
2026-08-23,2026-08-23 12:00,2026-08-23 16:00,ppc_ru_centr_sr_gen_a-all_exp-diff-login,centr,OFF,0
2026-08-23,2026-08-23 12:00,2026-08-23 16:00,ppc_ru_sibir_sr_dsa_a-all_exp-diff-login,sibir,ON,1
2026-08-23,2026-08-23 12:00,2026-08-23 16:00,ppc_ru_sibir_sr_gen_a-all_exp-diff-login,sibir,ON,1
2026-08-23,2026-08-23 12:00,2026-08-23 16:00,ppc_ru_ural_sr_dsa_a-all_exp-diff-login,ural,ON,1
2026-08-23,2026-08-23 12:00,2026-08-23 16:00,ppc_ru_ural_sr_gen_a-all_exp-diff-login,ural,ON,1
2026-08-23,2026-08-23 12:00,2026-08-23 16:00,ppc_ru_ural_sr_s-auto_a-all_exp-diff-login,ural,ON,1
2026-08-23,2026-08-23 16:00,2026-08-23 20:00,ppc_ru_IKT_sr_gen_a-all_exp-diff-login,sibir,ON,1
2026-08-23,2026-08-23 16:00,2026-08-23 20:00,ppc_ru_KJA_sr_dsa_a-all_exp-diff-login,KJA,OFF,0
2026-08-23,2026-08-23 16:00,2026-08-23 20:00,ppc_ru_KJA_sr_gen_a-all_exp-diff-login,KJA,OFF,0
2026-08-23,2026-08-23 16:00,2026-08-23 20:00,ppc_ru_KRR_sr_dsa_a-all_exp-diff-login,KRR,ON,1
2026-08-23,2026-08-23 16:00,2026-08-23 20:00,ppc_ru_KRR_sr_gen_a-all_exp-diff-login,KRR,ON,1
2026-08-23,2026-08-23 16:00,2026-08-23 20:00,ppc_ru_KRR_sr_s-auto_a-all_exp-diff-login,KRR,ON,1
2026-08-23,2026-08-23 16:00,2026-08-23 20:00,ppc_ru_KVKZ_sr_gen_a-all_exp-diff-login,KVKZ,OFF,0
2026-08-23,2026-08-23 16:00,2026-08-23 20:00,ppc_ru_KVKZ_sr_s-auto_a-all_exp-diff-login,KVKZ,OFF,0
2026-08-23,2026-08-23 16:00,2026-08-23 20:00,ppc_ru_KZN_sr_gen_a-all_exp-diff-login,KZN,ON,1
2026-08-23,2026-08-23 16:00,2026-08-23 20:00,ppc_ru_KZN_sr_s-auto_a-all_exp-diff-login,KZN,ON,1
2026-08-23,2026-08-23 16:00,2026-08-23 20:00,ppc_ru_LED_sr_dsa_a-all_exp-diff-login,LED,OFF,0
2026-08-23,2026-08-23 16:00,2026-08-23 20:00,ppc_ru_LED_sr_gen_a-all_exp-diff-login,LED,OFF,0
2026-08-23,2026-08-23 16:00,2026-08-23 20:00,ppc_ru_LED_sr_s-auto_a-all_exp-diff-login,LED,OFF,0
2026-08-23,2026-08-23 16:00,2026-08-23 20:00,ppc_ru_MOW_sr_dsa_a-all_exp-diff-login,MOW,OFF,0
2026-08-23,2026-08-23 16:00,2026-08-23 20:00,ppc_ru_MOW_sr_gen_a-all_exp-diff-login,MOW,OFF,0
2026-08-23,2026-08-23 16:00,2026-08-23 20:00,ppc_ru_MOW_sr_s-auto_a-all_exp-diff-login,MOW,OFF,0
2026-08-23,2026-08-23 16:00,2026-08-23 20:00,ppc_ru_MOW_sr_s-auto_a-all_exp-diff-login_exp_travel-aud,MOW,OFF,0
2026-08-23,2026-08-23 16:00,2026-08-23 20:00,ppc_ru_OVB_sr_dsa_a-all_exp-diff-login,OVB,OFF,0
2026-08-23,2026-08-23 16:00,2026-08-23 20:00,ppc_ru_OVB_sr_gen_a-all_exp-diff-login,OVB,OFF,0
2026-08-23,2026-08-23 16:00,2026-08-23 20:00,ppc_ru_SVX_sr_dsa_a-all_exp-diff-login,ural,ON,1
2026-08-23,2026-08-23 16:00,2026-08-23 20:00,ppc_ru_SVX_sr_gen_a-all_exp-diff-login,ural,ON,1
2026-08-23,2026-08-23 16:00,2026-08-23 20:00,ppc_ru_TJM_sr_dsa_a-all_exp-diff-login,ural,ON,1
2026-08-23,2026-08-23 16:00,2026-08-23 20:00,ppc_ru_TJM_sr_gen_a-all_exp-diff-login,ural,ON,1
2026-08-23,2026-08-23 16:00,2026-08-23 20:00,ppc_ru_UFA_sr_dsa_a-all_exp-diff-login,UFA,OFF,0
2026-08-23,2026-08-23 16:00,2026-08-23 20:00,ppc_ru_UFA_sr_gen_a-all_exp-diff-login,UFA,OFF,0
2026-08-23,2026-08-23 16:00,2026-08-23 20:00,ppc_ru_centr_sr_dsa_a-all_exp-diff-login,centr,OFF,0
2026-08-23,2026-08-23 16:00,2026-08-23 20:00,ppc_ru_centr_sr_gen_a-all_exp-diff-login,centr,OFF,0
2026-08-23,2026-08-23 16:00,2026-08-23 20:00,ppc_ru_sibir_sr_dsa_a-all_exp-diff-login,sibir,ON,1
2026-08-23,2026-08-23 16:00,2026-08-23 20:00,ppc_ru_sibir_sr_gen_a-all_exp-diff-login,sibir,ON,1
2026-08-23,2026-08-23 16:00,2026-08-23 20:00,ppc_ru_ural_sr_dsa_a-all_exp-diff-login,ural,ON,1
2026-08-23,2026-08-23 16:00,2026-08-23 20:00,ppc_ru_ural_sr_gen_a-all_exp-diff-login,ural,ON,1
2026-08-23,2026-08-23 16:00,2026-08-23 20:00,ppc_ru_ural_sr_s-auto_a-all_exp-diff-login,ural,ON,1
2026-08-23,2026-08-23 20:00,2026-08-24 00:00,ppc_ru_IKT_sr_gen_a-all_exp-diff-login,sibir,OFF,0
2026-08-23,2026-08-23 20:00,2026-08-24 00:00,ppc_ru_KJA_sr_dsa_a-all_exp-diff-login,KJA,OFF,0
2026-08-23,2026-08-23 20:00,2026-08-24 00:00,ppc_ru_KJA_sr_gen_a-all_exp-diff-login,KJA,OFF,0
2026-08-23,2026-08-23 20:00,2026-08-24 00:00,ppc_ru_KRR_sr_dsa_a-all_exp-diff-login,KRR,OFF,0
2026-08-23,2026-08-23 20:00,2026-08-24 00:00,ppc_ru_KRR_sr_gen_a-all_exp-diff-login,KRR,OFF,0
2026-08-23,2026-08-23 20:00,2026-08-24 00:00,ppc_ru_KRR_sr_s-auto_a-all_exp-diff-login,KRR,OFF,0
2026-08-23,2026-08-23 20:00,2026-08-24 00:00,ppc_ru_KVKZ_sr_gen_a-all_exp-diff-login,KVKZ,ON,1
2026-08-23,2026-08-23 20:00,2026-08-24 00:00,ppc_ru_KVKZ_sr_s-auto_a-all_exp-diff-login,KVKZ,ON,1
2026-08-23,2026-08-23 20:00,2026-08-24 00:00,ppc_ru_KZN_sr_gen_a-all_exp-diff-login,KZN,OFF,0
2026-08-23,2026-08-23 20:00,2026-08-24 00:00,ppc_ru_KZN_sr_s-auto_a-all_exp-diff-login,KZN,OFF,0
2026-08-23,2026-08-23 20:00,2026-08-24 00:00,ppc_ru_LED_sr_dsa_a-all_exp-diff-login,LED,ON,1
2026-08-23,2026-08-23 20:00,2026-08-24 00:00,ppc_ru_LED_sr_gen_a-all_exp-diff-login,LED,ON,1
2026-08-23,2026-08-23 20:00,2026-08-24 00:00,ppc_ru_LED_sr_s-auto_a-all_exp-diff-login,LED,ON,1
2026-08-23,2026-08-23 20:00,2026-08-24 00:00,ppc_ru_MOW_sr_dsa_a-all_exp-diff-login,MOW,OFF,0
2026-08-23,2026-08-23 20:00,2026-08-24 00:00,ppc_ru_MOW_sr_gen_a-all_exp-diff-login,MOW,OFF,0
2026-08-23,2026-08-23 20:00,2026-08-24 00:00,ppc_ru_MOW_sr_s-auto_a-all_exp-diff-login,MOW,OFF,0
2026-08-23,2026-08-23 20:00,2026-08-24 00:00,ppc_ru_MOW_sr_s-auto_a-all_exp-diff-login_exp_travel-aud,MOW,OFF,0
2026-08-23,2026-08-23 20:00,2026-08-24 00:00,ppc_ru_OVB_sr_dsa_a-all_exp-diff-login,OVB,OFF,0
2026-08-23,2026-08-23 20:00,2026-08-24 00:00,ppc_ru_OVB_sr_gen_a-all_exp-diff-login,OVB,OFF,0
2026-08-23,2026-08-23 20:00,2026-08-24 00:00,ppc_ru_SVX_sr_dsa_a-all_exp-diff-login,ural,ON,1
2026-08-23,2026-08-23 20:00,2026-08-24 00:00,ppc_ru_SVX_sr_gen_a-all_exp-diff-login,ural,ON,1
2026-08-23,2026-08-23 20:00,2026-08-24 00:00,ppc_ru_TJM_sr_dsa_a-all_exp-diff-login,ural,ON,1
2026-08-23,2026-08-23 20:00,2026-08-24 00:00,ppc_ru_TJM_sr_gen_a-all_exp-diff-login,ural,ON,1
2026-08-23,2026-08-23 20:00,2026-08-24 00:00,ppc_ru_UFA_sr_dsa_a-all_exp-diff-login,UFA,OFF,0
2026-08-23,2026-08-23 20:00,2026-08-24 00:00,ppc_ru_UFA_sr_gen_a-all_exp-diff-login,UFA,OFF,0
2026-08-23,2026-08-23 20:00,2026-08-24 00:00,ppc_ru_centr_sr_dsa_a-all_exp-diff-login,centr,ON,1
2026-08-23,2026-08-23 20:00,2026-08-24 00:00,ppc_ru_centr_sr_gen_a-all_exp-diff-login,centr,ON,1
2026-08-23,2026-08-23 20:00,2026-08-24 00:00,ppc_ru_sibir_sr_dsa_a-all_exp-diff-login,sibir,OFF,0
2026-08-23,2026-08-23 20:00,2026-08-24 00:00,ppc_ru_sibir_sr_gen_a-all_exp-diff-login,sibir,OFF,0
2026-08-23,2026-08-23 20:00,2026-08-24 00:00,ppc_ru_ural_sr_dsa_a-all_exp-diff-login,ural,ON,1
2026-08-23,2026-08-23 20:00,2026-08-24 00:00,ppc_ru_ural_sr_gen_a-all_exp-diff-login,ural,ON,1
2026-08-23,2026-08-23 20:00,2026-08-24 00:00,ppc_ru_ural_sr_s-auto_a-all_exp-diff-login,ural,ON,1
2026-08-24,2026-08-24 00:00,2026-08-24 04:00,ppc_ru_IKT_sr_gen_a-all_exp-diff-login,sibir,ON,1
2026-08-24,2026-08-24 00:00,2026-08-24 04:00,ppc_ru_KJA_sr_dsa_a-all_exp-diff-login,KJA,ON,1
2026-08-24,2026-08-24 00:00,2026-08-24 04:00,ppc_ru_KJA_sr_gen_a-all_exp-diff-login,KJA,ON,1
2026-08-24,2026-08-24 00:00,2026-08-24 04:00,ppc_ru_KRR_sr_dsa_a-all_exp-diff-login,KRR,ON,1
2026-08-24,2026-08-24 00:00,2026-08-24 04:00,ppc_ru_KRR_sr_gen_a-all_exp-diff-login,KRR,ON,1
2026-08-24,2026-08-24 00:00,2026-08-24 04:00,ppc_ru_KRR_sr_s-auto_a-all_exp-diff-login,KRR,ON,1
2026-08-24,2026-08-24 00:00,2026-08-24 04:00,ppc_ru_KVKZ_sr_gen_a-all_exp-diff-login,KVKZ,OFF,0
2026-08-24,2026-08-24 00:00,2026-08-24 04:00,ppc_ru_KVKZ_sr_s-auto_a-all_exp-diff-login,KVKZ,OFF,0
2026-08-24,2026-08-24 00:00,2026-08-24 04:00,ppc_ru_KZN_sr_gen_a-all_exp-diff-login,KZN,ON,1
2026-08-24,2026-08-24 00:00,2026-08-24 04:00,ppc_ru_KZN_sr_s-auto_a-all_exp-diff-login,KZN,ON,1
2026-08-24,2026-08-24 00:00,2026-08-24 04:00,ppc_ru_LED_sr_dsa_a-all_exp-diff-login,LED,OFF,0
2026-08-24,2026-08-24 00:00,2026-08-24 04:00,ppc_ru_LED_sr_gen_a-all_exp-diff-login,LED,OFF,0
2026-08-24,2026-08-24 00:00,2026-08-24 04:00,ppc_ru_LED_sr_s-auto_a-all_exp-diff-login,LED,OFF,0
2026-08-24,2026-08-24 00:00,2026-08-24 04:00,ppc_ru_MOW_sr_dsa_a-all_exp-diff-login,MOW,OFF,0
2026-08-24,2026-08-24 00:00,2026-08-24 04:00,ppc_ru_MOW_sr_gen_a-all_exp-diff-login,MOW,OFF,0
2026-08-24,2026-08-24 00:00,2026-08-24 04:00,ppc_ru_MOW_sr_s-auto_a-all_exp-diff-login,MOW,OFF,0
2026-08-24,2026-08-24 00:00,2026-08-24 04:00,ppc_ru_MOW_sr_s-auto_a-all_exp-diff-login_exp_travel-aud,MOW,OFF,0
2026-08-24,2026-08-24 00:00,2026-08-24 04:00,ppc_ru_OVB_sr_dsa_a-all_exp-diff-login,OVB,ON,1
2026-08-24,2026-08-24 00:00,2026-08-24 04:00,ppc_ru_OVB_sr_gen_a-all_exp-diff-login,OVB,ON,1
2026-08-24,2026-08-24 00:00,2026-08-24 04:00,ppc_ru_SVX_sr_dsa_a-all_exp-diff-login,ural,ON,1
2026-08-24,2026-08-24 00:00,2026-08-24 04:00,ppc_ru_SVX_sr_gen_a-all_exp-diff-login,ural,ON,1
2026-08-24,2026-08-24 00:00,2026-08-24 04:00,ppc_ru_TJM_sr_dsa_a-all_exp-diff-login,ural,ON,1
2026-08-24,2026-08-24 00:00,2026-08-24 04:00,ppc_ru_TJM_sr_gen_a-all_exp-diff-login,ural,ON,1
2026-08-24,2026-08-24 00:00,2026-08-24 04:00,ppc_ru_UFA_sr_dsa_a-all_exp-diff-login,UFA,ON,1
2026-08-24,2026-08-24 00:00,2026-08-24 04:00,ppc_ru_UFA_sr_gen_a-all_exp-diff-login,UFA,ON,1
2026-08-24,2026-08-24 00:00,2026-08-24 04:00,ppc_ru_centr_sr_dsa_a-all_exp-diff-login,centr,OFF,0
2026-08-24,2026-08-24 00:00,2026-08-24 04:00,ppc_ru_centr_sr_gen_a-all_exp-diff-login,centr,OFF,0
2026-08-24,2026-08-24 00:00,2026-08-24 04:00,ppc_ru_sibir_sr_dsa_a-all_exp-diff-login,sibir,ON,1
2026-08-24,2026-08-24 00:00,2026-08-24 04:00,ppc_ru_sibir_sr_gen_a-all_exp-diff-login,sibir,ON,1
2026-08-24,2026-08-24 00:00,2026-08-24 04:00,ppc_ru_ural_sr_dsa_a-all_exp-diff-login,ural,ON,1
2026-08-24,2026-08-24 00:00,2026-08-24 04:00,ppc_ru_ural_sr_gen_a-all_exp-diff-login,ural,ON,1
2026-08-24,2026-08-24 00:00,2026-08-24 04:00,ppc_ru_ural_sr_s-auto_a-all_exp-diff-login,ural,ON,1
2026-08-24,2026-08-24 04:00,2026-08-24 08:00,ppc_ru_IKT_sr_gen_a-all_exp-diff-login,sibir,OFF,0
2026-08-24,2026-08-24 04:00,2026-08-24 08:00,ppc_ru_KJA_sr_dsa_a-all_exp-diff-login,KJA,ON,1
2026-08-24,2026-08-24 04:00,2026-08-24 08:00,ppc_ru_KJA_sr_gen_a-all_exp-diff-login,KJA,ON,1
2026-08-24,2026-08-24 04:00,2026-08-24 08:00,ppc_ru_KRR_sr_dsa_a-all_exp-diff-login,KRR,ON,1
2026-08-24,2026-08-24 04:00,2026-08-24 08:00,ppc_ru_KRR_sr_gen_a-all_exp-diff-login,KRR,ON,1
2026-08-24,2026-08-24 04:00,2026-08-24 08:00,ppc_ru_KRR_sr_s-auto_a-all_exp-diff-login,KRR,ON,1
2026-08-24,2026-08-24 04:00,2026-08-24 08:00,ppc_ru_KVKZ_sr_gen_a-all_exp-diff-login,KVKZ,ON,1
2026-08-24,2026-08-24 04:00,2026-08-24 08:00,ppc_ru_KVKZ_sr_s-auto_a-all_exp-diff-login,KVKZ,ON,1
2026-08-24,2026-08-24 04:00,2026-08-24 08:00,ppc_ru_KZN_sr_gen_a-all_exp-diff-login,KZN,OFF,0
2026-08-24,2026-08-24 04:00,2026-08-24 08:00,ppc_ru_KZN_sr_s-auto_a-all_exp-diff-login,KZN,OFF,0
2026-08-24,2026-08-24 04:00,2026-08-24 08:00,ppc_ru_LED_sr_dsa_a-all_exp-diff-login,LED,ON,1
2026-08-24,2026-08-24 04:00,2026-08-24 08:00,ppc_ru_LED_sr_gen_a-all_exp-diff-login,LED,ON,1
2026-08-24,2026-08-24 04:00,2026-08-24 08:00,ppc_ru_LED_sr_s-auto_a-all_exp-diff-login,LED,ON,1
2026-08-24,2026-08-24 04:00,2026-08-24 08:00,ppc_ru_MOW_sr_dsa_a-all_exp-diff-login,MOW,ON,1
2026-08-24,2026-08-24 04:00,2026-08-24 08:00,ppc_ru_MOW_sr_gen_a-all_exp-diff-login,MOW,ON,1
2026-08-24,2026-08-24 04:00,2026-08-24 08:00,ppc_ru_MOW_sr_s-auto_a-all_exp-diff-login,MOW,ON,1
2026-08-24,2026-08-24 04:00,2026-08-24 08:00,ppc_ru_MOW_sr_s-auto_a-all_exp-diff-login_exp_travel-aud,MOW,ON,1
2026-08-24,2026-08-24 04:00,2026-08-24 08:00,ppc_ru_OVB_sr_dsa_a-all_exp-diff-login,OVB,ON,1
2026-08-24,2026-08-24 04:00,2026-08-24 08:00,ppc_ru_OVB_sr_gen_a-all_exp-diff-login,OVB,ON,1
2026-08-24,2026-08-24 04:00,2026-08-24 08:00,ppc_ru_SVX_sr_dsa_a-all_exp-diff-login,ural,OFF,0
2026-08-24,2026-08-24 04:00,2026-08-24 08:00,ppc_ru_SVX_sr_gen_a-all_exp-diff-login,ural,OFF,0
2026-08-24,2026-08-24 04:00,2026-08-24 08:00,ppc_ru_TJM_sr_dsa_a-all_exp-diff-login,ural,OFF,0
2026-08-24,2026-08-24 04:00,2026-08-24 08:00,ppc_ru_TJM_sr_gen_a-all_exp-diff-login,ural,OFF,0
2026-08-24,2026-08-24 04:00,2026-08-24 08:00,ppc_ru_UFA_sr_dsa_a-all_exp-diff-login,UFA,ON,1
2026-08-24,2026-08-24 04:00,2026-08-24 08:00,ppc_ru_UFA_sr_gen_a-all_exp-diff-login,UFA,ON,1
2026-08-24,2026-08-24 04:00,2026-08-24 08:00,ppc_ru_centr_sr_dsa_a-all_exp-diff-login,centr,OFF,0
2026-08-24,2026-08-24 04:00,2026-08-24 08:00,ppc_ru_centr_sr_gen_a-all_exp-diff-login,centr,OFF,0
2026-08-24,2026-08-24 04:00,2026-08-24 08:00,ppc_ru_sibir_sr_dsa_a-all_exp-diff-login,sibir,OFF,0
2026-08-24,2026-08-24 04:00,2026-08-24 08:00,ppc_ru_sibir_sr_gen_a-all_exp-diff-login,sibir,OFF,0
2026-08-24,2026-08-24 04:00,2026-08-24 08:00,ppc_ru_ural_sr_dsa_a-all_exp-diff-login,ural,OFF,0
2026-08-24,2026-08-24 04:00,2026-08-24 08:00,ppc_ru_ural_sr_gen_a-all_exp-diff-login,ural,OFF,0
2026-08-24,2026-08-24 04:00,2026-08-24 08:00,ppc_ru_ural_sr_s-auto_a-all_exp-diff-login,ural,OFF,0
2026-08-24,2026-08-24 08:00,2026-08-24 12:00,ppc_ru_IKT_sr_gen_a-all_exp-diff-login,sibir,OFF,0
2026-08-24,2026-08-24 08:00,2026-08-24 12:00,ppc_ru_KJA_sr_dsa_a-all_exp-diff-login,KJA,OFF,0
2026-08-24,2026-08-24 08:00,2026-08-24 12:00,ppc_ru_KJA_sr_gen_a-all_exp-diff-login,KJA,OFF,0
2026-08-24,2026-08-24 08:00,2026-08-24 12:00,ppc_ru_KRR_sr_dsa_a-all_exp-diff-login,KRR,ON,1
2026-08-24,2026-08-24 08:00,2026-08-24 12:00,ppc_ru_KRR_sr_gen_a-all_exp-diff-login,KRR,ON,1
2026-08-24,2026-08-24 08:00,2026-08-24 12:00,ppc_ru_KRR_sr_s-auto_a-all_exp-diff-login,KRR,ON,1
2026-08-24,2026-08-24 08:00,2026-08-24 12:00,ppc_ru_KVKZ_sr_gen_a-all_exp-diff-login,KVKZ,ON,1
2026-08-24,2026-08-24 08:00,2026-08-24 12:00,ppc_ru_KVKZ_sr_s-auto_a-all_exp-diff-login,KVKZ,ON,1
2026-08-24,2026-08-24 08:00,2026-08-24 12:00,ppc_ru_KZN_sr_gen_a-all_exp-diff-login,KZN,OFF,0
2026-08-24,2026-08-24 08:00,2026-08-24 12:00,ppc_ru_KZN_sr_s-auto_a-all_exp-diff-login,KZN,OFF,0
2026-08-24,2026-08-24 08:00,2026-08-24 12:00,ppc_ru_LED_sr_dsa_a-all_exp-diff-login,LED,OFF,0
2026-08-24,2026-08-24 08:00,2026-08-24 12:00,ppc_ru_LED_sr_gen_a-all_exp-diff-login,LED,OFF,0
2026-08-24,2026-08-24 08:00,2026-08-24 12:00,ppc_ru_LED_sr_s-auto_a-all_exp-diff-login,LED,OFF,0
2026-08-24,2026-08-24 08:00,2026-08-24 12:00,ppc_ru_MOW_sr_dsa_a-all_exp-diff-login,MOW,OFF,0
2026-08-24,2026-08-24 08:00,2026-08-24 12:00,ppc_ru_MOW_sr_gen_a-all_exp-diff-login,MOW,OFF,0
2026-08-24,2026-08-24 08:00,2026-08-24 12:00,ppc_ru_MOW_sr_s-auto_a-all_exp-diff-login,MOW,OFF,0
2026-08-24,2026-08-24 08:00,2026-08-24 12:00,ppc_ru_MOW_sr_s-auto_a-all_exp-diff-login_exp_travel-aud,MOW,OFF,0
2026-08-24,2026-08-24 08:00,2026-08-24 12:00,ppc_ru_OVB_sr_dsa_a-all_exp-diff-login,OVB,OFF,0
2026-08-24,2026-08-24 08:00,2026-08-24 12:00,ppc_ru_OVB_sr_gen_a-all_exp-diff-login,OVB,OFF,0
2026-08-24,2026-08-24 08:00,2026-08-24 12:00,ppc_ru_SVX_sr_dsa_a-all_exp-diff-login,ural,ON,1
2026-08-24,2026-08-24 08:00,2026-08-24 12:00,ppc_ru_SVX_sr_gen_a-all_exp-diff-login,ural,ON,1
2026-08-24,2026-08-24 08:00,2026-08-24 12:00,ppc_ru_TJM_sr_dsa_a-all_exp-diff-login,ural,ON,1
2026-08-24,2026-08-24 08:00,2026-08-24 12:00,ppc_ru_TJM_sr_gen_a-all_exp-diff-login,ural,ON,1
2026-08-24,2026-08-24 08:00,2026-08-24 12:00,ppc_ru_UFA_sr_dsa_a-all_exp-diff-login,UFA,ON,1
2026-08-24,2026-08-24 08:00,2026-08-24 12:00,ppc_ru_UFA_sr_gen_a-all_exp-diff-login,UFA,ON,1
2026-08-24,2026-08-24 08:00,2026-08-24 12:00,ppc_ru_centr_sr_dsa_a-all_exp-diff-login,centr,ON,1
2026-08-24,2026-08-24 08:00,2026-08-24 12:00,ppc_ru_centr_sr_gen_a-all_exp-diff-login,centr,ON,1
2026-08-24,2026-08-24 08:00,2026-08-24 12:00,ppc_ru_sibir_sr_dsa_a-all_exp-diff-login,sibir,OFF,0
2026-08-24,2026-08-24 08:00,2026-08-24 12:00,ppc_ru_sibir_sr_gen_a-all_exp-diff-login,sibir,OFF,0
2026-08-24,2026-08-24 08:00,2026-08-24 12:00,ppc_ru_ural_sr_dsa_a-all_exp-diff-login,ural,ON,1
2026-08-24,2026-08-24 08:00,2026-08-24 12:00,ppc_ru_ural_sr_gen_a-all_exp-diff-login,ural,ON,1
2026-08-24,2026-08-24 08:00,2026-08-24 12:00,ppc_ru_ural_sr_s-auto_a-all_exp-diff-login,ural,ON,1
2026-08-24,2026-08-24 12:00,2026-08-24 16:00,ppc_ru_IKT_sr_gen_a-all_exp-diff-login,sibir,ON,1
2026-08-24,2026-08-24 12:00,2026-08-24 16:00,ppc_ru_KJA_sr_dsa_a-all_exp-diff-login,KJA,OFF,0
2026-08-24,2026-08-24 12:00,2026-08-24 16:00,ppc_ru_KJA_sr_gen_a-all_exp-diff-login,KJA,OFF,0
2026-08-24,2026-08-24 12:00,2026-08-24 16:00,ppc_ru_KRR_sr_dsa_a-all_exp-diff-login,KRR,OFF,0
2026-08-24,2026-08-24 12:00,2026-08-24 16:00,ppc_ru_KRR_sr_gen_a-all_exp-diff-login,KRR,OFF,0
2026-08-24,2026-08-24 12:00,2026-08-24 16:00,ppc_ru_KRR_sr_s-auto_a-all_exp-diff-login,KRR,OFF,0
2026-08-24,2026-08-24 12:00,2026-08-24 16:00,ppc_ru_KVKZ_sr_gen_a-all_exp-diff-login,KVKZ,ON,1
2026-08-24,2026-08-24 12:00,2026-08-24 16:00,ppc_ru_KVKZ_sr_s-auto_a-all_exp-diff-login,KVKZ,ON,1
2026-08-24,2026-08-24 12:00,2026-08-24 16:00,ppc_ru_KZN_sr_gen_a-all_exp-diff-login,KZN,ON,1
2026-08-24,2026-08-24 12:00,2026-08-24 16:00,ppc_ru_KZN_sr_s-auto_a-all_exp-diff-login,KZN,ON,1
2026-08-24,2026-08-24 12:00,2026-08-24 16:00,ppc_ru_LED_sr_dsa_a-all_exp-diff-login,LED,ON,1
2026-08-24,2026-08-24 12:00,2026-08-24 16:00,ppc_ru_LED_sr_gen_a-all_exp-diff-login,LED,ON,1
2026-08-24,2026-08-24 12:00,2026-08-24 16:00,ppc_ru_LED_sr_s-auto_a-all_exp-diff-login,LED,ON,1
2026-08-24,2026-08-24 12:00,2026-08-24 16:00,ppc_ru_MOW_sr_dsa_a-all_exp-diff-login,MOW,OFF,0
2026-08-24,2026-08-24 12:00,2026-08-24 16:00,ppc_ru_MOW_sr_gen_a-all_exp-diff-login,MOW,OFF,0
2026-08-24,2026-08-24 12:00,2026-08-24 16:00,ppc_ru_MOW_sr_s-auto_a-all_exp-diff-login,MOW,OFF,0
2026-08-24,2026-08-24 12:00,2026-08-24 16:00,ppc_ru_MOW_sr_s-auto_a-all_exp-diff-login_exp_travel-aud,MOW,OFF,0
2026-08-24,2026-08-24 12:00,2026-08-24 16:00,ppc_ru_OVB_sr_dsa_a-all_exp-diff-login,OVB,OFF,0
2026-08-24,2026-08-24 12:00,2026-08-24 16:00,ppc_ru_OVB_sr_gen_a-all_exp-diff-login,OVB,OFF,0
2026-08-24,2026-08-24 12:00,2026-08-24 16:00,ppc_ru_SVX_sr_dsa_a-all_exp-diff-login,ural,OFF,0
2026-08-24,2026-08-24 12:00,2026-08-24 16:00,ppc_ru_SVX_sr_gen_a-all_exp-diff-login,ural,OFF,0
2026-08-24,2026-08-24 12:00,2026-08-24 16:00,ppc_ru_TJM_sr_dsa_a-all_exp-diff-login,ural,OFF,0
2026-08-24,2026-08-24 12:00,2026-08-24 16:00,ppc_ru_TJM_sr_gen_a-all_exp-diff-login,ural,OFF,0
2026-08-24,2026-08-24 12:00,2026-08-24 16:00,ppc_ru_UFA_sr_dsa_a-all_exp-diff-login,UFA,OFF,0
2026-08-24,2026-08-24 12:00,2026-08-24 16:00,ppc_ru_UFA_sr_gen_a-all_exp-diff-login,UFA,OFF,0
2026-08-24,2026-08-24 12:00,2026-08-24 16:00,ppc_ru_centr_sr_dsa_a-all_exp-diff-login,centr,ON,1
2026-08-24,2026-08-24 12:00,2026-08-24 16:00,ppc_ru_centr_sr_gen_a-all_exp-diff-login,centr,ON,1
2026-08-24,2026-08-24 12:00,2026-08-24 16:00,ppc_ru_sibir_sr_dsa_a-all_exp-diff-login,sibir,ON,1
2026-08-24,2026-08-24 12:00,2026-08-24 16:00,ppc_ru_sibir_sr_gen_a-all_exp-diff-login,sibir,ON,1
2026-08-24,2026-08-24 12:00,2026-08-24 16:00,ppc_ru_ural_sr_dsa_a-all_exp-diff-login,ural,OFF,0
2026-08-24,2026-08-24 12:00,2026-08-24 16:00,ppc_ru_ural_sr_gen_a-all_exp-diff-login,ural,OFF,0
2026-08-24,2026-08-24 12:00,2026-08-24 16:00,ppc_ru_ural_sr_s-auto_a-all_exp-diff-login,ural,OFF,0
2026-08-24,2026-08-24 16:00,2026-08-24 20:00,ppc_ru_IKT_sr_gen_a-all_exp-diff-login,sibir,OFF,0
2026-08-24,2026-08-24 16:00,2026-08-24 20:00,ppc_ru_KJA_sr_dsa_a-all_exp-diff-login,KJA,ON,1
2026-08-24,2026-08-24 16:00,2026-08-24 20:00,ppc_ru_KJA_sr_gen_a-all_exp-diff-login,KJA,ON,1
2026-08-24,2026-08-24 16:00,2026-08-24 20:00,ppc_ru_KRR_sr_dsa_a-all_exp-diff-login,KRR,OFF,0
2026-08-24,2026-08-24 16:00,2026-08-24 20:00,ppc_ru_KRR_sr_gen_a-all_exp-diff-login,KRR,OFF,0
2026-08-24,2026-08-24 16:00,2026-08-24 20:00,ppc_ru_KRR_sr_s-auto_a-all_exp-diff-login,KRR,OFF,0
2026-08-24,2026-08-24 16:00,2026-08-24 20:00,ppc_ru_KVKZ_sr_gen_a-all_exp-diff-login,KVKZ,OFF,0
2026-08-24,2026-08-24 16:00,2026-08-24 20:00,ppc_ru_KVKZ_sr_s-auto_a-all_exp-diff-login,KVKZ,OFF,0
2026-08-24,2026-08-24 16:00,2026-08-24 20:00,ppc_ru_KZN_sr_gen_a-all_exp-diff-login,KZN,OFF,0
2026-08-24,2026-08-24 16:00,2026-08-24 20:00,ppc_ru_KZN_sr_s-auto_a-all_exp-diff-login,KZN,OFF,0
2026-08-24,2026-08-24 16:00,2026-08-24 20:00,ppc_ru_LED_sr_dsa_a-all_exp-diff-login,LED,OFF,0
2026-08-24,2026-08-24 16:00,2026-08-24 20:00,ppc_ru_LED_sr_gen_a-all_exp-diff-login,LED,OFF,0
2026-08-24,2026-08-24 16:00,2026-08-24 20:00,ppc_ru_LED_sr_s-auto_a-all_exp-diff-login,LED,OFF,0
2026-08-24,2026-08-24 16:00,2026-08-24 20:00,ppc_ru_MOW_sr_dsa_a-all_exp-diff-login,MOW,ON,1
2026-08-24,2026-08-24 16:00,2026-08-24 20:00,ppc_ru_MOW_sr_gen_a-all_exp-diff-login,MOW,ON,1
2026-08-24,2026-08-24 16:00,2026-08-24 20:00,ppc_ru_MOW_sr_s-auto_a-all_exp-diff-login,MOW,ON,1
2026-08-24,2026-08-24 16:00,2026-08-24 20:00,ppc_ru_MOW_sr_s-auto_a-all_exp-diff-login_exp_travel-aud,MOW,ON,1
2026-08-24,2026-08-24 16:00,2026-08-24 20:00,ppc_ru_OVB_sr_dsa_a-all_exp-diff-login,OVB,ON,1
2026-08-24,2026-08-24 16:00,2026-08-24 20:00,ppc_ru_OVB_sr_gen_a-all_exp-diff-login,OVB,ON,1
2026-08-24,2026-08-24 16:00,2026-08-24 20:00,ppc_ru_SVX_sr_dsa_a-all_exp-diff-login,ural,OFF,0
2026-08-24,2026-08-24 16:00,2026-08-24 20:00,ppc_ru_SVX_sr_gen_a-all_exp-diff-login,ural,OFF,0
2026-08-24,2026-08-24 16:00,2026-08-24 20:00,ppc_ru_TJM_sr_dsa_a-all_exp-diff-login,ural,OFF,0
2026-08-24,2026-08-24 16:00,2026-08-24 20:00,ppc_ru_TJM_sr_gen_a-all_exp-diff-login,ural,OFF,0
2026-08-24,2026-08-24 16:00,2026-08-24 20:00,ppc_ru_UFA_sr_dsa_a-all_exp-diff-login,UFA,OFF,0
2026-08-24,2026-08-24 16:00,2026-08-24 20:00,ppc_ru_UFA_sr_gen_a-all_exp-diff-login,UFA,OFF,0
2026-08-24,2026-08-24 16:00,2026-08-24 20:00,ppc_ru_centr_sr_dsa_a-all_exp-diff-login,centr,OFF,0
2026-08-24,2026-08-24 16:00,2026-08-24 20:00,ppc_ru_centr_sr_gen_a-all_exp-diff-login,centr,OFF,0
2026-08-24,2026-08-24 16:00,2026-08-24 20:00,ppc_ru_sibir_sr_dsa_a-all_exp-diff-login,sibir,OFF,0
2026-08-24,2026-08-24 16:00,2026-08-24 20:00,ppc_ru_sibir_sr_gen_a-all_exp-diff-login,sibir,OFF,0
2026-08-24,2026-08-24 16:00,2026-08-24 20:00,ppc_ru_ural_sr_dsa_a-all_exp-diff-login,ural,OFF,0
2026-08-24,2026-08-24 16:00,2026-08-24 20:00,ppc_ru_ural_sr_gen_a-all_exp-diff-login,ural,OFF,0
2026-08-24,2026-08-24 16:00,2026-08-24 20:00,ppc_ru_ural_sr_s-auto_a-all_exp-diff-login,ural,OFF,0
2026-08-24,2026-08-24 20:00,2026-08-25 00:00,ppc_ru_IKT_sr_gen_a-all_exp-diff-login,sibir,ON,1
2026-08-24,2026-08-24 20:00,2026-08-25 00:00,ppc_ru_KJA_sr_dsa_a-all_exp-diff-login,KJA,OFF,0
2026-08-24,2026-08-24 20:00,2026-08-25 00:00,ppc_ru_KJA_sr_gen_a-all_exp-diff-login,KJA,OFF,0
2026-08-24,2026-08-24 20:00,2026-08-25 00:00,ppc_ru_KRR_sr_dsa_a-all_exp-diff-login,KRR,OFF,0
2026-08-24,2026-08-24 20:00,2026-08-25 00:00,ppc_ru_KRR_sr_gen_a-all_exp-diff-login,KRR,OFF,0
2026-08-24,2026-08-24 20:00,2026-08-25 00:00,ppc_ru_KRR_sr_s-auto_a-all_exp-diff-login,KRR,OFF,0
2026-08-24,2026-08-24 20:00,2026-08-25 00:00,ppc_ru_KVKZ_sr_gen_a-all_exp-diff-login,KVKZ,OFF,0
2026-08-24,2026-08-24 20:00,2026-08-25 00:00,ppc_ru_KVKZ_sr_s-auto_a-all_exp-diff-login,KVKZ,OFF,0
2026-08-24,2026-08-24 20:00,2026-08-25 00:00,ppc_ru_KZN_sr_gen_a-all_exp-diff-login,KZN,ON,1
2026-08-24,2026-08-24 20:00,2026-08-25 00:00,ppc_ru_KZN_sr_s-auto_a-all_exp-diff-login,KZN,ON,1
2026-08-24,2026-08-24 20:00,2026-08-25 00:00,ppc_ru_LED_sr_dsa_a-all_exp-diff-login,LED,ON,1
2026-08-24,2026-08-24 20:00,2026-08-25 00:00,ppc_ru_LED_sr_gen_a-all_exp-diff-login,LED,ON,1
2026-08-24,2026-08-24 20:00,2026-08-25 00:00,ppc_ru_LED_sr_s-auto_a-all_exp-diff-login,LED,ON,1
2026-08-24,2026-08-24 20:00,2026-08-25 00:00,ppc_ru_MOW_sr_dsa_a-all_exp-diff-login,MOW,ON,1
2026-08-24,2026-08-24 20:00,2026-08-25 00:00,ppc_ru_MOW_sr_gen_a-all_exp-diff-login,MOW,ON,1
2026-08-24,2026-08-24 20:00,2026-08-25 00:00,ppc_ru_MOW_sr_s-auto_a-all_exp-diff-login,MOW,ON,1
2026-08-24,2026-08-24 20:00,2026-08-25 00:00,ppc_ru_MOW_sr_s-auto_a-all_exp-diff-login_exp_travel-aud,MOW,ON,1
2026-08-24,2026-08-24 20:00,2026-08-25 00:00,ppc_ru_OVB_sr_dsa_a-all_exp-diff-login,OVB,OFF,0
2026-08-24,2026-08-24 20:00,2026-08-25 00:00,ppc_ru_OVB_sr_gen_a-all_exp-diff-login,OVB,OFF,0
2026-08-24,2026-08-24 20:00,2026-08-25 00:00,ppc_ru_SVX_sr_dsa_a-all_exp-diff-login,ural,ON,1
2026-08-24,2026-08-24 20:00,2026-08-25 00:00,ppc_ru_SVX_sr_gen_a-all_exp-diff-login,ural,ON,1
2026-08-24,2026-08-24 20:00,2026-08-25 00:00,ppc_ru_TJM_sr_dsa_a-all_exp-diff-login,ural,ON,1
2026-08-24,2026-08-24 20:00,2026-08-25 00:00,ppc_ru_TJM_sr_gen_a-all_exp-diff-login,ural,ON,1
2026-08-24,2026-08-24 20:00,2026-08-25 00:00,ppc_ru_UFA_sr_dsa_a-all_exp-diff-login,UFA,OFF,0
2026-08-24,2026-08-24 20:00,2026-08-25 00:00,ppc_ru_UFA_sr_gen_a-all_exp-diff-login,UFA,OFF,0
2026-08-24,2026-08-24 20:00,2026-08-25 00:00,ppc_ru_centr_sr_dsa_a-all_exp-diff-login,centr,ON,1
2026-08-24,2026-08-24 20:00,2026-08-25 00:00,ppc_ru_centr_sr_gen_a-all_exp-diff-login,centr,ON,1
2026-08-24,2026-08-24 20:00,2026-08-25 00:00,ppc_ru_sibir_sr_dsa_a-all_exp-diff-login,sibir,ON,1
2026-08-24,2026-08-24 20:00,2026-08-25 00:00,ppc_ru_sibir_sr_gen_a-all_exp-diff-login,sibir,ON,1
2026-08-24,2026-08-24 20:00,2026-08-25 00:00,ppc_ru_ural_sr_dsa_a-all_exp-diff-login,ural,ON,1
2026-08-24,2026-08-24 20:00,2026-08-25 00:00,ppc_ru_ural_sr_gen_a-all_exp-diff-login,ural,ON,1
2026-08-24,2026-08-24 20:00,2026-08-25 00:00,ppc_ru_ural_sr_s-auto_a-all_exp-diff-login,ural,ON,1
2026-08-25,2026-08-25 00:00,2026-08-25 04:00,ppc_ru_IKT_sr_gen_a-all_exp-diff-login,sibir,ON,1
2026-08-25,2026-08-25 00:00,2026-08-25 04:00,ppc_ru_KJA_sr_dsa_a-all_exp-diff-login,KJA,ON,1
2026-08-25,2026-08-25 00:00,2026-08-25 04:00,ppc_ru_KJA_sr_gen_a-all_exp-diff-login,KJA,ON,1
2026-08-25,2026-08-25 00:00,2026-08-25 04:00,ppc_ru_KRR_sr_dsa_a-all_exp-diff-login,KRR,ON,1
2026-08-25,2026-08-25 00:00,2026-08-25 04:00,ppc_ru_KRR_sr_gen_a-all_exp-diff-login,KRR,ON,1
2026-08-25,2026-08-25 00:00,2026-08-25 04:00,ppc_ru_KRR_sr_s-auto_a-all_exp-diff-login,KRR,ON,1
2026-08-25,2026-08-25 00:00,2026-08-25 04:00,ppc_ru_KVKZ_sr_gen_a-all_exp-diff-login,KVKZ,OFF,0
2026-08-25,2026-08-25 00:00,2026-08-25 04:00,ppc_ru_KVKZ_sr_s-auto_a-all_exp-diff-login,KVKZ,OFF,0
2026-08-25,2026-08-25 00:00,2026-08-25 04:00,ppc_ru_KZN_sr_gen_a-all_exp-diff-login,KZN,ON,1
2026-08-25,2026-08-25 00:00,2026-08-25 04:00,ppc_ru_KZN_sr_s-auto_a-all_exp-diff-login,KZN,ON,1
2026-08-25,2026-08-25 00:00,2026-08-25 04:00,ppc_ru_LED_sr_dsa_a-all_exp-diff-login,LED,OFF,0
2026-08-25,2026-08-25 00:00,2026-08-25 04:00,ppc_ru_LED_sr_gen_a-all_exp-diff-login,LED,OFF,0
2026-08-25,2026-08-25 00:00,2026-08-25 04:00,ppc_ru_LED_sr_s-auto_a-all_exp-diff-login,LED,OFF,0
2026-08-25,2026-08-25 00:00,2026-08-25 04:00,ppc_ru_MOW_sr_dsa_a-all_exp-diff-login,MOW,OFF,0
2026-08-25,2026-08-25 00:00,2026-08-25 04:00,ppc_ru_MOW_sr_gen_a-all_exp-diff-login,MOW,OFF,0
2026-08-25,2026-08-25 00:00,2026-08-25 04:00,ppc_ru_MOW_sr_s-auto_a-all_exp-diff-login,MOW,OFF,0
2026-08-25,2026-08-25 00:00,2026-08-25 04:00,ppc_ru_MOW_sr_s-auto_a-all_exp-diff-login_exp_travel-aud,MOW,OFF,0
2026-08-25,2026-08-25 00:00,2026-08-25 04:00,ppc_ru_OVB_sr_dsa_a-all_exp-diff-login,OVB,OFF,0
2026-08-25,2026-08-25 00:00,2026-08-25 04:00,ppc_ru_OVB_sr_gen_a-all_exp-diff-login,OVB,OFF,0
2026-08-25,2026-08-25 00:00,2026-08-25 04:00,ppc_ru_SVX_sr_dsa_a-all_exp-diff-login,ural,OFF,0
2026-08-25,2026-08-25 00:00,2026-08-25 04:00,ppc_ru_SVX_sr_gen_a-all_exp-diff-login,ural,OFF,0
2026-08-25,2026-08-25 00:00,2026-08-25 04:00,ppc_ru_TJM_sr_dsa_a-all_exp-diff-login,ural,OFF,0
2026-08-25,2026-08-25 00:00,2026-08-25 04:00,ppc_ru_TJM_sr_gen_a-all_exp-diff-login,ural,OFF,0
2026-08-25,2026-08-25 00:00,2026-08-25 04:00,ppc_ru_UFA_sr_dsa_a-all_exp-diff-login,UFA,ON,1
2026-08-25,2026-08-25 00:00,2026-08-25 04:00,ppc_ru_UFA_sr_gen_a-all_exp-diff-login,UFA,ON,1
2026-08-25,2026-08-25 00:00,2026-08-25 04:00,ppc_ru_centr_sr_dsa_a-all_exp-diff-login,centr,ON,1
2026-08-25,2026-08-25 00:00,2026-08-25 04:00,ppc_ru_centr_sr_gen_a-all_exp-diff-login,centr,ON,1
2026-08-25,2026-08-25 00:00,2026-08-25 04:00,ppc_ru_sibir_sr_dsa_a-all_exp-diff-login,sibir,ON,1
2026-08-25,2026-08-25 00:00,2026-08-25 04:00,ppc_ru_sibir_sr_gen_a-all_exp-diff-login,sibir,ON,1
2026-08-25,2026-08-25 00:00,2026-08-25 04:00,ppc_ru_ural_sr_dsa_a-all_exp-diff-login,ural,OFF,0
2026-08-25,2026-08-25 00:00,2026-08-25 04:00,ppc_ru_ural_sr_gen_a-all_exp-diff-login,ural,OFF,0
2026-08-25,2026-08-25 00:00,2026-08-25 04:00,ppc_ru_ural_sr_s-auto_a-all_exp-diff-login,ural,OFF,0
2026-08-25,2026-08-25 04:00,2026-08-25 08:00,ppc_ru_IKT_sr_gen_a-all_exp-diff-login,sibir,OFF,0
2026-08-25,2026-08-25 04:00,2026-08-25 08:00,ppc_ru_KJA_sr_dsa_a-all_exp-diff-login,KJA,ON,1
2026-08-25,2026-08-25 04:00,2026-08-25 08:00,ppc_ru_KJA_sr_gen_a-all_exp-diff-login,KJA,ON,1
2026-08-25,2026-08-25 04:00,2026-08-25 08:00,ppc_ru_KRR_sr_dsa_a-all_exp-diff-login,KRR,OFF,0
2026-08-25,2026-08-25 04:00,2026-08-25 08:00,ppc_ru_KRR_sr_gen_a-all_exp-diff-login,KRR,OFF,0
2026-08-25,2026-08-25 04:00,2026-08-25 08:00,ppc_ru_KRR_sr_s-auto_a-all_exp-diff-login,KRR,OFF,0
2026-08-25,2026-08-25 04:00,2026-08-25 08:00,ppc_ru_KVKZ_sr_gen_a-all_exp-diff-login,KVKZ,ON,1
2026-08-25,2026-08-25 04:00,2026-08-25 08:00,ppc_ru_KVKZ_sr_s-auto_a-all_exp-diff-login,KVKZ,ON,1
2026-08-25,2026-08-25 04:00,2026-08-25 08:00,ppc_ru_KZN_sr_gen_a-all_exp-diff-login,KZN,ON,1
2026-08-25,2026-08-25 04:00,2026-08-25 08:00,ppc_ru_KZN_sr_s-auto_a-all_exp-diff-login,KZN,ON,1
2026-08-25,2026-08-25 04:00,2026-08-25 08:00,ppc_ru_LED_sr_dsa_a-all_exp-diff-login,LED,OFF,0
2026-08-25,2026-08-25 04:00,2026-08-25 08:00,ppc_ru_LED_sr_gen_a-all_exp-diff-login,LED,OFF,0
2026-08-25,2026-08-25 04:00,2026-08-25 08:00,ppc_ru_LED_sr_s-auto_a-all_exp-diff-login,LED,OFF,0
2026-08-25,2026-08-25 04:00,2026-08-25 08:00,ppc_ru_MOW_sr_dsa_a-all_exp-diff-login,MOW,OFF,0
2026-08-25,2026-08-25 04:00,2026-08-25 08:00,ppc_ru_MOW_sr_gen_a-all_exp-diff-login,MOW,OFF,0
2026-08-25,2026-08-25 04:00,2026-08-25 08:00,ppc_ru_MOW_sr_s-auto_a-all_exp-diff-login,MOW,OFF,0
2026-08-25,2026-08-25 04:00,2026-08-25 08:00,ppc_ru_MOW_sr_s-auto_a-all_exp-diff-login_exp_travel-aud,MOW,OFF,0
2026-08-25,2026-08-25 04:00,2026-08-25 08:00,ppc_ru_OVB_sr_dsa_a-all_exp-diff-login,OVB,ON,1
2026-08-25,2026-08-25 04:00,2026-08-25 08:00,ppc_ru_OVB_sr_gen_a-all_exp-diff-login,OVB,ON,1
2026-08-25,2026-08-25 04:00,2026-08-25 08:00,ppc_ru_SVX_sr_dsa_a-all_exp-diff-login,ural,ON,1
2026-08-25,2026-08-25 04:00,2026-08-25 08:00,ppc_ru_SVX_sr_gen_a-all_exp-diff-login,ural,ON,1
2026-08-25,2026-08-25 04:00,2026-08-25 08:00,ppc_ru_TJM_sr_dsa_a-all_exp-diff-login,ural,ON,1
2026-08-25,2026-08-25 04:00,2026-08-25 08:00,ppc_ru_TJM_sr_gen_a-all_exp-diff-login,ural,ON,1
2026-08-25,2026-08-25 04:00,2026-08-25 08:00,ppc_ru_UFA_sr_dsa_a-all_exp-diff-login,UFA,OFF,0
2026-08-25,2026-08-25 04:00,2026-08-25 08:00,ppc_ru_UFA_sr_gen_a-all_exp-diff-login,UFA,OFF,0
2026-08-25,2026-08-25 04:00,2026-08-25 08:00,ppc_ru_centr_sr_dsa_a-all_exp-diff-login,centr,OFF,0
2026-08-25,2026-08-25 04:00,2026-08-25 08:00,ppc_ru_centr_sr_gen_a-all_exp-diff-login,centr,OFF,0
2026-08-25,2026-08-25 04:00,2026-08-25 08:00,ppc_ru_sibir_sr_dsa_a-all_exp-diff-login,sibir,OFF,0
2026-08-25,2026-08-25 04:00,2026-08-25 08:00,ppc_ru_sibir_sr_gen_a-all_exp-diff-login,sibir,OFF,0
2026-08-25,2026-08-25 04:00,2026-08-25 08:00,ppc_ru_ural_sr_dsa_a-all_exp-diff-login,ural,ON,1
2026-08-25,2026-08-25 04:00,2026-08-25 08:00,ppc_ru_ural_sr_gen_a-all_exp-diff-login,ural,ON,1
2026-08-25,2026-08-25 04:00,2026-08-25 08:00,ppc_ru_ural_sr_s-auto_a-all_exp-diff-login,ural,ON,1
2026-08-25,2026-08-25 08:00,2026-08-25 12:00,ppc_ru_IKT_sr_gen_a-all_exp-diff-login,sibir,ON,1
2026-08-25,2026-08-25 08:00,2026-08-25 12:00,ppc_ru_KJA_sr_dsa_a-all_exp-diff-login,KJA,OFF,0
2026-08-25,2026-08-25 08:00,2026-08-25 12:00,ppc_ru_KJA_sr_gen_a-all_exp-diff-login,KJA,OFF,0
2026-08-25,2026-08-25 08:00,2026-08-25 12:00,ppc_ru_KRR_sr_dsa_a-all_exp-diff-login,KRR,ON,1
2026-08-25,2026-08-25 08:00,2026-08-25 12:00,ppc_ru_KRR_sr_gen_a-all_exp-diff-login,KRR,ON,1
2026-08-25,2026-08-25 08:00,2026-08-25 12:00,ppc_ru_KRR_sr_s-auto_a-all_exp-diff-login,KRR,ON,1
2026-08-25,2026-08-25 08:00,2026-08-25 12:00,ppc_ru_KVKZ_sr_gen_a-all_exp-diff-login,KVKZ,OFF,0
2026-08-25,2026-08-25 08:00,2026-08-25 12:00,ppc_ru_KVKZ_sr_s-auto_a-all_exp-diff-login,KVKZ,OFF,0
2026-08-25,2026-08-25 08:00,2026-08-25 12:00,ppc_ru_KZN_sr_gen_a-all_exp-diff-login,KZN,OFF,0
2026-08-25,2026-08-25 08:00,2026-08-25 12:00,ppc_ru_KZN_sr_s-auto_a-all_exp-diff-login,KZN,OFF,0
2026-08-25,2026-08-25 08:00,2026-08-25 12:00,ppc_ru_LED_sr_dsa_a-all_exp-diff-login,LED,ON,1
2026-08-25,2026-08-25 08:00,2026-08-25 12:00,ppc_ru_LED_sr_gen_a-all_exp-diff-login,LED,ON,1
2026-08-25,2026-08-25 08:00,2026-08-25 12:00,ppc_ru_LED_sr_s-auto_a-all_exp-diff-login,LED,ON,1
2026-08-25,2026-08-25 08:00,2026-08-25 12:00,ppc_ru_MOW_sr_dsa_a-all_exp-diff-login,MOW,OFF,0
2026-08-25,2026-08-25 08:00,2026-08-25 12:00,ppc_ru_MOW_sr_gen_a-all_exp-diff-login,MOW,OFF,0
2026-08-25,2026-08-25 08:00,2026-08-25 12:00,ppc_ru_MOW_sr_s-auto_a-all_exp-diff-login,MOW,OFF,0
2026-08-25,2026-08-25 08:00,2026-08-25 12:00,ppc_ru_MOW_sr_s-auto_a-all_exp-diff-login_exp_travel-aud,MOW,OFF,0
2026-08-25,2026-08-25 08:00,2026-08-25 12:00,ppc_ru_OVB_sr_dsa_a-all_exp-diff-login,OVB,OFF,0
2026-08-25,2026-08-25 08:00,2026-08-25 12:00,ppc_ru_OVB_sr_gen_a-all_exp-diff-login,OVB,OFF,0
2026-08-25,2026-08-25 08:00,2026-08-25 12:00,ppc_ru_SVX_sr_dsa_a-all_exp-diff-login,ural,ON,1
2026-08-25,2026-08-25 08:00,2026-08-25 12:00,ppc_ru_SVX_sr_gen_a-all_exp-diff-login,ural,ON,1
2026-08-25,2026-08-25 08:00,2026-08-25 12:00,ppc_ru_TJM_sr_dsa_a-all_exp-diff-login,ural,ON,1
2026-08-25,2026-08-25 08:00,2026-08-25 12:00,ppc_ru_TJM_sr_gen_a-all_exp-diff-login,ural,ON,1
2026-08-25,2026-08-25 08:00,2026-08-25 12:00,ppc_ru_UFA_sr_dsa_a-all_exp-diff-login,UFA,OFF,0
2026-08-25,2026-08-25 08:00,2026-08-25 12:00,ppc_ru_UFA_sr_gen_a-all_exp-diff-login,UFA,OFF,0
2026-08-25,2026-08-25 08:00,2026-08-25 12:00,ppc_ru_centr_sr_dsa_a-all_exp-diff-login,centr,ON,1
2026-08-25,2026-08-25 08:00,2026-08-25 12:00,ppc_ru_centr_sr_gen_a-all_exp-diff-login,centr,ON,1
2026-08-25,2026-08-25 08:00,2026-08-25 12:00,ppc_ru_sibir_sr_dsa_a-all_exp-diff-login,sibir,ON,1
2026-08-25,2026-08-25 08:00,2026-08-25 12:00,ppc_ru_sibir_sr_gen_a-all_exp-diff-login,sibir,ON,1
2026-08-25,2026-08-25 08:00,2026-08-25 12:00,ppc_ru_ural_sr_dsa_a-all_exp-diff-login,ural,ON,1
2026-08-25,2026-08-25 08:00,2026-08-25 12:00,ppc_ru_ural_sr_gen_a-all_exp-diff-login,ural,ON,1
2026-08-25,2026-08-25 08:00,2026-08-25 12:00,ppc_ru_ural_sr_s-auto_a-all_exp-diff-login,ural,ON,1
2026-08-25,2026-08-25 12:00,2026-08-25 16:00,ppc_ru_IKT_sr_gen_a-all_exp-diff-login,sibir,OFF,0
2026-08-25,2026-08-25 12:00,2026-08-25 16:00,ppc_ru_KJA_sr_dsa_a-all_exp-diff-login,KJA,ON,1
2026-08-25,2026-08-25 12:00,2026-08-25 16:00,ppc_ru_KJA_sr_gen_a-all_exp-diff-login,KJA,ON,1
2026-08-25,2026-08-25 12:00,2026-08-25 16:00,ppc_ru_KRR_sr_dsa_a-all_exp-diff-login,KRR,OFF,0
2026-08-25,2026-08-25 12:00,2026-08-25 16:00,ppc_ru_KRR_sr_gen_a-all_exp-diff-login,KRR,OFF,0
2026-08-25,2026-08-25 12:00,2026-08-25 16:00,ppc_ru_KRR_sr_s-auto_a-all_exp-diff-login,KRR,OFF,0
2026-08-25,2026-08-25 12:00,2026-08-25 16:00,ppc_ru_KVKZ_sr_gen_a-all_exp-diff-login,KVKZ,ON,1
2026-08-25,2026-08-25 12:00,2026-08-25 16:00,ppc_ru_KVKZ_sr_s-auto_a-all_exp-diff-login,KVKZ,ON,1
2026-08-25,2026-08-25 12:00,2026-08-25 16:00,ppc_ru_KZN_sr_gen_a-all_exp-diff-login,KZN,ON,1
2026-08-25,2026-08-25 12:00,2026-08-25 16:00,ppc_ru_KZN_sr_s-auto_a-all_exp-diff-login,KZN,ON,1
2026-08-25,2026-08-25 12:00,2026-08-25 16:00,ppc_ru_LED_sr_dsa_a-all_exp-diff-login,LED,ON,1
2026-08-25,2026-08-25 12:00,2026-08-25 16:00,ppc_ru_LED_sr_gen_a-all_exp-diff-login,LED,ON,1
2026-08-25,2026-08-25 12:00,2026-08-25 16:00,ppc_ru_LED_sr_s-auto_a-all_exp-diff-login,LED,ON,1
2026-08-25,2026-08-25 12:00,2026-08-25 16:00,ppc_ru_MOW_sr_dsa_a-all_exp-diff-login,MOW,ON,1
2026-08-25,2026-08-25 12:00,2026-08-25 16:00,ppc_ru_MOW_sr_gen_a-all_exp-diff-login,MOW,ON,1
2026-08-25,2026-08-25 12:00,2026-08-25 16:00,ppc_ru_MOW_sr_s-auto_a-all_exp-diff-login,MOW,ON,1
2026-08-25,2026-08-25 12:00,2026-08-25 16:00,ppc_ru_MOW_sr_s-auto_a-all_exp-diff-login_exp_travel-aud,MOW,ON,1
2026-08-25,2026-08-25 12:00,2026-08-25 16:00,ppc_ru_OVB_sr_dsa_a-all_exp-diff-login,OVB,OFF,0
2026-08-25,2026-08-25 12:00,2026-08-25 16:00,ppc_ru_OVB_sr_gen_a-all_exp-diff-login,OVB,OFF,0
2026-08-25,2026-08-25 12:00,2026-08-25 16:00,ppc_ru_SVX_sr_dsa_a-all_exp-diff-login,ural,ON,1
2026-08-25,2026-08-25 12:00,2026-08-25 16:00,ppc_ru_SVX_sr_gen_a-all_exp-diff-login,ural,ON,1
2026-08-25,2026-08-25 12:00,2026-08-25 16:00,ppc_ru_TJM_sr_dsa_a-all_exp-diff-login,ural,ON,1
2026-08-25,2026-08-25 12:00,2026-08-25 16:00,ppc_ru_TJM_sr_gen_a-all_exp-diff-login,ural,ON,1
2026-08-25,2026-08-25 12:00,2026-08-25 16:00,ppc_ru_UFA_sr_dsa_a-all_exp-diff-login,UFA,OFF,0
2026-08-25,2026-08-25 12:00,2026-08-25 16:00,ppc_ru_UFA_sr_gen_a-all_exp-diff-login,UFA,OFF,0
2026-08-25,2026-08-25 12:00,2026-08-25 16:00,ppc_ru_centr_sr_dsa_a-all_exp-diff-login,centr,ON,1
2026-08-25,2026-08-25 12:00,2026-08-25 16:00,ppc_ru_centr_sr_gen_a-all_exp-diff-login,centr,ON,1
2026-08-25,2026-08-25 12:00,2026-08-25 16:00,ppc_ru_sibir_sr_dsa_a-all_exp-diff-login,sibir,OFF,0
2026-08-25,2026-08-25 12:00,2026-08-25 16:00,ppc_ru_sibir_sr_gen_a-all_exp-diff-login,sibir,OFF,0
2026-08-25,2026-08-25 12:00,2026-08-25 16:00,ppc_ru_ural_sr_dsa_a-all_exp-diff-login,ural,ON,1
2026-08-25,2026-08-25 12:00,2026-08-25 16:00,ppc_ru_ural_sr_gen_a-all_exp-diff-login,ural,ON,1
2026-08-25,2026-08-25 12:00,2026-08-25 16:00,ppc_ru_ural_sr_s-auto_a-all_exp-diff-login,ural,ON,1
2026-08-25,2026-08-25 16:00,2026-08-25 20:00,ppc_ru_IKT_sr_gen_a-all_exp-diff-login,sibir,ON,1
2026-08-25,2026-08-25 16:00,2026-08-25 20:00,ppc_ru_KJA_sr_dsa_a-all_exp-diff-login,KJA,OFF,0
2026-08-25,2026-08-25 16:00,2026-08-25 20:00,ppc_ru_KJA_sr_gen_a-all_exp-diff-login,KJA,OFF,0
2026-08-25,2026-08-25 16:00,2026-08-25 20:00,ppc_ru_KRR_sr_dsa_a-all_exp-diff-login,KRR,OFF,0
2026-08-25,2026-08-25 16:00,2026-08-25 20:00,ppc_ru_KRR_sr_gen_a-all_exp-diff-login,KRR,OFF,0
2026-08-25,2026-08-25 16:00,2026-08-25 20:00,ppc_ru_KRR_sr_s-auto_a-all_exp-diff-login,KRR,OFF,0
2026-08-25,2026-08-25 16:00,2026-08-25 20:00,ppc_ru_KVKZ_sr_gen_a-all_exp-diff-login,KVKZ,OFF,0
2026-08-25,2026-08-25 16:00,2026-08-25 20:00,ppc_ru_KVKZ_sr_s-auto_a-all_exp-diff-login,KVKZ,OFF,0
2026-08-25,2026-08-25 16:00,2026-08-25 20:00,ppc_ru_KZN_sr_gen_a-all_exp-diff-login,KZN,OFF,0
2026-08-25,2026-08-25 16:00,2026-08-25 20:00,ppc_ru_KZN_sr_s-auto_a-all_exp-diff-login,KZN,OFF,0
2026-08-25,2026-08-25 16:00,2026-08-25 20:00,ppc_ru_LED_sr_dsa_a-all_exp-diff-login,LED,OFF,0
2026-08-25,2026-08-25 16:00,2026-08-25 20:00,ppc_ru_LED_sr_gen_a-all_exp-diff-login,LED,OFF,0
2026-08-25,2026-08-25 16:00,2026-08-25 20:00,ppc_ru_LED_sr_s-auto_a-all_exp-diff-login,LED,OFF,0
2026-08-25,2026-08-25 16:00,2026-08-25 20:00,ppc_ru_MOW_sr_dsa_a-all_exp-diff-login,MOW,ON,1
2026-08-25,2026-08-25 16:00,2026-08-25 20:00,ppc_ru_MOW_sr_gen_a-all_exp-diff-login,MOW,ON,1
2026-08-25,2026-08-25 16:00,2026-08-25 20:00,ppc_ru_MOW_sr_s-auto_a-all_exp-diff-login,MOW,ON,1
2026-08-25,2026-08-25 16:00,2026-08-25 20:00,ppc_ru_MOW_sr_s-auto_a-all_exp-diff-login_exp_travel-aud,MOW,ON,1
2026-08-25,2026-08-25 16:00,2026-08-25 20:00,ppc_ru_OVB_sr_dsa_a-all_exp-diff-login,OVB,ON,1
2026-08-25,2026-08-25 16:00,2026-08-25 20:00,ppc_ru_OVB_sr_gen_a-all_exp-diff-login,OVB,ON,1
2026-08-25,2026-08-25 16:00,2026-08-25 20:00,ppc_ru_SVX_sr_dsa_a-all_exp-diff-login,ural,OFF,0
2026-08-25,2026-08-25 16:00,2026-08-25 20:00,ppc_ru_SVX_sr_gen_a-all_exp-diff-login,ural,OFF,0
2026-08-25,2026-08-25 16:00,2026-08-25 20:00,ppc_ru_TJM_sr_dsa_a-all_exp-diff-login,ural,OFF,0
2026-08-25,2026-08-25 16:00,2026-08-25 20:00,ppc_ru_TJM_sr_gen_a-all_exp-diff-login,ural,OFF,0
2026-08-25,2026-08-25 16:00,2026-08-25 20:00,ppc_ru_UFA_sr_dsa_a-all_exp-diff-login,UFA,ON,1
2026-08-25,2026-08-25 16:00,2026-08-25 20:00,ppc_ru_UFA_sr_gen_a-all_exp-diff-login,UFA,ON,1
2026-08-25,2026-08-25 16:00,2026-08-25 20:00,ppc_ru_centr_sr_dsa_a-all_exp-diff-login,centr,OFF,0
2026-08-25,2026-08-25 16:00,2026-08-25 20:00,ppc_ru_centr_sr_gen_a-all_exp-diff-login,centr,OFF,0
2026-08-25,2026-08-25 16:00,2026-08-25 20:00,ppc_ru_sibir_sr_dsa_a-all_exp-diff-login,sibir,ON,1
2026-08-25,2026-08-25 16:00,2026-08-25 20:00,ppc_ru_sibir_sr_gen_a-all_exp-diff-login,sibir,ON,1
2026-08-25,2026-08-25 16:00,2026-08-25 20:00,ppc_ru_ural_sr_dsa_a-all_exp-diff-login,ural,OFF,0
2026-08-25,2026-08-25 16:00,2026-08-25 20:00,ppc_ru_ural_sr_gen_a-all_exp-diff-login,ural,OFF,0
2026-08-25,2026-08-25 16:00,2026-08-25 20:00,ppc_ru_ural_sr_s-auto_a-all_exp-diff-login,ural,OFF,0
2026-08-25,2026-08-25 20:00,2026-08-26 00:00,ppc_ru_IKT_sr_gen_a-all_exp-diff-login,sibir,OFF,0
2026-08-25,2026-08-25 20:00,2026-08-26 00:00,ppc_ru_KJA_sr_dsa_a-all_exp-diff-login,KJA,OFF,0
2026-08-25,2026-08-25 20:00,2026-08-26 00:00,ppc_ru_KJA_sr_gen_a-all_exp-diff-login,KJA,OFF,0
2026-08-25,2026-08-25 20:00,2026-08-26 00:00,ppc_ru_KRR_sr_dsa_a-all_exp-diff-login,KRR,ON,1
2026-08-25,2026-08-25 20:00,2026-08-26 00:00,ppc_ru_KRR_sr_gen_a-all_exp-diff-login,KRR,ON,1
2026-08-25,2026-08-25 20:00,2026-08-26 00:00,ppc_ru_KRR_sr_s-auto_a-all_exp-diff-login,KRR,ON,1
2026-08-25,2026-08-25 20:00,2026-08-26 00:00,ppc_ru_KVKZ_sr_gen_a-all_exp-diff-login,KVKZ,ON,1
2026-08-25,2026-08-25 20:00,2026-08-26 00:00,ppc_ru_KVKZ_sr_s-auto_a-all_exp-diff-login,KVKZ,ON,1
2026-08-25,2026-08-25 20:00,2026-08-26 00:00,ppc_ru_KZN_sr_gen_a-all_exp-diff-login,KZN,OFF,0
2026-08-25,2026-08-25 20:00,2026-08-26 00:00,ppc_ru_KZN_sr_s-auto_a-all_exp-diff-login,KZN,OFF,0
2026-08-25,2026-08-25 20:00,2026-08-26 00:00,ppc_ru_LED_sr_dsa_a-all_exp-diff-login,LED,ON,1
2026-08-25,2026-08-25 20:00,2026-08-26 00:00,ppc_ru_LED_sr_gen_a-all_exp-diff-login,LED,ON,1
2026-08-25,2026-08-25 20:00,2026-08-26 00:00,ppc_ru_LED_sr_s-auto_a-all_exp-diff-login,LED,ON,1
2026-08-25,2026-08-25 20:00,2026-08-26 00:00,ppc_ru_MOW_sr_dsa_a-all_exp-diff-login,MOW,ON,1
2026-08-25,2026-08-25 20:00,2026-08-26 00:00,ppc_ru_MOW_sr_gen_a-all_exp-diff-login,MOW,ON,1
2026-08-25,2026-08-25 20:00,2026-08-26 00:00,ppc_ru_MOW_sr_s-auto_a-all_exp-diff-login,MOW,ON,1
2026-08-25,2026-08-25 20:00,2026-08-26 00:00,ppc_ru_MOW_sr_s-auto_a-all_exp-diff-login_exp_travel-aud,MOW,ON,1
2026-08-25,2026-08-25 20:00,2026-08-26 00:00,ppc_ru_OVB_sr_dsa_a-all_exp-diff-login,OVB,ON,1
2026-08-25,2026-08-25 20:00,2026-08-26 00:00,ppc_ru_OVB_sr_gen_a-all_exp-diff-login,OVB,ON,1
2026-08-25,2026-08-25 20:00,2026-08-26 00:00,ppc_ru_SVX_sr_dsa_a-all_exp-diff-login,ural,OFF,0
2026-08-25,2026-08-25 20:00,2026-08-26 00:00,ppc_ru_SVX_sr_gen_a-all_exp-diff-login,ural,OFF,0
2026-08-25,2026-08-25 20:00,2026-08-26 00:00,ppc_ru_TJM_sr_dsa_a-all_exp-diff-login,ural,OFF,0
2026-08-25,2026-08-25 20:00,2026-08-26 00:00,ppc_ru_TJM_sr_gen_a-all_exp-diff-login,ural,OFF,0
2026-08-25,2026-08-25 20:00,2026-08-26 00:00,ppc_ru_UFA_sr_dsa_a-all_exp-diff-login,UFA,ON,1
2026-08-25,2026-08-25 20:00,2026-08-26 00:00,ppc_ru_UFA_sr_gen_a-all_exp-diff-login,UFA,ON,1
2026-08-25,2026-08-25 20:00,2026-08-26 00:00,ppc_ru_centr_sr_dsa_a-all_exp-diff-login,centr,OFF,0
2026-08-25,2026-08-25 20:00,2026-08-26 00:00,ppc_ru_centr_sr_gen_a-all_exp-diff-login,centr,OFF,0
2026-08-25,2026-08-25 20:00,2026-08-26 00:00,ppc_ru_sibir_sr_dsa_a-all_exp-diff-login,sibir,OFF,0
2026-08-25,2026-08-25 20:00,2026-08-26 00:00,ppc_ru_sibir_sr_gen_a-all_exp-diff-login,sibir,OFF,0
2026-08-25,2026-08-25 20:00,2026-08-26 00:00,ppc_ru_ural_sr_dsa_a-all_exp-diff-login,ural,OFF,0
2026-08-25,2026-08-25 20:00,2026-08-26 00:00,ppc_ru_ural_sr_gen_a-all_exp-diff-login,ural,OFF,0
2026-08-25,2026-08-25 20:00,2026-08-26 00:00,ppc_ru_ural_sr_s-auto_a-all_exp-diff-login,ural,OFF,0
2026-08-26,2026-08-26 00:00,2026-08-26 04:00,ppc_ru_IKT_sr_gen_a-all_exp-diff-login,sibir,ON,1
2026-08-26,2026-08-26 00:00,2026-08-26 04:00,ppc_ru_KJA_sr_dsa_a-all_exp-diff-login,KJA,ON,1
2026-08-26,2026-08-26 00:00,2026-08-26 04:00,ppc_ru_KJA_sr_gen_a-all_exp-diff-login,KJA,ON,1
2026-08-26,2026-08-26 00:00,2026-08-26 04:00,ppc_ru_KRR_sr_dsa_a-all_exp-diff-login,KRR,ON,1
2026-08-26,2026-08-26 00:00,2026-08-26 04:00,ppc_ru_KRR_sr_gen_a-all_exp-diff-login,KRR,ON,1
2026-08-26,2026-08-26 00:00,2026-08-26 04:00,ppc_ru_KRR_sr_s-auto_a-all_exp-diff-login,KRR,ON,1
2026-08-26,2026-08-26 00:00,2026-08-26 04:00,ppc_ru_KVKZ_sr_gen_a-all_exp-diff-login,KVKZ,ON,1
2026-08-26,2026-08-26 00:00,2026-08-26 04:00,ppc_ru_KVKZ_sr_s-auto_a-all_exp-diff-login,KVKZ,ON,1
2026-08-26,2026-08-26 00:00,2026-08-26 04:00,ppc_ru_KZN_sr_gen_a-all_exp-diff-login,KZN,OFF,0
2026-08-26,2026-08-26 00:00,2026-08-26 04:00,ppc_ru_KZN_sr_s-auto_a-all_exp-diff-login,KZN,OFF,0
2026-08-26,2026-08-26 00:00,2026-08-26 04:00,ppc_ru_LED_sr_dsa_a-all_exp-diff-login,LED,ON,1
2026-08-26,2026-08-26 00:00,2026-08-26 04:00,ppc_ru_LED_sr_gen_a-all_exp-diff-login,LED,ON,1
2026-08-26,2026-08-26 00:00,2026-08-26 04:00,ppc_ru_LED_sr_s-auto_a-all_exp-diff-login,LED,ON,1
2026-08-26,2026-08-26 00:00,2026-08-26 04:00,ppc_ru_MOW_sr_dsa_a-all_exp-diff-login,MOW,ON,1
2026-08-26,2026-08-26 00:00,2026-08-26 04:00,ppc_ru_MOW_sr_gen_a-all_exp-diff-login,MOW,ON,1
2026-08-26,2026-08-26 00:00,2026-08-26 04:00,ppc_ru_MOW_sr_s-auto_a-all_exp-diff-login,MOW,ON,1
2026-08-26,2026-08-26 00:00,2026-08-26 04:00,ppc_ru_MOW_sr_s-auto_a-all_exp-diff-login_exp_travel-aud,MOW,ON,1
2026-08-26,2026-08-26 00:00,2026-08-26 04:00,ppc_ru_OVB_sr_dsa_a-all_exp-diff-login,OVB,ON,1
2026-08-26,2026-08-26 00:00,2026-08-26 04:00,ppc_ru_OVB_sr_gen_a-all_exp-diff-login,OVB,ON,1
2026-08-26,2026-08-26 00:00,2026-08-26 04:00,ppc_ru_SVX_sr_dsa_a-all_exp-diff-login,ural,ON,1
2026-08-26,2026-08-26 00:00,2026-08-26 04:00,ppc_ru_SVX_sr_gen_a-all_exp-diff-login,ural,ON,1
2026-08-26,2026-08-26 00:00,2026-08-26 04:00,ppc_ru_TJM_sr_dsa_a-all_exp-diff-login,ural,ON,1
2026-08-26,2026-08-26 00:00,2026-08-26 04:00,ppc_ru_TJM_sr_gen_a-all_exp-diff-login,ural,ON,1
2026-08-26,2026-08-26 00:00,2026-08-26 04:00,ppc_ru_UFA_sr_dsa_a-all_exp-diff-login,UFA,OFF,0
2026-08-26,2026-08-26 00:00,2026-08-26 04:00,ppc_ru_UFA_sr_gen_a-all_exp-diff-login,UFA,OFF,0
2026-08-26,2026-08-26 00:00,2026-08-26 04:00,ppc_ru_centr_sr_dsa_a-all_exp-diff-login,centr,ON,1
2026-08-26,2026-08-26 00:00,2026-08-26 04:00,ppc_ru_centr_sr_gen_a-all_exp-diff-login,centr,ON,1
2026-08-26,2026-08-26 00:00,2026-08-26 04:00,ppc_ru_sibir_sr_dsa_a-all_exp-diff-login,sibir,ON,1
2026-08-26,2026-08-26 00:00,2026-08-26 04:00,ppc_ru_sibir_sr_gen_a-all_exp-diff-login,sibir,ON,1
2026-08-26,2026-08-26 00:00,2026-08-26 04:00,ppc_ru_ural_sr_dsa_a-all_exp-diff-login,ural,ON,1
2026-08-26,2026-08-26 00:00,2026-08-26 04:00,ppc_ru_ural_sr_gen_a-all_exp-diff-login,ural,ON,1
2026-08-26,2026-08-26 00:00,2026-08-26 04:00,ppc_ru_ural_sr_s-auto_a-all_exp-diff-login,ural,ON,1
2026-08-26,2026-08-26 04:00,2026-08-26 08:00,ppc_ru_IKT_sr_gen_a-all_exp-diff-login,sibir,ON,1
2026-08-26,2026-08-26 04:00,2026-08-26 08:00,ppc_ru_KJA_sr_dsa_a-all_exp-diff-login,KJA,OFF,0
2026-08-26,2026-08-26 04:00,2026-08-26 08:00,ppc_ru_KJA_sr_gen_a-all_exp-diff-login,KJA,OFF,0
2026-08-26,2026-08-26 04:00,2026-08-26 08:00,ppc_ru_KRR_sr_dsa_a-all_exp-diff-login,KRR,ON,1
2026-08-26,2026-08-26 04:00,2026-08-26 08:00,ppc_ru_KRR_sr_gen_a-all_exp-diff-login,KRR,ON,1
2026-08-26,2026-08-26 04:00,2026-08-26 08:00,ppc_ru_KRR_sr_s-auto_a-all_exp-diff-login,KRR,ON,1
2026-08-26,2026-08-26 04:00,2026-08-26 08:00,ppc_ru_KVKZ_sr_gen_a-all_exp-diff-login,KVKZ,OFF,0
2026-08-26,2026-08-26 04:00,2026-08-26 08:00,ppc_ru_KVKZ_sr_s-auto_a-all_exp-diff-login,KVKZ,OFF,0
2026-08-26,2026-08-26 04:00,2026-08-26 08:00,ppc_ru_KZN_sr_gen_a-all_exp-diff-login,KZN,ON,1
2026-08-26,2026-08-26 04:00,2026-08-26 08:00,ppc_ru_KZN_sr_s-auto_a-all_exp-diff-login,KZN,ON,1
2026-08-26,2026-08-26 04:00,2026-08-26 08:00,ppc_ru_LED_sr_dsa_a-all_exp-diff-login,LED,ON,1
2026-08-26,2026-08-26 04:00,2026-08-26 08:00,ppc_ru_LED_sr_gen_a-all_exp-diff-login,LED,ON,1
2026-08-26,2026-08-26 04:00,2026-08-26 08:00,ppc_ru_LED_sr_s-auto_a-all_exp-diff-login,LED,ON,1
2026-08-26,2026-08-26 04:00,2026-08-26 08:00,ppc_ru_MOW_sr_dsa_a-all_exp-diff-login,MOW,OFF,0
2026-08-26,2026-08-26 04:00,2026-08-26 08:00,ppc_ru_MOW_sr_gen_a-all_exp-diff-login,MOW,OFF,0
2026-08-26,2026-08-26 04:00,2026-08-26 08:00,ppc_ru_MOW_sr_s-auto_a-all_exp-diff-login,MOW,OFF,0
2026-08-26,2026-08-26 04:00,2026-08-26 08:00,ppc_ru_MOW_sr_s-auto_a-all_exp-diff-login_exp_travel-aud,MOW,OFF,0
2026-08-26,2026-08-26 04:00,2026-08-26 08:00,ppc_ru_OVB_sr_dsa_a-all_exp-diff-login,OVB,OFF,0
2026-08-26,2026-08-26 04:00,2026-08-26 08:00,ppc_ru_OVB_sr_gen_a-all_exp-diff-login,OVB,OFF,0
2026-08-26,2026-08-26 04:00,2026-08-26 08:00,ppc_ru_SVX_sr_dsa_a-all_exp-diff-login,ural,OFF,0
2026-08-26,2026-08-26 04:00,2026-08-26 08:00,ppc_ru_SVX_sr_gen_a-all_exp-diff-login,ural,OFF,0
2026-08-26,2026-08-26 04:00,2026-08-26 08:00,ppc_ru_TJM_sr_dsa_a-all_exp-diff-login,ural,OFF,0
2026-08-26,2026-08-26 04:00,2026-08-26 08:00,ppc_ru_TJM_sr_gen_a-all_exp-diff-login,ural,OFF,0
2026-08-26,2026-08-26 04:00,2026-08-26 08:00,ppc_ru_UFA_sr_dsa_a-all_exp-diff-login,UFA,ON,1
2026-08-26,2026-08-26 04:00,2026-08-26 08:00,ppc_ru_UFA_sr_gen_a-all_exp-diff-login,UFA,ON,1
2026-08-26,2026-08-26 04:00,2026-08-26 08:00,ppc_ru_centr_sr_dsa_a-all_exp-diff-login,centr,OFF,0
2026-08-26,2026-08-26 04:00,2026-08-26 08:00,ppc_ru_centr_sr_gen_a-all_exp-diff-login,centr,OFF,0
2026-08-26,2026-08-26 04:00,2026-08-26 08:00,ppc_ru_sibir_sr_dsa_a-all_exp-diff-login,sibir,ON,1
2026-08-26,2026-08-26 04:00,2026-08-26 08:00,ppc_ru_sibir_sr_gen_a-all_exp-diff-login,sibir,ON,1
2026-08-26,2026-08-26 04:00,2026-08-26 08:00,ppc_ru_ural_sr_dsa_a-all_exp-diff-login,ural,OFF,0
2026-08-26,2026-08-26 04:00,2026-08-26 08:00,ppc_ru_ural_sr_gen_a-all_exp-diff-login,ural,OFF,0
2026-08-26,2026-08-26 04:00,2026-08-26 08:00,ppc_ru_ural_sr_s-auto_a-all_exp-diff-login,ural,OFF,0
2026-08-26,2026-08-26 08:00,2026-08-26 12:00,ppc_ru_IKT_sr_gen_a-all_exp-diff-login,sibir,OFF,0
2026-08-26,2026-08-26 08:00,2026-08-26 12:00,ppc_ru_KJA_sr_dsa_a-all_exp-diff-login,KJA,ON,1
2026-08-26,2026-08-26 08:00,2026-08-26 12:00,ppc_ru_KJA_sr_gen_a-all_exp-diff-login,KJA,ON,1
2026-08-26,2026-08-26 08:00,2026-08-26 12:00,ppc_ru_KRR_sr_dsa_a-all_exp-diff-login,KRR,ON,1
2026-08-26,2026-08-26 08:00,2026-08-26 12:00,ppc_ru_KRR_sr_gen_a-all_exp-diff-login,KRR,ON,1
2026-08-26,2026-08-26 08:00,2026-08-26 12:00,ppc_ru_KRR_sr_s-auto_a-all_exp-diff-login,KRR,ON,1
2026-08-26,2026-08-26 08:00,2026-08-26 12:00,ppc_ru_KVKZ_sr_gen_a-all_exp-diff-login,KVKZ,OFF,0
2026-08-26,2026-08-26 08:00,2026-08-26 12:00,ppc_ru_KVKZ_sr_s-auto_a-all_exp-diff-login,KVKZ,OFF,0
2026-08-26,2026-08-26 08:00,2026-08-26 12:00,ppc_ru_KZN_sr_gen_a-all_exp-diff-login,KZN,ON,1
2026-08-26,2026-08-26 08:00,2026-08-26 12:00,ppc_ru_KZN_sr_s-auto_a-all_exp-diff-login,KZN,ON,1
2026-08-26,2026-08-26 08:00,2026-08-26 12:00,ppc_ru_LED_sr_dsa_a-all_exp-diff-login,LED,ON,1
2026-08-26,2026-08-26 08:00,2026-08-26 12:00,ppc_ru_LED_sr_gen_a-all_exp-diff-login,LED,ON,1
2026-08-26,2026-08-26 08:00,2026-08-26 12:00,ppc_ru_LED_sr_s-auto_a-all_exp-diff-login,LED,ON,1
2026-08-26,2026-08-26 08:00,2026-08-26 12:00,ppc_ru_MOW_sr_dsa_a-all_exp-diff-login,MOW,ON,1
2026-08-26,2026-08-26 08:00,2026-08-26 12:00,ppc_ru_MOW_sr_gen_a-all_exp-diff-login,MOW,ON,1
2026-08-26,2026-08-26 08:00,2026-08-26 12:00,ppc_ru_MOW_sr_s-auto_a-all_exp-diff-login,MOW,ON,1
2026-08-26,2026-08-26 08:00,2026-08-26 12:00,ppc_ru_MOW_sr_s-auto_a-all_exp-diff-login_exp_travel-aud,MOW,ON,1
2026-08-26,2026-08-26 08:00,2026-08-26 12:00,ppc_ru_OVB_sr_dsa_a-all_exp-diff-login,OVB,ON,1
2026-08-26,2026-08-26 08:00,2026-08-26 12:00,ppc_ru_OVB_sr_gen_a-all_exp-diff-login,OVB,ON,1
2026-08-26,2026-08-26 08:00,2026-08-26 12:00,ppc_ru_SVX_sr_dsa_a-all_exp-diff-login,ural,ON,1
2026-08-26,2026-08-26 08:00,2026-08-26 12:00,ppc_ru_SVX_sr_gen_a-all_exp-diff-login,ural,ON,1
2026-08-26,2026-08-26 08:00,2026-08-26 12:00,ppc_ru_TJM_sr_dsa_a-all_exp-diff-login,ural,ON,1
2026-08-26,2026-08-26 08:00,2026-08-26 12:00,ppc_ru_TJM_sr_gen_a-all_exp-diff-login,ural,ON,1
2026-08-26,2026-08-26 08:00,2026-08-26 12:00,ppc_ru_UFA_sr_dsa_a-all_exp-diff-login,UFA,ON,1
2026-08-26,2026-08-26 08:00,2026-08-26 12:00,ppc_ru_UFA_sr_gen_a-all_exp-diff-login,UFA,ON,1
2026-08-26,2026-08-26 08:00,2026-08-26 12:00,ppc_ru_centr_sr_dsa_a-all_exp-diff-login,centr,ON,1
2026-08-26,2026-08-26 08:00,2026-08-26 12:00,ppc_ru_centr_sr_gen_a-all_exp-diff-login,centr,ON,1
2026-08-26,2026-08-26 08:00,2026-08-26 12:00,ppc_ru_sibir_sr_dsa_a-all_exp-diff-login,sibir,OFF,0
2026-08-26,2026-08-26 08:00,2026-08-26 12:00,ppc_ru_sibir_sr_gen_a-all_exp-diff-login,sibir,OFF,0
2026-08-26,2026-08-26 08:00,2026-08-26 12:00,ppc_ru_ural_sr_dsa_a-all_exp-diff-login,ural,ON,1
2026-08-26,2026-08-26 08:00,2026-08-26 12:00,ppc_ru_ural_sr_gen_a-all_exp-diff-login,ural,ON,1
2026-08-26,2026-08-26 08:00,2026-08-26 12:00,ppc_ru_ural_sr_s-auto_a-all_exp-diff-login,ural,ON,1
2026-08-26,2026-08-26 12:00,2026-08-26 16:00,ppc_ru_IKT_sr_gen_a-all_exp-diff-login,sibir,OFF,0
2026-08-26,2026-08-26 12:00,2026-08-26 16:00,ppc_ru_KJA_sr_dsa_a-all_exp-diff-login,KJA,ON,1
2026-08-26,2026-08-26 12:00,2026-08-26 16:00,ppc_ru_KJA_sr_gen_a-all_exp-diff-login,KJA,ON,1
2026-08-26,2026-08-26 12:00,2026-08-26 16:00,ppc_ru_KRR_sr_dsa_a-all_exp-diff-login,KRR,OFF,0
2026-08-26,2026-08-26 12:00,2026-08-26 16:00,ppc_ru_KRR_sr_gen_a-all_exp-diff-login,KRR,OFF,0
2026-08-26,2026-08-26 12:00,2026-08-26 16:00,ppc_ru_KRR_sr_s-auto_a-all_exp-diff-login,KRR,OFF,0
2026-08-26,2026-08-26 12:00,2026-08-26 16:00,ppc_ru_KVKZ_sr_gen_a-all_exp-diff-login,KVKZ,OFF,0
2026-08-26,2026-08-26 12:00,2026-08-26 16:00,ppc_ru_KVKZ_sr_s-auto_a-all_exp-diff-login,KVKZ,OFF,0
2026-08-26,2026-08-26 12:00,2026-08-26 16:00,ppc_ru_KZN_sr_gen_a-all_exp-diff-login,KZN,ON,1
2026-08-26,2026-08-26 12:00,2026-08-26 16:00,ppc_ru_KZN_sr_s-auto_a-all_exp-diff-login,KZN,ON,1
2026-08-26,2026-08-26 12:00,2026-08-26 16:00,ppc_ru_LED_sr_dsa_a-all_exp-diff-login,LED,OFF,0
2026-08-26,2026-08-26 12:00,2026-08-26 16:00,ppc_ru_LED_sr_gen_a-all_exp-diff-login,LED,OFF,0
2026-08-26,2026-08-26 12:00,2026-08-26 16:00,ppc_ru_LED_sr_s-auto_a-all_exp-diff-login,LED,OFF,0
2026-08-26,2026-08-26 12:00,2026-08-26 16:00,ppc_ru_MOW_sr_dsa_a-all_exp-diff-login,MOW,OFF,0
2026-08-26,2026-08-26 12:00,2026-08-26 16:00,ppc_ru_MOW_sr_gen_a-all_exp-diff-login,MOW,OFF,0
2026-08-26,2026-08-26 12:00,2026-08-26 16:00,ppc_ru_MOW_sr_s-auto_a-all_exp-diff-login,MOW,OFF,0
2026-08-26,2026-08-26 12:00,2026-08-26 16:00,ppc_ru_MOW_sr_s-auto_a-all_exp-diff-login_exp_travel-aud,MOW,OFF,0
2026-08-26,2026-08-26 12:00,2026-08-26 16:00,ppc_ru_OVB_sr_dsa_a-all_exp-diff-login,OVB,ON,1
2026-08-26,2026-08-26 12:00,2026-08-26 16:00,ppc_ru_OVB_sr_gen_a-all_exp-diff-login,OVB,ON,1
2026-08-26,2026-08-26 12:00,2026-08-26 16:00,ppc_ru_SVX_sr_dsa_a-all_exp-diff-login,ural,OFF,0
2026-08-26,2026-08-26 12:00,2026-08-26 16:00,ppc_ru_SVX_sr_gen_a-all_exp-diff-login,ural,OFF,0
2026-08-26,2026-08-26 12:00,2026-08-26 16:00,ppc_ru_TJM_sr_dsa_a-all_exp-diff-login,ural,OFF,0
2026-08-26,2026-08-26 12:00,2026-08-26 16:00,ppc_ru_TJM_sr_gen_a-all_exp-diff-login,ural,OFF,0
2026-08-26,2026-08-26 12:00,2026-08-26 16:00,ppc_ru_UFA_sr_dsa_a-all_exp-diff-login,UFA,OFF,0
2026-08-26,2026-08-26 12:00,2026-08-26 16:00,ppc_ru_UFA_sr_gen_a-all_exp-diff-login,UFA,OFF,0
2026-08-26,2026-08-26 12:00,2026-08-26 16:00,ppc_ru_centr_sr_dsa_a-all_exp-diff-login,centr,ON,1
2026-08-26,2026-08-26 12:00,2026-08-26 16:00,ppc_ru_centr_sr_gen_a-all_exp-diff-login,centr,ON,1
2026-08-26,2026-08-26 12:00,2026-08-26 16:00,ppc_ru_sibir_sr_dsa_a-all_exp-diff-login,sibir,OFF,0
2026-08-26,2026-08-26 12:00,2026-08-26 16:00,ppc_ru_sibir_sr_gen_a-all_exp-diff-login,sibir,OFF,0
2026-08-26,2026-08-26 12:00,2026-08-26 16:00,ppc_ru_ural_sr_dsa_a-all_exp-diff-login,ural,OFF,0
2026-08-26,2026-08-26 12:00,2026-08-26 16:00,ppc_ru_ural_sr_gen_a-all_exp-diff-login,ural,OFF,0
2026-08-26,2026-08-26 12:00,2026-08-26 16:00,ppc_ru_ural_sr_s-auto_a-all_exp-diff-login,ural,OFF,0
2026-08-26,2026-08-26 16:00,2026-08-26 20:00,ppc_ru_IKT_sr_gen_a-all_exp-diff-login,sibir,OFF,0
2026-08-26,2026-08-26 16:00,2026-08-26 20:00,ppc_ru_KJA_sr_dsa_a-all_exp-diff-login,KJA,OFF,0
2026-08-26,2026-08-26 16:00,2026-08-26 20:00,ppc_ru_KJA_sr_gen_a-all_exp-diff-login,KJA,OFF,0
2026-08-26,2026-08-26 16:00,2026-08-26 20:00,ppc_ru_KRR_sr_dsa_a-all_exp-diff-login,KRR,OFF,0
2026-08-26,2026-08-26 16:00,2026-08-26 20:00,ppc_ru_KRR_sr_gen_a-all_exp-diff-login,KRR,OFF,0
2026-08-26,2026-08-26 16:00,2026-08-26 20:00,ppc_ru_KRR_sr_s-auto_a-all_exp-diff-login,KRR,OFF,0
2026-08-26,2026-08-26 16:00,2026-08-26 20:00,ppc_ru_KVKZ_sr_gen_a-all_exp-diff-login,KVKZ,ON,1
2026-08-26,2026-08-26 16:00,2026-08-26 20:00,ppc_ru_KVKZ_sr_s-auto_a-all_exp-diff-login,KVKZ,ON,1
2026-08-26,2026-08-26 16:00,2026-08-26 20:00,ppc_ru_KZN_sr_gen_a-all_exp-diff-login,KZN,OFF,0
2026-08-26,2026-08-26 16:00,2026-08-26 20:00,ppc_ru_KZN_sr_s-auto_a-all_exp-diff-login,KZN,OFF,0
2026-08-26,2026-08-26 16:00,2026-08-26 20:00,ppc_ru_LED_sr_dsa_a-all_exp-diff-login,LED,OFF,0
2026-08-26,2026-08-26 16:00,2026-08-26 20:00,ppc_ru_LED_sr_gen_a-all_exp-diff-login,LED,OFF,0
2026-08-26,2026-08-26 16:00,2026-08-26 20:00,ppc_ru_LED_sr_s-auto_a-all_exp-diff-login,LED,OFF,0
2026-08-26,2026-08-26 16:00,2026-08-26 20:00,ppc_ru_MOW_sr_dsa_a-all_exp-diff-login,MOW,OFF,0
2026-08-26,2026-08-26 16:00,2026-08-26 20:00,ppc_ru_MOW_sr_gen_a-all_exp-diff-login,MOW,OFF,0
2026-08-26,2026-08-26 16:00,2026-08-26 20:00,ppc_ru_MOW_sr_s-auto_a-all_exp-diff-login,MOW,OFF,0
2026-08-26,2026-08-26 16:00,2026-08-26 20:00,ppc_ru_MOW_sr_s-auto_a-all_exp-diff-login_exp_travel-aud,MOW,OFF,0
2026-08-26,2026-08-26 16:00,2026-08-26 20:00,ppc_ru_OVB_sr_dsa_a-all_exp-diff-login,OVB,OFF,0
2026-08-26,2026-08-26 16:00,2026-08-26 20:00,ppc_ru_OVB_sr_gen_a-all_exp-diff-login,OVB,OFF,0
2026-08-26,2026-08-26 16:00,2026-08-26 20:00,ppc_ru_SVX_sr_dsa_a-all_exp-diff-login,ural,OFF,0
2026-08-26,2026-08-26 16:00,2026-08-26 20:00,ppc_ru_SVX_sr_gen_a-all_exp-diff-login,ural,OFF,0
2026-08-26,2026-08-26 16:00,2026-08-26 20:00,ppc_ru_TJM_sr_dsa_a-all_exp-diff-login,ural,OFF,0
2026-08-26,2026-08-26 16:00,2026-08-26 20:00,ppc_ru_TJM_sr_gen_a-all_exp-diff-login,ural,OFF,0
2026-08-26,2026-08-26 16:00,2026-08-26 20:00,ppc_ru_UFA_sr_dsa_a-all_exp-diff-login,UFA,ON,1
2026-08-26,2026-08-26 16:00,2026-08-26 20:00,ppc_ru_UFA_sr_gen_a-all_exp-diff-login,UFA,ON,1
2026-08-26,2026-08-26 16:00,2026-08-26 20:00,ppc_ru_centr_sr_dsa_a-all_exp-diff-login,centr,OFF,0
2026-08-26,2026-08-26 16:00,2026-08-26 20:00,ppc_ru_centr_sr_gen_a-all_exp-diff-login,centr,OFF,0
2026-08-26,2026-08-26 16:00,2026-08-26 20:00,ppc_ru_sibir_sr_dsa_a-all_exp-diff-login,sibir,OFF,0
2026-08-26,2026-08-26 16:00,2026-08-26 20:00,ppc_ru_sibir_sr_gen_a-all_exp-diff-login,sibir,OFF,0
2026-08-26,2026-08-26 16:00,2026-08-26 20:00,ppc_ru_ural_sr_dsa_a-all_exp-diff-login,ural,OFF,0
2026-08-26,2026-08-26 16:00,2026-08-26 20:00,ppc_ru_ural_sr_gen_a-all_exp-diff-login,ural,OFF,0
2026-08-26,2026-08-26 16:00,2026-08-26 20:00,ppc_ru_ural_sr_s-auto_a-all_exp-diff-login,ural,OFF,0
2026-08-26,2026-08-26 20:00,2026-08-27 00:00,ppc_ru_IKT_sr_gen_a-all_exp-diff-login,sibir,ON,1
2026-08-26,2026-08-26 20:00,2026-08-27 00:00,ppc_ru_KJA_sr_dsa_a-all_exp-diff-login,KJA,OFF,0
2026-08-26,2026-08-26 20:00,2026-08-27 00:00,ppc_ru_KJA_sr_gen_a-all_exp-diff-login,KJA,OFF,0
2026-08-26,2026-08-26 20:00,2026-08-27 00:00,ppc_ru_KRR_sr_dsa_a-all_exp-diff-login,KRR,OFF,0
2026-08-26,2026-08-26 20:00,2026-08-27 00:00,ppc_ru_KRR_sr_gen_a-all_exp-diff-login,KRR,OFF,0
2026-08-26,2026-08-26 20:00,2026-08-27 00:00,ppc_ru_KRR_sr_s-auto_a-all_exp-diff-login,KRR,OFF,0
2026-08-26,2026-08-26 20:00,2026-08-27 00:00,ppc_ru_KVKZ_sr_gen_a-all_exp-diff-login,KVKZ,ON,1
2026-08-26,2026-08-26 20:00,2026-08-27 00:00,ppc_ru_KVKZ_sr_s-auto_a-all_exp-diff-login,KVKZ,ON,1
2026-08-26,2026-08-26 20:00,2026-08-27 00:00,ppc_ru_KZN_sr_gen_a-all_exp-diff-login,KZN,OFF,0
2026-08-26,2026-08-26 20:00,2026-08-27 00:00,ppc_ru_KZN_sr_s-auto_a-all_exp-diff-login,KZN,OFF,0
2026-08-26,2026-08-26 20:00,2026-08-27 00:00,ppc_ru_LED_sr_dsa_a-all_exp-diff-login,LED,OFF,0
2026-08-26,2026-08-26 20:00,2026-08-27 00:00,ppc_ru_LED_sr_gen_a-all_exp-diff-login,LED,OFF,0
2026-08-26,2026-08-26 20:00,2026-08-27 00:00,ppc_ru_LED_sr_s-auto_a-all_exp-diff-login,LED,OFF,0
2026-08-26,2026-08-26 20:00,2026-08-27 00:00,ppc_ru_MOW_sr_dsa_a-all_exp-diff-login,MOW,ON,1
2026-08-26,2026-08-26 20:00,2026-08-27 00:00,ppc_ru_MOW_sr_gen_a-all_exp-diff-login,MOW,ON,1
2026-08-26,2026-08-26 20:00,2026-08-27 00:00,ppc_ru_MOW_sr_s-auto_a-all_exp-diff-login,MOW,ON,1
2026-08-26,2026-08-26 20:00,2026-08-27 00:00,ppc_ru_MOW_sr_s-auto_a-all_exp-diff-login_exp_travel-aud,MOW,ON,1
2026-08-26,2026-08-26 20:00,2026-08-27 00:00,ppc_ru_OVB_sr_dsa_a-all_exp-diff-login,OVB,OFF,0
2026-08-26,2026-08-26 20:00,2026-08-27 00:00,ppc_ru_OVB_sr_gen_a-all_exp-diff-login,OVB,OFF,0
2026-08-26,2026-08-26 20:00,2026-08-27 00:00,ppc_ru_SVX_sr_dsa_a-all_exp-diff-login,ural,ON,1
2026-08-26,2026-08-26 20:00,2026-08-27 00:00,ppc_ru_SVX_sr_gen_a-all_exp-diff-login,ural,ON,1
2026-08-26,2026-08-26 20:00,2026-08-27 00:00,ppc_ru_TJM_sr_dsa_a-all_exp-diff-login,ural,ON,1
2026-08-26,2026-08-26 20:00,2026-08-27 00:00,ppc_ru_TJM_sr_gen_a-all_exp-diff-login,ural,ON,1
2026-08-26,2026-08-26 20:00,2026-08-27 00:00,ppc_ru_UFA_sr_dsa_a-all_exp-diff-login,UFA,OFF,0
2026-08-26,2026-08-26 20:00,2026-08-27 00:00,ppc_ru_UFA_sr_gen_a-all_exp-diff-login,UFA,OFF,0
2026-08-26,2026-08-26 20:00,2026-08-27 00:00,ppc_ru_centr_sr_dsa_a-all_exp-diff-login,centr,OFF,0
2026-08-26,2026-08-26 20:00,2026-08-27 00:00,ppc_ru_centr_sr_gen_a-all_exp-diff-login,centr,OFF,0
2026-08-26,2026-08-26 20:00,2026-08-27 00:00,ppc_ru_sibir_sr_dsa_a-all_exp-diff-login,sibir,ON,1
2026-08-26,2026-08-26 20:00,2026-08-27 00:00,ppc_ru_sibir_sr_gen_a-all_exp-diff-login,sibir,ON,1
2026-08-26,2026-08-26 20:00,2026-08-27 00:00,ppc_ru_ural_sr_dsa_a-all_exp-diff-login,ural,ON,1
2026-08-26,2026-08-26 20:00,2026-08-27 00:00,ppc_ru_ural_sr_gen_a-all_exp-diff-login,ural,ON,1
2026-08-26,2026-08-26 20:00,2026-08-27 00:00,ppc_ru_ural_sr_s-auto_a-all_exp-diff-login,ural,ON,1
2026-08-27,2026-08-27 00:00,2026-08-27 04:00,ppc_ru_IKT_sr_gen_a-all_exp-diff-login,sibir,OFF,0
2026-08-27,2026-08-27 00:00,2026-08-27 04:00,ppc_ru_KJA_sr_dsa_a-all_exp-diff-login,KJA,ON,1
2026-08-27,2026-08-27 00:00,2026-08-27 04:00,ppc_ru_KJA_sr_gen_a-all_exp-diff-login,KJA,ON,1
2026-08-27,2026-08-27 00:00,2026-08-27 04:00,ppc_ru_KRR_sr_dsa_a-all_exp-diff-login,KRR,OFF,0
2026-08-27,2026-08-27 00:00,2026-08-27 04:00,ppc_ru_KRR_sr_gen_a-all_exp-diff-login,KRR,OFF,0
2026-08-27,2026-08-27 00:00,2026-08-27 04:00,ppc_ru_KRR_sr_s-auto_a-all_exp-diff-login,KRR,OFF,0
2026-08-27,2026-08-27 00:00,2026-08-27 04:00,ppc_ru_KVKZ_sr_gen_a-all_exp-diff-login,KVKZ,OFF,0
2026-08-27,2026-08-27 00:00,2026-08-27 04:00,ppc_ru_KVKZ_sr_s-auto_a-all_exp-diff-login,KVKZ,OFF,0
2026-08-27,2026-08-27 00:00,2026-08-27 04:00,ppc_ru_KZN_sr_gen_a-all_exp-diff-login,KZN,OFF,0
2026-08-27,2026-08-27 00:00,2026-08-27 04:00,ppc_ru_KZN_sr_s-auto_a-all_exp-diff-login,KZN,OFF,0
2026-08-27,2026-08-27 00:00,2026-08-27 04:00,ppc_ru_LED_sr_dsa_a-all_exp-diff-login,LED,ON,1
2026-08-27,2026-08-27 00:00,2026-08-27 04:00,ppc_ru_LED_sr_gen_a-all_exp-diff-login,LED,ON,1
2026-08-27,2026-08-27 00:00,2026-08-27 04:00,ppc_ru_LED_sr_s-auto_a-all_exp-diff-login,LED,ON,1
2026-08-27,2026-08-27 00:00,2026-08-27 04:00,ppc_ru_MOW_sr_dsa_a-all_exp-diff-login,MOW,OFF,0
2026-08-27,2026-08-27 00:00,2026-08-27 04:00,ppc_ru_MOW_sr_gen_a-all_exp-diff-login,MOW,OFF,0
2026-08-27,2026-08-27 00:00,2026-08-27 04:00,ppc_ru_MOW_sr_s-auto_a-all_exp-diff-login,MOW,OFF,0
2026-08-27,2026-08-27 00:00,2026-08-27 04:00,ppc_ru_MOW_sr_s-auto_a-all_exp-diff-login_exp_travel-aud,MOW,OFF,0
2026-08-27,2026-08-27 00:00,2026-08-27 04:00,ppc_ru_OVB_sr_dsa_a-all_exp-diff-login,OVB,OFF,0
2026-08-27,2026-08-27 00:00,2026-08-27 04:00,ppc_ru_OVB_sr_gen_a-all_exp-diff-login,OVB,OFF,0
2026-08-27,2026-08-27 00:00,2026-08-27 04:00,ppc_ru_SVX_sr_dsa_a-all_exp-diff-login,ural,ON,1
2026-08-27,2026-08-27 00:00,2026-08-27 04:00,ppc_ru_SVX_sr_gen_a-all_exp-diff-login,ural,ON,1
2026-08-27,2026-08-27 00:00,2026-08-27 04:00,ppc_ru_TJM_sr_dsa_a-all_exp-diff-login,ural,ON,1
2026-08-27,2026-08-27 00:00,2026-08-27 04:00,ppc_ru_TJM_sr_gen_a-all_exp-diff-login,ural,ON,1
2026-08-27,2026-08-27 00:00,2026-08-27 04:00,ppc_ru_UFA_sr_dsa_a-all_exp-diff-login,UFA,ON,1
2026-08-27,2026-08-27 00:00,2026-08-27 04:00,ppc_ru_UFA_sr_gen_a-all_exp-diff-login,UFA,ON,1
2026-08-27,2026-08-27 00:00,2026-08-27 04:00,ppc_ru_centr_sr_dsa_a-all_exp-diff-login,centr,OFF,0
2026-08-27,2026-08-27 00:00,2026-08-27 04:00,ppc_ru_centr_sr_gen_a-all_exp-diff-login,centr,OFF,0
2026-08-27,2026-08-27 00:00,2026-08-27 04:00,ppc_ru_sibir_sr_dsa_a-all_exp-diff-login,sibir,OFF,0
2026-08-27,2026-08-27 00:00,2026-08-27 04:00,ppc_ru_sibir_sr_gen_a-all_exp-diff-login,sibir,OFF,0
2026-08-27,2026-08-27 00:00,2026-08-27 04:00,ppc_ru_ural_sr_dsa_a-all_exp-diff-login,ural,ON,1
2026-08-27,2026-08-27 00:00,2026-08-27 04:00,ppc_ru_ural_sr_gen_a-all_exp-diff-login,ural,ON,1
2026-08-27,2026-08-27 00:00,2026-08-27 04:00,ppc_ru_ural_sr_s-auto_a-all_exp-diff-login,ural,ON,1
2026-08-27,2026-08-27 04:00,2026-08-27 08:00,ppc_ru_IKT_sr_gen_a-all_exp-diff-login,sibir,ON,1
2026-08-27,2026-08-27 04:00,2026-08-27 08:00,ppc_ru_KJA_sr_dsa_a-all_exp-diff-login,KJA,OFF,0
2026-08-27,2026-08-27 04:00,2026-08-27 08:00,ppc_ru_KJA_sr_gen_a-all_exp-diff-login,KJA,OFF,0
2026-08-27,2026-08-27 04:00,2026-08-27 08:00,ppc_ru_KRR_sr_dsa_a-all_exp-diff-login,KRR,ON,1
2026-08-27,2026-08-27 04:00,2026-08-27 08:00,ppc_ru_KRR_sr_gen_a-all_exp-diff-login,KRR,ON,1
2026-08-27,2026-08-27 04:00,2026-08-27 08:00,ppc_ru_KRR_sr_s-auto_a-all_exp-diff-login,KRR,ON,1
2026-08-27,2026-08-27 04:00,2026-08-27 08:00,ppc_ru_KVKZ_sr_gen_a-all_exp-diff-login,KVKZ,ON,1
2026-08-27,2026-08-27 04:00,2026-08-27 08:00,ppc_ru_KVKZ_sr_s-auto_a-all_exp-diff-login,KVKZ,ON,1
2026-08-27,2026-08-27 04:00,2026-08-27 08:00,ppc_ru_KZN_sr_gen_a-all_exp-diff-login,KZN,ON,1
2026-08-27,2026-08-27 04:00,2026-08-27 08:00,ppc_ru_KZN_sr_s-auto_a-all_exp-diff-login,KZN,ON,1
2026-08-27,2026-08-27 04:00,2026-08-27 08:00,ppc_ru_LED_sr_dsa_a-all_exp-diff-login,LED,ON,1
2026-08-27,2026-08-27 04:00,2026-08-27 08:00,ppc_ru_LED_sr_gen_a-all_exp-diff-login,LED,ON,1
2026-08-27,2026-08-27 04:00,2026-08-27 08:00,ppc_ru_LED_sr_s-auto_a-all_exp-diff-login,LED,ON,1
2026-08-27,2026-08-27 04:00,2026-08-27 08:00,ppc_ru_MOW_sr_dsa_a-all_exp-diff-login,MOW,ON,1
2026-08-27,2026-08-27 04:00,2026-08-27 08:00,ppc_ru_MOW_sr_gen_a-all_exp-diff-login,MOW,ON,1
2026-08-27,2026-08-27 04:00,2026-08-27 08:00,ppc_ru_MOW_sr_s-auto_a-all_exp-diff-login,MOW,ON,1
2026-08-27,2026-08-27 04:00,2026-08-27 08:00,ppc_ru_MOW_sr_s-auto_a-all_exp-diff-login_exp_travel-aud,MOW,ON,1
2026-08-27,2026-08-27 04:00,2026-08-27 08:00,ppc_ru_OVB_sr_dsa_a-all_exp-diff-login,OVB,ON,1
2026-08-27,2026-08-27 04:00,2026-08-27 08:00,ppc_ru_OVB_sr_gen_a-all_exp-diff-login,OVB,ON,1
2026-08-27,2026-08-27 04:00,2026-08-27 08:00,ppc_ru_SVX_sr_dsa_a-all_exp-diff-login,ural,ON,1
2026-08-27,2026-08-27 04:00,2026-08-27 08:00,ppc_ru_SVX_sr_gen_a-all_exp-diff-login,ural,ON,1
2026-08-27,2026-08-27 04:00,2026-08-27 08:00,ppc_ru_TJM_sr_dsa_a-all_exp-diff-login,ural,ON,1
2026-08-27,2026-08-27 04:00,2026-08-27 08:00,ppc_ru_TJM_sr_gen_a-all_exp-diff-login,ural,ON,1
2026-08-27,2026-08-27 04:00,2026-08-27 08:00,ppc_ru_UFA_sr_dsa_a-all_exp-diff-login,UFA,OFF,0
2026-08-27,2026-08-27 04:00,2026-08-27 08:00,ppc_ru_UFA_sr_gen_a-all_exp-diff-login,UFA,OFF,0
2026-08-27,2026-08-27 04:00,2026-08-27 08:00,ppc_ru_centr_sr_dsa_a-all_exp-diff-login,centr,OFF,0
2026-08-27,2026-08-27 04:00,2026-08-27 08:00,ppc_ru_centr_sr_gen_a-all_exp-diff-login,centr,OFF,0
2026-08-27,2026-08-27 04:00,2026-08-27 08:00,ppc_ru_sibir_sr_dsa_a-all_exp-diff-login,sibir,ON,1
2026-08-27,2026-08-27 04:00,2026-08-27 08:00,ppc_ru_sibir_sr_gen_a-all_exp-diff-login,sibir,ON,1
2026-08-27,2026-08-27 04:00,2026-08-27 08:00,ppc_ru_ural_sr_dsa_a-all_exp-diff-login,ural,ON,1
2026-08-27,2026-08-27 04:00,2026-08-27 08:00,ppc_ru_ural_sr_gen_a-all_exp-diff-login,ural,ON,1
2026-08-27,2026-08-27 04:00,2026-08-27 08:00,ppc_ru_ural_sr_s-auto_a-all_exp-diff-login,ural,ON,1
2026-08-27,2026-08-27 08:00,2026-08-27 12:00,ppc_ru_IKT_sr_gen_a-all_exp-diff-login,sibir,ON,1
2026-08-27,2026-08-27 08:00,2026-08-27 12:00,ppc_ru_KJA_sr_dsa_a-all_exp-diff-login,KJA,ON,1
2026-08-27,2026-08-27 08:00,2026-08-27 12:00,ppc_ru_KJA_sr_gen_a-all_exp-diff-login,KJA,ON,1
2026-08-27,2026-08-27 08:00,2026-08-27 12:00,ppc_ru_KRR_sr_dsa_a-all_exp-diff-login,KRR,OFF,0
2026-08-27,2026-08-27 08:00,2026-08-27 12:00,ppc_ru_KRR_sr_gen_a-all_exp-diff-login,KRR,OFF,0
2026-08-27,2026-08-27 08:00,2026-08-27 12:00,ppc_ru_KRR_sr_s-auto_a-all_exp-diff-login,KRR,OFF,0
2026-08-27,2026-08-27 08:00,2026-08-27 12:00,ppc_ru_KVKZ_sr_gen_a-all_exp-diff-login,KVKZ,OFF,0
2026-08-27,2026-08-27 08:00,2026-08-27 12:00,ppc_ru_KVKZ_sr_s-auto_a-all_exp-diff-login,KVKZ,OFF,0
2026-08-27,2026-08-27 08:00,2026-08-27 12:00,ppc_ru_KZN_sr_gen_a-all_exp-diff-login,KZN,ON,1
2026-08-27,2026-08-27 08:00,2026-08-27 12:00,ppc_ru_KZN_sr_s-auto_a-all_exp-diff-login,KZN,ON,1
2026-08-27,2026-08-27 08:00,2026-08-27 12:00,ppc_ru_LED_sr_dsa_a-all_exp-diff-login,LED,OFF,0
2026-08-27,2026-08-27 08:00,2026-08-27 12:00,ppc_ru_LED_sr_gen_a-all_exp-diff-login,LED,OFF,0
2026-08-27,2026-08-27 08:00,2026-08-27 12:00,ppc_ru_LED_sr_s-auto_a-all_exp-diff-login,LED,OFF,0
2026-08-27,2026-08-27 08:00,2026-08-27 12:00,ppc_ru_MOW_sr_dsa_a-all_exp-diff-login,MOW,OFF,0
2026-08-27,2026-08-27 08:00,2026-08-27 12:00,ppc_ru_MOW_sr_gen_a-all_exp-diff-login,MOW,OFF,0
2026-08-27,2026-08-27 08:00,2026-08-27 12:00,ppc_ru_MOW_sr_s-auto_a-all_exp-diff-login,MOW,OFF,0
2026-08-27,2026-08-27 08:00,2026-08-27 12:00,ppc_ru_MOW_sr_s-auto_a-all_exp-diff-login_exp_travel-aud,MOW,OFF,0
2026-08-27,2026-08-27 08:00,2026-08-27 12:00,ppc_ru_OVB_sr_dsa_a-all_exp-diff-login,OVB,OFF,0
2026-08-27,2026-08-27 08:00,2026-08-27 12:00,ppc_ru_OVB_sr_gen_a-all_exp-diff-login,OVB,OFF,0
2026-08-27,2026-08-27 08:00,2026-08-27 12:00,ppc_ru_SVX_sr_dsa_a-all_exp-diff-login,ural,OFF,0
2026-08-27,2026-08-27 08:00,2026-08-27 12:00,ppc_ru_SVX_sr_gen_a-all_exp-diff-login,ural,OFF,0
2026-08-27,2026-08-27 08:00,2026-08-27 12:00,ppc_ru_TJM_sr_dsa_a-all_exp-diff-login,ural,OFF,0
2026-08-27,2026-08-27 08:00,2026-08-27 12:00,ppc_ru_TJM_sr_gen_a-all_exp-diff-login,ural,OFF,0
2026-08-27,2026-08-27 08:00,2026-08-27 12:00,ppc_ru_UFA_sr_dsa_a-all_exp-diff-login,UFA,OFF,0
2026-08-27,2026-08-27 08:00,2026-08-27 12:00,ppc_ru_UFA_sr_gen_a-all_exp-diff-login,UFA,OFF,0
2026-08-27,2026-08-27 08:00,2026-08-27 12:00,ppc_ru_centr_sr_dsa_a-all_exp-diff-login,centr,OFF,0
2026-08-27,2026-08-27 08:00,2026-08-27 12:00,ppc_ru_centr_sr_gen_a-all_exp-diff-login,centr,OFF,0
2026-08-27,2026-08-27 08:00,2026-08-27 12:00,ppc_ru_sibir_sr_dsa_a-all_exp-diff-login,sibir,ON,1
2026-08-27,2026-08-27 08:00,2026-08-27 12:00,ppc_ru_sibir_sr_gen_a-all_exp-diff-login,sibir,ON,1
2026-08-27,2026-08-27 08:00,2026-08-27 12:00,ppc_ru_ural_sr_dsa_a-all_exp-diff-login,ural,OFF,0
2026-08-27,2026-08-27 08:00,2026-08-27 12:00,ppc_ru_ural_sr_gen_a-all_exp-diff-login,ural,OFF,0
2026-08-27,2026-08-27 08:00,2026-08-27 12:00,ppc_ru_ural_sr_s-auto_a-all_exp-diff-login,ural,OFF,0
2026-08-27,2026-08-27 12:00,2026-08-27 16:00,ppc_ru_IKT_sr_gen_a-all_exp-diff-login,sibir,OFF,0
2026-08-27,2026-08-27 12:00,2026-08-27 16:00,ppc_ru_KJA_sr_dsa_a-all_exp-diff-login,KJA,OFF,0
2026-08-27,2026-08-27 12:00,2026-08-27 16:00,ppc_ru_KJA_sr_gen_a-all_exp-diff-login,KJA,OFF,0
2026-08-27,2026-08-27 12:00,2026-08-27 16:00,ppc_ru_KRR_sr_dsa_a-all_exp-diff-login,KRR,ON,1
2026-08-27,2026-08-27 12:00,2026-08-27 16:00,ppc_ru_KRR_sr_gen_a-all_exp-diff-login,KRR,ON,1
2026-08-27,2026-08-27 12:00,2026-08-27 16:00,ppc_ru_KRR_sr_s-auto_a-all_exp-diff-login,KRR,ON,1
2026-08-27,2026-08-27 12:00,2026-08-27 16:00,ppc_ru_KVKZ_sr_gen_a-all_exp-diff-login,KVKZ,ON,1
2026-08-27,2026-08-27 12:00,2026-08-27 16:00,ppc_ru_KVKZ_sr_s-auto_a-all_exp-diff-login,KVKZ,ON,1
2026-08-27,2026-08-27 12:00,2026-08-27 16:00,ppc_ru_KZN_sr_gen_a-all_exp-diff-login,KZN,OFF,0
2026-08-27,2026-08-27 12:00,2026-08-27 16:00,ppc_ru_KZN_sr_s-auto_a-all_exp-diff-login,KZN,OFF,0
2026-08-27,2026-08-27 12:00,2026-08-27 16:00,ppc_ru_LED_sr_dsa_a-all_exp-diff-login,LED,OFF,0
2026-08-27,2026-08-27 12:00,2026-08-27 16:00,ppc_ru_LED_sr_gen_a-all_exp-diff-login,LED,OFF,0
2026-08-27,2026-08-27 12:00,2026-08-27 16:00,ppc_ru_LED_sr_s-auto_a-all_exp-diff-login,LED,OFF,0
2026-08-27,2026-08-27 12:00,2026-08-27 16:00,ppc_ru_MOW_sr_dsa_a-all_exp-diff-login,MOW,ON,1
2026-08-27,2026-08-27 12:00,2026-08-27 16:00,ppc_ru_MOW_sr_gen_a-all_exp-diff-login,MOW,ON,1
2026-08-27,2026-08-27 12:00,2026-08-27 16:00,ppc_ru_MOW_sr_s-auto_a-all_exp-diff-login,MOW,ON,1
2026-08-27,2026-08-27 12:00,2026-08-27 16:00,ppc_ru_MOW_sr_s-auto_a-all_exp-diff-login_exp_travel-aud,MOW,ON,1
2026-08-27,2026-08-27 12:00,2026-08-27 16:00,ppc_ru_OVB_sr_dsa_a-all_exp-diff-login,OVB,ON,1
2026-08-27,2026-08-27 12:00,2026-08-27 16:00,ppc_ru_OVB_sr_gen_a-all_exp-diff-login,OVB,ON,1
2026-08-27,2026-08-27 12:00,2026-08-27 16:00,ppc_ru_SVX_sr_dsa_a-all_exp-diff-login,ural,OFF,0
2026-08-27,2026-08-27 12:00,2026-08-27 16:00,ppc_ru_SVX_sr_gen_a-all_exp-diff-login,ural,OFF,0
2026-08-27,2026-08-27 12:00,2026-08-27 16:00,ppc_ru_TJM_sr_dsa_a-all_exp-diff-login,ural,OFF,0
2026-08-27,2026-08-27 12:00,2026-08-27 16:00,ppc_ru_TJM_sr_gen_a-all_exp-diff-login,ural,OFF,0
2026-08-27,2026-08-27 12:00,2026-08-27 16:00,ppc_ru_UFA_sr_dsa_a-all_exp-diff-login,UFA,ON,1
2026-08-27,2026-08-27 12:00,2026-08-27 16:00,ppc_ru_UFA_sr_gen_a-all_exp-diff-login,UFA,ON,1
2026-08-27,2026-08-27 12:00,2026-08-27 16:00,ppc_ru_centr_sr_dsa_a-all_exp-diff-login,centr,ON,1
2026-08-27,2026-08-27 12:00,2026-08-27 16:00,ppc_ru_centr_sr_gen_a-all_exp-diff-login,centr,ON,1
2026-08-27,2026-08-27 12:00,2026-08-27 16:00,ppc_ru_sibir_sr_dsa_a-all_exp-diff-login,sibir,OFF,0
2026-08-27,2026-08-27 12:00,2026-08-27 16:00,ppc_ru_sibir_sr_gen_a-all_exp-diff-login,sibir,OFF,0
2026-08-27,2026-08-27 12:00,2026-08-27 16:00,ppc_ru_ural_sr_dsa_a-all_exp-diff-login,ural,OFF,0
2026-08-27,2026-08-27 12:00,2026-08-27 16:00,ppc_ru_ural_sr_gen_a-all_exp-diff-login,ural,OFF,0
2026-08-27,2026-08-27 12:00,2026-08-27 16:00,ppc_ru_ural_sr_s-auto_a-all_exp-diff-login,ural,OFF,0
2026-08-27,2026-08-27 16:00,2026-08-27 20:00,ppc_ru_IKT_sr_gen_a-all_exp-diff-login,sibir,OFF,0
2026-08-27,2026-08-27 16:00,2026-08-27 20:00,ppc_ru_KJA_sr_dsa_a-all_exp-diff-login,KJA,OFF,0
2026-08-27,2026-08-27 16:00,2026-08-27 20:00,ppc_ru_KJA_sr_gen_a-all_exp-diff-login,KJA,OFF,0
2026-08-27,2026-08-27 16:00,2026-08-27 20:00,ppc_ru_KRR_sr_dsa_a-all_exp-diff-login,KRR,ON,1
2026-08-27,2026-08-27 16:00,2026-08-27 20:00,ppc_ru_KRR_sr_gen_a-all_exp-diff-login,KRR,ON,1
2026-08-27,2026-08-27 16:00,2026-08-27 20:00,ppc_ru_KRR_sr_s-auto_a-all_exp-diff-login,KRR,ON,1
2026-08-27,2026-08-27 16:00,2026-08-27 20:00,ppc_ru_KVKZ_sr_gen_a-all_exp-diff-login,KVKZ,ON,1
2026-08-27,2026-08-27 16:00,2026-08-27 20:00,ppc_ru_KVKZ_sr_s-auto_a-all_exp-diff-login,KVKZ,ON,1
2026-08-27,2026-08-27 16:00,2026-08-27 20:00,ppc_ru_KZN_sr_gen_a-all_exp-diff-login,KZN,ON,1
2026-08-27,2026-08-27 16:00,2026-08-27 20:00,ppc_ru_KZN_sr_s-auto_a-all_exp-diff-login,KZN,ON,1
2026-08-27,2026-08-27 16:00,2026-08-27 20:00,ppc_ru_LED_sr_dsa_a-all_exp-diff-login,LED,OFF,0
2026-08-27,2026-08-27 16:00,2026-08-27 20:00,ppc_ru_LED_sr_gen_a-all_exp-diff-login,LED,OFF,0
2026-08-27,2026-08-27 16:00,2026-08-27 20:00,ppc_ru_LED_sr_s-auto_a-all_exp-diff-login,LED,OFF,0
2026-08-27,2026-08-27 16:00,2026-08-27 20:00,ppc_ru_MOW_sr_dsa_a-all_exp-diff-login,MOW,ON,1
2026-08-27,2026-08-27 16:00,2026-08-27 20:00,ppc_ru_MOW_sr_gen_a-all_exp-diff-login,MOW,ON,1
2026-08-27,2026-08-27 16:00,2026-08-27 20:00,ppc_ru_MOW_sr_s-auto_a-all_exp-diff-login,MOW,ON,1
2026-08-27,2026-08-27 16:00,2026-08-27 20:00,ppc_ru_MOW_sr_s-auto_a-all_exp-diff-login_exp_travel-aud,MOW,ON,1
2026-08-27,2026-08-27 16:00,2026-08-27 20:00,ppc_ru_OVB_sr_dsa_a-all_exp-diff-login,OVB,OFF,0
2026-08-27,2026-08-27 16:00,2026-08-27 20:00,ppc_ru_OVB_sr_gen_a-all_exp-diff-login,OVB,OFF,0
2026-08-27,2026-08-27 16:00,2026-08-27 20:00,ppc_ru_SVX_sr_dsa_a-all_exp-diff-login,ural,OFF,0
2026-08-27,2026-08-27 16:00,2026-08-27 20:00,ppc_ru_SVX_sr_gen_a-all_exp-diff-login,ural,OFF,0
2026-08-27,2026-08-27 16:00,2026-08-27 20:00,ppc_ru_TJM_sr_dsa_a-all_exp-diff-login,ural,OFF,0
2026-08-27,2026-08-27 16:00,2026-08-27 20:00,ppc_ru_TJM_sr_gen_a-all_exp-diff-login,ural,OFF,0
2026-08-27,2026-08-27 16:00,2026-08-27 20:00,ppc_ru_UFA_sr_dsa_a-all_exp-diff-login,UFA,OFF,0
2026-08-27,2026-08-27 16:00,2026-08-27 20:00,ppc_ru_UFA_sr_gen_a-all_exp-diff-login,UFA,OFF,0
2026-08-27,2026-08-27 16:00,2026-08-27 20:00,ppc_ru_centr_sr_dsa_a-all_exp-diff-login,centr,ON,1
2026-08-27,2026-08-27 16:00,2026-08-27 20:00,ppc_ru_centr_sr_gen_a-all_exp-diff-login,centr,ON,1
2026-08-27,2026-08-27 16:00,2026-08-27 20:00,ppc_ru_sibir_sr_dsa_a-all_exp-diff-login,sibir,OFF,0
2026-08-27,2026-08-27 16:00,2026-08-27 20:00,ppc_ru_sibir_sr_gen_a-all_exp-diff-login,sibir,OFF,0
2026-08-27,2026-08-27 16:00,2026-08-27 20:00,ppc_ru_ural_sr_dsa_a-all_exp-diff-login,ural,OFF,0
2026-08-27,2026-08-27 16:00,2026-08-27 20:00,ppc_ru_ural_sr_gen_a-all_exp-diff-login,ural,OFF,0
2026-08-27,2026-08-27 16:00,2026-08-27 20:00,ppc_ru_ural_sr_s-auto_a-all_exp-diff-login,ural,OFF,0
2026-08-27,2026-08-27 20:00,2026-08-28 00:00,ppc_ru_IKT_sr_gen_a-all_exp-diff-login,sibir,ON,1
2026-08-27,2026-08-27 20:00,2026-08-28 00:00,ppc_ru_KJA_sr_dsa_a-all_exp-diff-login,KJA,ON,1
2026-08-27,2026-08-27 20:00,2026-08-28 00:00,ppc_ru_KJA_sr_gen_a-all_exp-diff-login,KJA,ON,1
2026-08-27,2026-08-27 20:00,2026-08-28 00:00,ppc_ru_KRR_sr_dsa_a-all_exp-diff-login,KRR,OFF,0
2026-08-27,2026-08-27 20:00,2026-08-28 00:00,ppc_ru_KRR_sr_gen_a-all_exp-diff-login,KRR,OFF,0
2026-08-27,2026-08-27 20:00,2026-08-28 00:00,ppc_ru_KRR_sr_s-auto_a-all_exp-diff-login,KRR,OFF,0
2026-08-27,2026-08-27 20:00,2026-08-28 00:00,ppc_ru_KVKZ_sr_gen_a-all_exp-diff-login,KVKZ,OFF,0
2026-08-27,2026-08-27 20:00,2026-08-28 00:00,ppc_ru_KVKZ_sr_s-auto_a-all_exp-diff-login,KVKZ,OFF,0
2026-08-27,2026-08-27 20:00,2026-08-28 00:00,ppc_ru_KZN_sr_gen_a-all_exp-diff-login,KZN,OFF,0
2026-08-27,2026-08-27 20:00,2026-08-28 00:00,ppc_ru_KZN_sr_s-auto_a-all_exp-diff-login,KZN,OFF,0
2026-08-27,2026-08-27 20:00,2026-08-28 00:00,ppc_ru_LED_sr_dsa_a-all_exp-diff-login,LED,ON,1
2026-08-27,2026-08-27 20:00,2026-08-28 00:00,ppc_ru_LED_sr_gen_a-all_exp-diff-login,LED,ON,1
2026-08-27,2026-08-27 20:00,2026-08-28 00:00,ppc_ru_LED_sr_s-auto_a-all_exp-diff-login,LED,ON,1
2026-08-27,2026-08-27 20:00,2026-08-28 00:00,ppc_ru_MOW_sr_dsa_a-all_exp-diff-login,MOW,OFF,0
2026-08-27,2026-08-27 20:00,2026-08-28 00:00,ppc_ru_MOW_sr_gen_a-all_exp-diff-login,MOW,OFF,0
2026-08-27,2026-08-27 20:00,2026-08-28 00:00,ppc_ru_MOW_sr_s-auto_a-all_exp-diff-login,MOW,OFF,0
2026-08-27,2026-08-27 20:00,2026-08-28 00:00,ppc_ru_MOW_sr_s-auto_a-all_exp-diff-login_exp_travel-aud,MOW,OFF,0
2026-08-27,2026-08-27 20:00,2026-08-28 00:00,ppc_ru_OVB_sr_dsa_a-all_exp-diff-login,OVB,ON,1
2026-08-27,2026-08-27 20:00,2026-08-28 00:00,ppc_ru_OVB_sr_gen_a-all_exp-diff-login,OVB,ON,1
2026-08-27,2026-08-27 20:00,2026-08-28 00:00,ppc_ru_SVX_sr_dsa_a-all_exp-diff-login,ural,ON,1
2026-08-27,2026-08-27 20:00,2026-08-28 00:00,ppc_ru_SVX_sr_gen_a-all_exp-diff-login,ural,ON,1
2026-08-27,2026-08-27 20:00,2026-08-28 00:00,ppc_ru_TJM_sr_dsa_a-all_exp-diff-login,ural,ON,1
2026-08-27,2026-08-27 20:00,2026-08-28 00:00,ppc_ru_TJM_sr_gen_a-all_exp-diff-login,ural,ON,1
2026-08-27,2026-08-27 20:00,2026-08-28 00:00,ppc_ru_UFA_sr_dsa_a-all_exp-diff-login,UFA,ON,1
2026-08-27,2026-08-27 20:00,2026-08-28 00:00,ppc_ru_UFA_sr_gen_a-all_exp-diff-login,UFA,ON,1
2026-08-27,2026-08-27 20:00,2026-08-28 00:00,ppc_ru_centr_sr_dsa_a-all_exp-diff-login,centr,ON,1
2026-08-27,2026-08-27 20:00,2026-08-28 00:00,ppc_ru_centr_sr_gen_a-all_exp-diff-login,centr,ON,1
2026-08-27,2026-08-27 20:00,2026-08-28 00:00,ppc_ru_sibir_sr_dsa_a-all_exp-diff-login,sibir,ON,1
2026-08-27,2026-08-27 20:00,2026-08-28 00:00,ppc_ru_sibir_sr_gen_a-all_exp-diff-login,sibir,ON,1
2026-08-27,2026-08-27 20:00,2026-08-28 00:00,ppc_ru_ural_sr_dsa_a-all_exp-diff-login,ural,ON,1
2026-08-27,2026-08-27 20:00,2026-08-28 00:00,ppc_ru_ural_sr_gen_a-all_exp-diff-login,ural,ON,1
2026-08-27,2026-08-27 20:00,2026-08-28 00:00,ppc_ru_ural_sr_s-auto_a-all_exp-diff-login,ural,ON,1
2026-08-28,2026-08-28 00:00,2026-08-28 04:00,ppc_ru_IKT_sr_gen_a-all_exp-diff-login,sibir,ON,1
2026-08-28,2026-08-28 00:00,2026-08-28 04:00,ppc_ru_KJA_sr_dsa_a-all_exp-diff-login,KJA,ON,1
2026-08-28,2026-08-28 00:00,2026-08-28 04:00,ppc_ru_KJA_sr_gen_a-all_exp-diff-login,KJA,ON,1
2026-08-28,2026-08-28 00:00,2026-08-28 04:00,ppc_ru_KRR_sr_dsa_a-all_exp-diff-login,KRR,ON,1
2026-08-28,2026-08-28 00:00,2026-08-28 04:00,ppc_ru_KRR_sr_gen_a-all_exp-diff-login,KRR,ON,1
2026-08-28,2026-08-28 00:00,2026-08-28 04:00,ppc_ru_KRR_sr_s-auto_a-all_exp-diff-login,KRR,ON,1
2026-08-28,2026-08-28 00:00,2026-08-28 04:00,ppc_ru_KVKZ_sr_gen_a-all_exp-diff-login,KVKZ,ON,1
2026-08-28,2026-08-28 00:00,2026-08-28 04:00,ppc_ru_KVKZ_sr_s-auto_a-all_exp-diff-login,KVKZ,ON,1
2026-08-28,2026-08-28 00:00,2026-08-28 04:00,ppc_ru_KZN_sr_gen_a-all_exp-diff-login,KZN,ON,1
2026-08-28,2026-08-28 00:00,2026-08-28 04:00,ppc_ru_KZN_sr_s-auto_a-all_exp-diff-login,KZN,ON,1
2026-08-28,2026-08-28 00:00,2026-08-28 04:00,ppc_ru_LED_sr_dsa_a-all_exp-diff-login,LED,ON,1
2026-08-28,2026-08-28 00:00,2026-08-28 04:00,ppc_ru_LED_sr_gen_a-all_exp-diff-login,LED,ON,1
2026-08-28,2026-08-28 00:00,2026-08-28 04:00,ppc_ru_LED_sr_s-auto_a-all_exp-diff-login,LED,ON,1
2026-08-28,2026-08-28 00:00,2026-08-28 04:00,ppc_ru_MOW_sr_dsa_a-all_exp-diff-login,MOW,ON,1
2026-08-28,2026-08-28 00:00,2026-08-28 04:00,ppc_ru_MOW_sr_gen_a-all_exp-diff-login,MOW,ON,1
2026-08-28,2026-08-28 00:00,2026-08-28 04:00,ppc_ru_MOW_sr_s-auto_a-all_exp-diff-login,MOW,ON,1
2026-08-28,2026-08-28 00:00,2026-08-28 04:00,ppc_ru_MOW_sr_s-auto_a-all_exp-diff-login_exp_travel-aud,MOW,ON,1
2026-08-28,2026-08-28 00:00,2026-08-28 04:00,ppc_ru_OVB_sr_dsa_a-all_exp-diff-login,OVB,ON,1
2026-08-28,2026-08-28 00:00,2026-08-28 04:00,ppc_ru_OVB_sr_gen_a-all_exp-diff-login,OVB,ON,1
2026-08-28,2026-08-28 00:00,2026-08-28 04:00,ppc_ru_SVX_sr_dsa_a-all_exp-diff-login,ural,OFF,0
2026-08-28,2026-08-28 00:00,2026-08-28 04:00,ppc_ru_SVX_sr_gen_a-all_exp-diff-login,ural,OFF,0
2026-08-28,2026-08-28 00:00,2026-08-28 04:00,ppc_ru_TJM_sr_dsa_a-all_exp-diff-login,ural,OFF,0
2026-08-28,2026-08-28 00:00,2026-08-28 04:00,ppc_ru_TJM_sr_gen_a-all_exp-diff-login,ural,OFF,0
2026-08-28,2026-08-28 00:00,2026-08-28 04:00,ppc_ru_UFA_sr_dsa_a-all_exp-diff-login,UFA,OFF,0
2026-08-28,2026-08-28 00:00,2026-08-28 04:00,ppc_ru_UFA_sr_gen_a-all_exp-diff-login,UFA,OFF,0
2026-08-28,2026-08-28 00:00,2026-08-28 04:00,ppc_ru_centr_sr_dsa_a-all_exp-diff-login,centr,OFF,0
2026-08-28,2026-08-28 00:00,2026-08-28 04:00,ppc_ru_centr_sr_gen_a-all_exp-diff-login,centr,OFF,0
2026-08-28,2026-08-28 00:00,2026-08-28 04:00,ppc_ru_sibir_sr_dsa_a-all_exp-diff-login,sibir,ON,1
2026-08-28,2026-08-28 00:00,2026-08-28 04:00,ppc_ru_sibir_sr_gen_a-all_exp-diff-login,sibir,ON,1
2026-08-28,2026-08-28 00:00,2026-08-28 04:00,ppc_ru_ural_sr_dsa_a-all_exp-diff-login,ural,OFF,0
2026-08-28,2026-08-28 00:00,2026-08-28 04:00,ppc_ru_ural_sr_gen_a-all_exp-diff-login,ural,OFF,0
2026-08-28,2026-08-28 00:00,2026-08-28 04:00,ppc_ru_ural_sr_s-auto_a-all_exp-diff-login,ural,OFF,0
2026-08-28,2026-08-28 04:00,2026-08-28 08:00,ppc_ru_IKT_sr_gen_a-all_exp-diff-login,sibir,OFF,0
2026-08-28,2026-08-28 04:00,2026-08-28 08:00,ppc_ru_KJA_sr_dsa_a-all_exp-diff-login,KJA,ON,1
2026-08-28,2026-08-28 04:00,2026-08-28 08:00,ppc_ru_KJA_sr_gen_a-all_exp-diff-login,KJA,ON,1
2026-08-28,2026-08-28 04:00,2026-08-28 08:00,ppc_ru_KRR_sr_dsa_a-all_exp-diff-login,KRR,ON,1
2026-08-28,2026-08-28 04:00,2026-08-28 08:00,ppc_ru_KRR_sr_gen_a-all_exp-diff-login,KRR,ON,1
2026-08-28,2026-08-28 04:00,2026-08-28 08:00,ppc_ru_KRR_sr_s-auto_a-all_exp-diff-login,KRR,ON,1
2026-08-28,2026-08-28 04:00,2026-08-28 08:00,ppc_ru_KVKZ_sr_gen_a-all_exp-diff-login,KVKZ,OFF,0
2026-08-28,2026-08-28 04:00,2026-08-28 08:00,ppc_ru_KVKZ_sr_s-auto_a-all_exp-diff-login,KVKZ,OFF,0
2026-08-28,2026-08-28 04:00,2026-08-28 08:00,ppc_ru_KZN_sr_gen_a-all_exp-diff-login,KZN,ON,1
2026-08-28,2026-08-28 04:00,2026-08-28 08:00,ppc_ru_KZN_sr_s-auto_a-all_exp-diff-login,KZN,ON,1
2026-08-28,2026-08-28 04:00,2026-08-28 08:00,ppc_ru_LED_sr_dsa_a-all_exp-diff-login,LED,OFF,0
2026-08-28,2026-08-28 04:00,2026-08-28 08:00,ppc_ru_LED_sr_gen_a-all_exp-diff-login,LED,OFF,0
2026-08-28,2026-08-28 04:00,2026-08-28 08:00,ppc_ru_LED_sr_s-auto_a-all_exp-diff-login,LED,OFF,0
2026-08-28,2026-08-28 04:00,2026-08-28 08:00,ppc_ru_MOW_sr_dsa_a-all_exp-diff-login,MOW,ON,1
2026-08-28,2026-08-28 04:00,2026-08-28 08:00,ppc_ru_MOW_sr_gen_a-all_exp-diff-login,MOW,ON,1
2026-08-28,2026-08-28 04:00,2026-08-28 08:00,ppc_ru_MOW_sr_s-auto_a-all_exp-diff-login,MOW,ON,1
2026-08-28,2026-08-28 04:00,2026-08-28 08:00,ppc_ru_MOW_sr_s-auto_a-all_exp-diff-login_exp_travel-aud,MOW,ON,1
2026-08-28,2026-08-28 04:00,2026-08-28 08:00,ppc_ru_OVB_sr_dsa_a-all_exp-diff-login,OVB,ON,1
2026-08-28,2026-08-28 04:00,2026-08-28 08:00,ppc_ru_OVB_sr_gen_a-all_exp-diff-login,OVB,ON,1
2026-08-28,2026-08-28 04:00,2026-08-28 08:00,ppc_ru_SVX_sr_dsa_a-all_exp-diff-login,ural,OFF,0
2026-08-28,2026-08-28 04:00,2026-08-28 08:00,ppc_ru_SVX_sr_gen_a-all_exp-diff-login,ural,OFF,0
2026-08-28,2026-08-28 04:00,2026-08-28 08:00,ppc_ru_TJM_sr_dsa_a-all_exp-diff-login,ural,OFF,0
2026-08-28,2026-08-28 04:00,2026-08-28 08:00,ppc_ru_TJM_sr_gen_a-all_exp-diff-login,ural,OFF,0
2026-08-28,2026-08-28 04:00,2026-08-28 08:00,ppc_ru_UFA_sr_dsa_a-all_exp-diff-login,UFA,OFF,0
2026-08-28,2026-08-28 04:00,2026-08-28 08:00,ppc_ru_UFA_sr_gen_a-all_exp-diff-login,UFA,OFF,0
2026-08-28,2026-08-28 04:00,2026-08-28 08:00,ppc_ru_centr_sr_dsa_a-all_exp-diff-login,centr,OFF,0
2026-08-28,2026-08-28 04:00,2026-08-28 08:00,ppc_ru_centr_sr_gen_a-all_exp-diff-login,centr,OFF,0
2026-08-28,2026-08-28 04:00,2026-08-28 08:00,ppc_ru_sibir_sr_dsa_a-all_exp-diff-login,sibir,OFF,0
2026-08-28,2026-08-28 04:00,2026-08-28 08:00,ppc_ru_sibir_sr_gen_a-all_exp-diff-login,sibir,OFF,0
2026-08-28,2026-08-28 04:00,2026-08-28 08:00,ppc_ru_ural_sr_dsa_a-all_exp-diff-login,ural,OFF,0
2026-08-28,2026-08-28 04:00,2026-08-28 08:00,ppc_ru_ural_sr_gen_a-all_exp-diff-login,ural,OFF,0
2026-08-28,2026-08-28 04:00,2026-08-28 08:00,ppc_ru_ural_sr_s-auto_a-all_exp-diff-login,ural,OFF,0
2026-08-28,2026-08-28 08:00,2026-08-28 12:00,ppc_ru_IKT_sr_gen_a-all_exp-diff-login,sibir,ON,1
2026-08-28,2026-08-28 08:00,2026-08-28 12:00,ppc_ru_KJA_sr_dsa_a-all_exp-diff-login,KJA,ON,1
2026-08-28,2026-08-28 08:00,2026-08-28 12:00,ppc_ru_KJA_sr_gen_a-all_exp-diff-login,KJA,ON,1
2026-08-28,2026-08-28 08:00,2026-08-28 12:00,ppc_ru_KRR_sr_dsa_a-all_exp-diff-login,KRR,OFF,0
2026-08-28,2026-08-28 08:00,2026-08-28 12:00,ppc_ru_KRR_sr_gen_a-all_exp-diff-login,KRR,OFF,0
2026-08-28,2026-08-28 08:00,2026-08-28 12:00,ppc_ru_KRR_sr_s-auto_a-all_exp-diff-login,KRR,OFF,0
2026-08-28,2026-08-28 08:00,2026-08-28 12:00,ppc_ru_KVKZ_sr_gen_a-all_exp-diff-login,KVKZ,OFF,0
2026-08-28,2026-08-28 08:00,2026-08-28 12:00,ppc_ru_KVKZ_sr_s-auto_a-all_exp-diff-login,KVKZ,OFF,0
2026-08-28,2026-08-28 08:00,2026-08-28 12:00,ppc_ru_KZN_sr_gen_a-all_exp-diff-login,KZN,OFF,0
2026-08-28,2026-08-28 08:00,2026-08-28 12:00,ppc_ru_KZN_sr_s-auto_a-all_exp-diff-login,KZN,OFF,0
2026-08-28,2026-08-28 08:00,2026-08-28 12:00,ppc_ru_LED_sr_dsa_a-all_exp-diff-login,LED,ON,1
2026-08-28,2026-08-28 08:00,2026-08-28 12:00,ppc_ru_LED_sr_gen_a-all_exp-diff-login,LED,ON,1
2026-08-28,2026-08-28 08:00,2026-08-28 12:00,ppc_ru_LED_sr_s-auto_a-all_exp-diff-login,LED,ON,1
2026-08-28,2026-08-28 08:00,2026-08-28 12:00,ppc_ru_MOW_sr_dsa_a-all_exp-diff-login,MOW,OFF,0
2026-08-28,2026-08-28 08:00,2026-08-28 12:00,ppc_ru_MOW_sr_gen_a-all_exp-diff-login,MOW,OFF,0
2026-08-28,2026-08-28 08:00,2026-08-28 12:00,ppc_ru_MOW_sr_s-auto_a-all_exp-diff-login,MOW,OFF,0
2026-08-28,2026-08-28 08:00,2026-08-28 12:00,ppc_ru_MOW_sr_s-auto_a-all_exp-diff-login_exp_travel-aud,MOW,OFF,0
2026-08-28,2026-08-28 08:00,2026-08-28 12:00,ppc_ru_OVB_sr_dsa_a-all_exp-diff-login,OVB,ON,1
2026-08-28,2026-08-28 08:00,2026-08-28 12:00,ppc_ru_OVB_sr_gen_a-all_exp-diff-login,OVB,ON,1
2026-08-28,2026-08-28 08:00,2026-08-28 12:00,ppc_ru_SVX_sr_dsa_a-all_exp-diff-login,ural,ON,1
2026-08-28,2026-08-28 08:00,2026-08-28 12:00,ppc_ru_SVX_sr_gen_a-all_exp-diff-login,ural,ON,1
2026-08-28,2026-08-28 08:00,2026-08-28 12:00,ppc_ru_TJM_sr_dsa_a-all_exp-diff-login,ural,ON,1
2026-08-28,2026-08-28 08:00,2026-08-28 12:00,ppc_ru_TJM_sr_gen_a-all_exp-diff-login,ural,ON,1
2026-08-28,2026-08-28 08:00,2026-08-28 12:00,ppc_ru_UFA_sr_dsa_a-all_exp-diff-login,UFA,ON,1
2026-08-28,2026-08-28 08:00,2026-08-28 12:00,ppc_ru_UFA_sr_gen_a-all_exp-diff-login,UFA,ON,1
2026-08-28,2026-08-28 08:00,2026-08-28 12:00,ppc_ru_centr_sr_dsa_a-all_exp-diff-login,centr,OFF,0
2026-08-28,2026-08-28 08:00,2026-08-28 12:00,ppc_ru_centr_sr_gen_a-all_exp-diff-login,centr,OFF,0
2026-08-28,2026-08-28 08:00,2026-08-28 12:00,ppc_ru_sibir_sr_dsa_a-all_exp-diff-login,sibir,ON,1
2026-08-28,2026-08-28 08:00,2026-08-28 12:00,ppc_ru_sibir_sr_gen_a-all_exp-diff-login,sibir,ON,1
2026-08-28,2026-08-28 08:00,2026-08-28 12:00,ppc_ru_ural_sr_dsa_a-all_exp-diff-login,ural,ON,1
2026-08-28,2026-08-28 08:00,2026-08-28 12:00,ppc_ru_ural_sr_gen_a-all_exp-diff-login,ural,ON,1
2026-08-28,2026-08-28 08:00,2026-08-28 12:00,ppc_ru_ural_sr_s-auto_a-all_exp-diff-login,ural,ON,1
2026-08-28,2026-08-28 12:00,2026-08-28 16:00,ppc_ru_IKT_sr_gen_a-all_exp-diff-login,sibir,ON,1
2026-08-28,2026-08-28 12:00,2026-08-28 16:00,ppc_ru_KJA_sr_dsa_a-all_exp-diff-login,KJA,OFF,0
2026-08-28,2026-08-28 12:00,2026-08-28 16:00,ppc_ru_KJA_sr_gen_a-all_exp-diff-login,KJA,OFF,0
2026-08-28,2026-08-28 12:00,2026-08-28 16:00,ppc_ru_KRR_sr_dsa_a-all_exp-diff-login,KRR,OFF,0
2026-08-28,2026-08-28 12:00,2026-08-28 16:00,ppc_ru_KRR_sr_gen_a-all_exp-diff-login,KRR,OFF,0
2026-08-28,2026-08-28 12:00,2026-08-28 16:00,ppc_ru_KRR_sr_s-auto_a-all_exp-diff-login,KRR,OFF,0
2026-08-28,2026-08-28 12:00,2026-08-28 16:00,ppc_ru_KVKZ_sr_gen_a-all_exp-diff-login,KVKZ,ON,1
2026-08-28,2026-08-28 12:00,2026-08-28 16:00,ppc_ru_KVKZ_sr_s-auto_a-all_exp-diff-login,KVKZ,ON,1
2026-08-28,2026-08-28 12:00,2026-08-28 16:00,ppc_ru_KZN_sr_gen_a-all_exp-diff-login,KZN,OFF,0
2026-08-28,2026-08-28 12:00,2026-08-28 16:00,ppc_ru_KZN_sr_s-auto_a-all_exp-diff-login,KZN,OFF,0
2026-08-28,2026-08-28 12:00,2026-08-28 16:00,ppc_ru_LED_sr_dsa_a-all_exp-diff-login,LED,OFF,0
2026-08-28,2026-08-28 12:00,2026-08-28 16:00,ppc_ru_LED_sr_gen_a-all_exp-diff-login,LED,OFF,0
2026-08-28,2026-08-28 12:00,2026-08-28 16:00,ppc_ru_LED_sr_s-auto_a-all_exp-diff-login,LED,OFF,0
2026-08-28,2026-08-28 12:00,2026-08-28 16:00,ppc_ru_MOW_sr_dsa_a-all_exp-diff-login,MOW,OFF,0
2026-08-28,2026-08-28 12:00,2026-08-28 16:00,ppc_ru_MOW_sr_gen_a-all_exp-diff-login,MOW,OFF,0
2026-08-28,2026-08-28 12:00,2026-08-28 16:00,ppc_ru_MOW_sr_s-auto_a-all_exp-diff-login,MOW,OFF,0
2026-08-28,2026-08-28 12:00,2026-08-28 16:00,ppc_ru_MOW_sr_s-auto_a-all_exp-diff-login_exp_travel-aud,MOW,OFF,0
2026-08-28,2026-08-28 12:00,2026-08-28 16:00,ppc_ru_OVB_sr_dsa_a-all_exp-diff-login,OVB,OFF,0
2026-08-28,2026-08-28 12:00,2026-08-28 16:00,ppc_ru_OVB_sr_gen_a-all_exp-diff-login,OVB,OFF,0
2026-08-28,2026-08-28 12:00,2026-08-28 16:00,ppc_ru_SVX_sr_dsa_a-all_exp-diff-login,ural,OFF,0
2026-08-28,2026-08-28 12:00,2026-08-28 16:00,ppc_ru_SVX_sr_gen_a-all_exp-diff-login,ural,OFF,0
2026-08-28,2026-08-28 12:00,2026-08-28 16:00,ppc_ru_TJM_sr_dsa_a-all_exp-diff-login,ural,OFF,0
2026-08-28,2026-08-28 12:00,2026-08-28 16:00,ppc_ru_TJM_sr_gen_a-all_exp-diff-login,ural,OFF,0
2026-08-28,2026-08-28 12:00,2026-08-28 16:00,ppc_ru_UFA_sr_dsa_a-all_exp-diff-login,UFA,OFF,0
2026-08-28,2026-08-28 12:00,2026-08-28 16:00,ppc_ru_UFA_sr_gen_a-all_exp-diff-login,UFA,OFF,0
2026-08-28,2026-08-28 12:00,2026-08-28 16:00,ppc_ru_centr_sr_dsa_a-all_exp-diff-login,centr,ON,1
2026-08-28,2026-08-28 12:00,2026-08-28 16:00,ppc_ru_centr_sr_gen_a-all_exp-diff-login,centr,ON,1
2026-08-28,2026-08-28 12:00,2026-08-28 16:00,ppc_ru_sibir_sr_dsa_a-all_exp-diff-login,sibir,ON,1
2026-08-28,2026-08-28 12:00,2026-08-28 16:00,ppc_ru_sibir_sr_gen_a-all_exp-diff-login,sibir,ON,1
2026-08-28,2026-08-28 12:00,2026-08-28 16:00,ppc_ru_ural_sr_dsa_a-all_exp-diff-login,ural,OFF,0
2026-08-28,2026-08-28 12:00,2026-08-28 16:00,ppc_ru_ural_sr_gen_a-all_exp-diff-login,ural,OFF,0
2026-08-28,2026-08-28 12:00,2026-08-28 16:00,ppc_ru_ural_sr_s-auto_a-all_exp-diff-login,ural,OFF,0
2026-08-28,2026-08-28 16:00,2026-08-28 20:00,ppc_ru_IKT_sr_gen_a-all_exp-diff-login,sibir,OFF,0
2026-08-28,2026-08-28 16:00,2026-08-28 20:00,ppc_ru_KJA_sr_dsa_a-all_exp-diff-login,KJA,OFF,0
2026-08-28,2026-08-28 16:00,2026-08-28 20:00,ppc_ru_KJA_sr_gen_a-all_exp-diff-login,KJA,OFF,0
2026-08-28,2026-08-28 16:00,2026-08-28 20:00,ppc_ru_KRR_sr_dsa_a-all_exp-diff-login,KRR,OFF,0
2026-08-28,2026-08-28 16:00,2026-08-28 20:00,ppc_ru_KRR_sr_gen_a-all_exp-diff-login,KRR,OFF,0
2026-08-28,2026-08-28 16:00,2026-08-28 20:00,ppc_ru_KRR_sr_s-auto_a-all_exp-diff-login,KRR,OFF,0
2026-08-28,2026-08-28 16:00,2026-08-28 20:00,ppc_ru_KVKZ_sr_gen_a-all_exp-diff-login,KVKZ,OFF,0
2026-08-28,2026-08-28 16:00,2026-08-28 20:00,ppc_ru_KVKZ_sr_s-auto_a-all_exp-diff-login,KVKZ,OFF,0
2026-08-28,2026-08-28 16:00,2026-08-28 20:00,ppc_ru_KZN_sr_gen_a-all_exp-diff-login,KZN,OFF,0
2026-08-28,2026-08-28 16:00,2026-08-28 20:00,ppc_ru_KZN_sr_s-auto_a-all_exp-diff-login,KZN,OFF,0
2026-08-28,2026-08-28 16:00,2026-08-28 20:00,ppc_ru_LED_sr_dsa_a-all_exp-diff-login,LED,OFF,0
2026-08-28,2026-08-28 16:00,2026-08-28 20:00,ppc_ru_LED_sr_gen_a-all_exp-diff-login,LED,OFF,0
2026-08-28,2026-08-28 16:00,2026-08-28 20:00,ppc_ru_LED_sr_s-auto_a-all_exp-diff-login,LED,OFF,0
2026-08-28,2026-08-28 16:00,2026-08-28 20:00,ppc_ru_MOW_sr_dsa_a-all_exp-diff-login,MOW,ON,1
2026-08-28,2026-08-28 16:00,2026-08-28 20:00,ppc_ru_MOW_sr_gen_a-all_exp-diff-login,MOW,ON,1
2026-08-28,2026-08-28 16:00,2026-08-28 20:00,ppc_ru_MOW_sr_s-auto_a-all_exp-diff-login,MOW,ON,1
2026-08-28,2026-08-28 16:00,2026-08-28 20:00,ppc_ru_MOW_sr_s-auto_a-all_exp-diff-login_exp_travel-aud,MOW,ON,1
2026-08-28,2026-08-28 16:00,2026-08-28 20:00,ppc_ru_OVB_sr_dsa_a-all_exp-diff-login,OVB,OFF,0
2026-08-28,2026-08-28 16:00,2026-08-28 20:00,ppc_ru_OVB_sr_gen_a-all_exp-diff-login,OVB,OFF,0
2026-08-28,2026-08-28 16:00,2026-08-28 20:00,ppc_ru_SVX_sr_dsa_a-all_exp-diff-login,ural,ON,1
2026-08-28,2026-08-28 16:00,2026-08-28 20:00,ppc_ru_SVX_sr_gen_a-all_exp-diff-login,ural,ON,1
2026-08-28,2026-08-28 16:00,2026-08-28 20:00,ppc_ru_TJM_sr_dsa_a-all_exp-diff-login,ural,ON,1
2026-08-28,2026-08-28 16:00,2026-08-28 20:00,ppc_ru_TJM_sr_gen_a-all_exp-diff-login,ural,ON,1
2026-08-28,2026-08-28 16:00,2026-08-28 20:00,ppc_ru_UFA_sr_dsa_a-all_exp-diff-login,UFA,ON,1
2026-08-28,2026-08-28 16:00,2026-08-28 20:00,ppc_ru_UFA_sr_gen_a-all_exp-diff-login,UFA,ON,1
2026-08-28,2026-08-28 16:00,2026-08-28 20:00,ppc_ru_centr_sr_dsa_a-all_exp-diff-login,centr,ON,1
2026-08-28,2026-08-28 16:00,2026-08-28 20:00,ppc_ru_centr_sr_gen_a-all_exp-diff-login,centr,ON,1
2026-08-28,2026-08-28 16:00,2026-08-28 20:00,ppc_ru_sibir_sr_dsa_a-all_exp-diff-login,sibir,OFF,0
2026-08-28,2026-08-28 16:00,2026-08-28 20:00,ppc_ru_sibir_sr_gen_a-all_exp-diff-login,sibir,OFF,0
2026-08-28,2026-08-28 16:00,2026-08-28 20:00,ppc_ru_ural_sr_dsa_a-all_exp-diff-login,ural,ON,1
2026-08-28,2026-08-28 16:00,2026-08-28 20:00,ppc_ru_ural_sr_gen_a-all_exp-diff-login,ural,ON,1
2026-08-28,2026-08-28 16:00,2026-08-28 20:00,ppc_ru_ural_sr_s-auto_a-all_exp-diff-login,ural,ON,1
2026-08-28,2026-08-28 20:00,2026-08-29 00:00,ppc_ru_IKT_sr_gen_a-all_exp-diff-login,sibir,OFF,0
2026-08-28,2026-08-28 20:00,2026-08-29 00:00,ppc_ru_KJA_sr_dsa_a-all_exp-diff-login,KJA,OFF,0
2026-08-28,2026-08-28 20:00,2026-08-29 00:00,ppc_ru_KJA_sr_gen_a-all_exp-diff-login,KJA,OFF,0
2026-08-28,2026-08-28 20:00,2026-08-29 00:00,ppc_ru_KRR_sr_dsa_a-all_exp-diff-login,KRR,ON,1
2026-08-28,2026-08-28 20:00,2026-08-29 00:00,ppc_ru_KRR_sr_gen_a-all_exp-diff-login,KRR,ON,1
2026-08-28,2026-08-28 20:00,2026-08-29 00:00,ppc_ru_KRR_sr_s-auto_a-all_exp-diff-login,KRR,ON,1
2026-08-28,2026-08-28 20:00,2026-08-29 00:00,ppc_ru_KVKZ_sr_gen_a-all_exp-diff-login,KVKZ,ON,1
2026-08-28,2026-08-28 20:00,2026-08-29 00:00,ppc_ru_KVKZ_sr_s-auto_a-all_exp-diff-login,KVKZ,ON,1
2026-08-28,2026-08-28 20:00,2026-08-29 00:00,ppc_ru_KZN_sr_gen_a-all_exp-diff-login,KZN,ON,1
2026-08-28,2026-08-28 20:00,2026-08-29 00:00,ppc_ru_KZN_sr_s-auto_a-all_exp-diff-login,KZN,ON,1
2026-08-28,2026-08-28 20:00,2026-08-29 00:00,ppc_ru_LED_sr_dsa_a-all_exp-diff-login,LED,ON,1
2026-08-28,2026-08-28 20:00,2026-08-29 00:00,ppc_ru_LED_sr_gen_a-all_exp-diff-login,LED,ON,1
2026-08-28,2026-08-28 20:00,2026-08-29 00:00,ppc_ru_LED_sr_s-auto_a-all_exp-diff-login,LED,ON,1
2026-08-28,2026-08-28 20:00,2026-08-29 00:00,ppc_ru_MOW_sr_dsa_a-all_exp-diff-login,MOW,OFF,0
2026-08-28,2026-08-28 20:00,2026-08-29 00:00,ppc_ru_MOW_sr_gen_a-all_exp-diff-login,MOW,OFF,0
2026-08-28,2026-08-28 20:00,2026-08-29 00:00,ppc_ru_MOW_sr_s-auto_a-all_exp-diff-login,MOW,OFF,0
2026-08-28,2026-08-28 20:00,2026-08-29 00:00,ppc_ru_MOW_sr_s-auto_a-all_exp-diff-login_exp_travel-aud,MOW,OFF,0
2026-08-28,2026-08-28 20:00,2026-08-29 00:00,ppc_ru_OVB_sr_dsa_a-all_exp-diff-login,OVB,OFF,0
2026-08-28,2026-08-28 20:00,2026-08-29 00:00,ppc_ru_OVB_sr_gen_a-all_exp-diff-login,OVB,OFF,0
2026-08-28,2026-08-28 20:00,2026-08-29 00:00,ppc_ru_SVX_sr_dsa_a-all_exp-diff-login,ural,ON,1
2026-08-28,2026-08-28 20:00,2026-08-29 00:00,ppc_ru_SVX_sr_gen_a-all_exp-diff-login,ural,ON,1
2026-08-28,2026-08-28 20:00,2026-08-29 00:00,ppc_ru_TJM_sr_dsa_a-all_exp-diff-login,ural,ON,1
2026-08-28,2026-08-28 20:00,2026-08-29 00:00,ppc_ru_TJM_sr_gen_a-all_exp-diff-login,ural,ON,1
2026-08-28,2026-08-28 20:00,2026-08-29 00:00,ppc_ru_UFA_sr_dsa_a-all_exp-diff-login,UFA,ON,1
2026-08-28,2026-08-28 20:00,2026-08-29 00:00,ppc_ru_UFA_sr_gen_a-all_exp-diff-login,UFA,ON,1
2026-08-28,2026-08-28 20:00,2026-08-29 00:00,ppc_ru_centr_sr_dsa_a-all_exp-diff-login,centr,ON,1
2026-08-28,2026-08-28 20:00,2026-08-29 00:00,ppc_ru_centr_sr_gen_a-all_exp-diff-login,centr,ON,1
2026-08-28,2026-08-28 20:00,2026-08-29 00:00,ppc_ru_sibir_sr_dsa_a-all_exp-diff-login,sibir,OFF,0
2026-08-28,2026-08-28 20:00,2026-08-29 00:00,ppc_ru_sibir_sr_gen_a-all_exp-diff-login,sibir,OFF,0
2026-08-28,2026-08-28 20:00,2026-08-29 00:00,ppc_ru_ural_sr_dsa_a-all_exp-diff-login,ural,ON,1
2026-08-28,2026-08-28 20:00,2026-08-29 00:00,ppc_ru_ural_sr_gen_a-all_exp-diff-login,ural,ON,1
2026-08-28,2026-08-28 20:00,2026-08-29 00:00,ppc_ru_ural_sr_s-auto_a-all_exp-diff-login,ural,ON,1
2026-08-29,2026-08-29 00:00,2026-08-29 04:00,ppc_ru_IKT_sr_gen_a-all_exp-diff-login,sibir,OFF,0
2026-08-29,2026-08-29 00:00,2026-08-29 04:00,ppc_ru_KJA_sr_dsa_a-all_exp-diff-login,KJA,OFF,0
2026-08-29,2026-08-29 00:00,2026-08-29 04:00,ppc_ru_KJA_sr_gen_a-all_exp-diff-login,KJA,OFF,0
2026-08-29,2026-08-29 00:00,2026-08-29 04:00,ppc_ru_KRR_sr_dsa_a-all_exp-diff-login,KRR,ON,1
2026-08-29,2026-08-29 00:00,2026-08-29 04:00,ppc_ru_KRR_sr_gen_a-all_exp-diff-login,KRR,ON,1
2026-08-29,2026-08-29 00:00,2026-08-29 04:00,ppc_ru_KRR_sr_s-auto_a-all_exp-diff-login,KRR,ON,1
2026-08-29,2026-08-29 00:00,2026-08-29 04:00,ppc_ru_KVKZ_sr_gen_a-all_exp-diff-login,KVKZ,ON,1
2026-08-29,2026-08-29 00:00,2026-08-29 04:00,ppc_ru_KVKZ_sr_s-auto_a-all_exp-diff-login,KVKZ,ON,1
2026-08-29,2026-08-29 00:00,2026-08-29 04:00,ppc_ru_KZN_sr_gen_a-all_exp-diff-login,KZN,ON,1
2026-08-29,2026-08-29 00:00,2026-08-29 04:00,ppc_ru_KZN_sr_s-auto_a-all_exp-diff-login,KZN,ON,1
2026-08-29,2026-08-29 00:00,2026-08-29 04:00,ppc_ru_LED_sr_dsa_a-all_exp-diff-login,LED,ON,1
2026-08-29,2026-08-29 00:00,2026-08-29 04:00,ppc_ru_LED_sr_gen_a-all_exp-diff-login,LED,ON,1
2026-08-29,2026-08-29 00:00,2026-08-29 04:00,ppc_ru_LED_sr_s-auto_a-all_exp-diff-login,LED,ON,1
2026-08-29,2026-08-29 00:00,2026-08-29 04:00,ppc_ru_MOW_sr_dsa_a-all_exp-diff-login,MOW,OFF,0
2026-08-29,2026-08-29 00:00,2026-08-29 04:00,ppc_ru_MOW_sr_gen_a-all_exp-diff-login,MOW,OFF,0
2026-08-29,2026-08-29 00:00,2026-08-29 04:00,ppc_ru_MOW_sr_s-auto_a-all_exp-diff-login,MOW,OFF,0
2026-08-29,2026-08-29 00:00,2026-08-29 04:00,ppc_ru_MOW_sr_s-auto_a-all_exp-diff-login_exp_travel-aud,MOW,OFF,0
2026-08-29,2026-08-29 00:00,2026-08-29 04:00,ppc_ru_OVB_sr_dsa_a-all_exp-diff-login,OVB,OFF,0
2026-08-29,2026-08-29 00:00,2026-08-29 04:00,ppc_ru_OVB_sr_gen_a-all_exp-diff-login,OVB,OFF,0
2026-08-29,2026-08-29 00:00,2026-08-29 04:00,ppc_ru_SVX_sr_dsa_a-all_exp-diff-login,ural,OFF,0
2026-08-29,2026-08-29 00:00,2026-08-29 04:00,ppc_ru_SVX_sr_gen_a-all_exp-diff-login,ural,OFF,0
2026-08-29,2026-08-29 00:00,2026-08-29 04:00,ppc_ru_TJM_sr_dsa_a-all_exp-diff-login,ural,OFF,0
2026-08-29,2026-08-29 00:00,2026-08-29 04:00,ppc_ru_TJM_sr_gen_a-all_exp-diff-login,ural,OFF,0
2026-08-29,2026-08-29 00:00,2026-08-29 04:00,ppc_ru_UFA_sr_dsa_a-all_exp-diff-login,UFA,ON,1
2026-08-29,2026-08-29 00:00,2026-08-29 04:00,ppc_ru_UFA_sr_gen_a-all_exp-diff-login,UFA,ON,1
2026-08-29,2026-08-29 00:00,2026-08-29 04:00,ppc_ru_centr_sr_dsa_a-all_exp-diff-login,centr,OFF,0
2026-08-29,2026-08-29 00:00,2026-08-29 04:00,ppc_ru_centr_sr_gen_a-all_exp-diff-login,centr,OFF,0
2026-08-29,2026-08-29 00:00,2026-08-29 04:00,ppc_ru_sibir_sr_dsa_a-all_exp-diff-login,sibir,OFF,0
2026-08-29,2026-08-29 00:00,2026-08-29 04:00,ppc_ru_sibir_sr_gen_a-all_exp-diff-login,sibir,OFF,0
2026-08-29,2026-08-29 00:00,2026-08-29 04:00,ppc_ru_ural_sr_dsa_a-all_exp-diff-login,ural,OFF,0
2026-08-29,2026-08-29 00:00,2026-08-29 04:00,ppc_ru_ural_sr_gen_a-all_exp-diff-login,ural,OFF,0
2026-08-29,2026-08-29 00:00,2026-08-29 04:00,ppc_ru_ural_sr_s-auto_a-all_exp-diff-login,ural,OFF,0
2026-08-29,2026-08-29 04:00,2026-08-29 08:00,ppc_ru_IKT_sr_gen_a-all_exp-diff-login,sibir,OFF,0
2026-08-29,2026-08-29 04:00,2026-08-29 08:00,ppc_ru_KJA_sr_dsa_a-all_exp-diff-login,KJA,OFF,0
2026-08-29,2026-08-29 04:00,2026-08-29 08:00,ppc_ru_KJA_sr_gen_a-all_exp-diff-login,KJA,OFF,0
2026-08-29,2026-08-29 04:00,2026-08-29 08:00,ppc_ru_KRR_sr_dsa_a-all_exp-diff-login,KRR,ON,1
2026-08-29,2026-08-29 04:00,2026-08-29 08:00,ppc_ru_KRR_sr_gen_a-all_exp-diff-login,KRR,ON,1
2026-08-29,2026-08-29 04:00,2026-08-29 08:00,ppc_ru_KRR_sr_s-auto_a-all_exp-diff-login,KRR,ON,1
2026-08-29,2026-08-29 04:00,2026-08-29 08:00,ppc_ru_KVKZ_sr_gen_a-all_exp-diff-login,KVKZ,OFF,0
2026-08-29,2026-08-29 04:00,2026-08-29 08:00,ppc_ru_KVKZ_sr_s-auto_a-all_exp-diff-login,KVKZ,OFF,0
2026-08-29,2026-08-29 04:00,2026-08-29 08:00,ppc_ru_KZN_sr_gen_a-all_exp-diff-login,KZN,ON,1
2026-08-29,2026-08-29 04:00,2026-08-29 08:00,ppc_ru_KZN_sr_s-auto_a-all_exp-diff-login,KZN,ON,1
2026-08-29,2026-08-29 04:00,2026-08-29 08:00,ppc_ru_LED_sr_dsa_a-all_exp-diff-login,LED,OFF,0
2026-08-29,2026-08-29 04:00,2026-08-29 08:00,ppc_ru_LED_sr_gen_a-all_exp-diff-login,LED,OFF,0
2026-08-29,2026-08-29 04:00,2026-08-29 08:00,ppc_ru_LED_sr_s-auto_a-all_exp-diff-login,LED,OFF,0
2026-08-29,2026-08-29 04:00,2026-08-29 08:00,ppc_ru_MOW_sr_dsa_a-all_exp-diff-login,MOW,ON,1
2026-08-29,2026-08-29 04:00,2026-08-29 08:00,ppc_ru_MOW_sr_gen_a-all_exp-diff-login,MOW,ON,1
2026-08-29,2026-08-29 04:00,2026-08-29 08:00,ppc_ru_MOW_sr_s-auto_a-all_exp-diff-login,MOW,ON,1
2026-08-29,2026-08-29 04:00,2026-08-29 08:00,ppc_ru_MOW_sr_s-auto_a-all_exp-diff-login_exp_travel-aud,MOW,ON,1
2026-08-29,2026-08-29 04:00,2026-08-29 08:00,ppc_ru_OVB_sr_dsa_a-all_exp-diff-login,OVB,OFF,0
2026-08-29,2026-08-29 04:00,2026-08-29 08:00,ppc_ru_OVB_sr_gen_a-all_exp-diff-login,OVB,OFF,0
2026-08-29,2026-08-29 04:00,2026-08-29 08:00,ppc_ru_SVX_sr_dsa_a-all_exp-diff-login,ural,ON,1
2026-08-29,2026-08-29 04:00,2026-08-29 08:00,ppc_ru_SVX_sr_gen_a-all_exp-diff-login,ural,ON,1
2026-08-29,2026-08-29 04:00,2026-08-29 08:00,ppc_ru_TJM_sr_dsa_a-all_exp-diff-login,ural,ON,1
2026-08-29,2026-08-29 04:00,2026-08-29 08:00,ppc_ru_TJM_sr_gen_a-all_exp-diff-login,ural,ON,1
2026-08-29,2026-08-29 04:00,2026-08-29 08:00,ppc_ru_UFA_sr_dsa_a-all_exp-diff-login,UFA,OFF,0
2026-08-29,2026-08-29 04:00,2026-08-29 08:00,ppc_ru_UFA_sr_gen_a-all_exp-diff-login,UFA,OFF,0
2026-08-29,2026-08-29 04:00,2026-08-29 08:00,ppc_ru_centr_sr_dsa_a-all_exp-diff-login,centr,OFF,0
2026-08-29,2026-08-29 04:00,2026-08-29 08:00,ppc_ru_centr_sr_gen_a-all_exp-diff-login,centr,OFF,0
2026-08-29,2026-08-29 04:00,2026-08-29 08:00,ppc_ru_sibir_sr_dsa_a-all_exp-diff-login,sibir,OFF,0
2026-08-29,2026-08-29 04:00,2026-08-29 08:00,ppc_ru_sibir_sr_gen_a-all_exp-diff-login,sibir,OFF,0
2026-08-29,2026-08-29 04:00,2026-08-29 08:00,ppc_ru_ural_sr_dsa_a-all_exp-diff-login,ural,ON,1
2026-08-29,2026-08-29 04:00,2026-08-29 08:00,ppc_ru_ural_sr_gen_a-all_exp-diff-login,ural,ON,1
2026-08-29,2026-08-29 04:00,2026-08-29 08:00,ppc_ru_ural_sr_s-auto_a-all_exp-diff-login,ural,ON,1
2026-08-29,2026-08-29 08:00,2026-08-29 12:00,ppc_ru_IKT_sr_gen_a-all_exp-diff-login,sibir,ON,1
2026-08-29,2026-08-29 08:00,2026-08-29 12:00,ppc_ru_KJA_sr_dsa_a-all_exp-diff-login,KJA,OFF,0
2026-08-29,2026-08-29 08:00,2026-08-29 12:00,ppc_ru_KJA_sr_gen_a-all_exp-diff-login,KJA,OFF,0
2026-08-29,2026-08-29 08:00,2026-08-29 12:00,ppc_ru_KRR_sr_dsa_a-all_exp-diff-login,KRR,OFF,0
2026-08-29,2026-08-29 08:00,2026-08-29 12:00,ppc_ru_KRR_sr_gen_a-all_exp-diff-login,KRR,OFF,0
2026-08-29,2026-08-29 08:00,2026-08-29 12:00,ppc_ru_KRR_sr_s-auto_a-all_exp-diff-login,KRR,OFF,0
2026-08-29,2026-08-29 08:00,2026-08-29 12:00,ppc_ru_KVKZ_sr_gen_a-all_exp-diff-login,KVKZ,ON,1
2026-08-29,2026-08-29 08:00,2026-08-29 12:00,ppc_ru_KVKZ_sr_s-auto_a-all_exp-diff-login,KVKZ,ON,1
2026-08-29,2026-08-29 08:00,2026-08-29 12:00,ppc_ru_KZN_sr_gen_a-all_exp-diff-login,KZN,ON,1
2026-08-29,2026-08-29 08:00,2026-08-29 12:00,ppc_ru_KZN_sr_s-auto_a-all_exp-diff-login,KZN,ON,1
2026-08-29,2026-08-29 08:00,2026-08-29 12:00,ppc_ru_LED_sr_dsa_a-all_exp-diff-login,LED,OFF,0
2026-08-29,2026-08-29 08:00,2026-08-29 12:00,ppc_ru_LED_sr_gen_a-all_exp-diff-login,LED,OFF,0
2026-08-29,2026-08-29 08:00,2026-08-29 12:00,ppc_ru_LED_sr_s-auto_a-all_exp-diff-login,LED,OFF,0
2026-08-29,2026-08-29 08:00,2026-08-29 12:00,ppc_ru_MOW_sr_dsa_a-all_exp-diff-login,MOW,ON,1
2026-08-29,2026-08-29 08:00,2026-08-29 12:00,ppc_ru_MOW_sr_gen_a-all_exp-diff-login,MOW,ON,1
2026-08-29,2026-08-29 08:00,2026-08-29 12:00,ppc_ru_MOW_sr_s-auto_a-all_exp-diff-login,MOW,ON,1
2026-08-29,2026-08-29 08:00,2026-08-29 12:00,ppc_ru_MOW_sr_s-auto_a-all_exp-diff-login_exp_travel-aud,MOW,ON,1
2026-08-29,2026-08-29 08:00,2026-08-29 12:00,ppc_ru_OVB_sr_dsa_a-all_exp-diff-login,OVB,ON,1
2026-08-29,2026-08-29 08:00,2026-08-29 12:00,ppc_ru_OVB_sr_gen_a-all_exp-diff-login,OVB,ON,1
2026-08-29,2026-08-29 08:00,2026-08-29 12:00,ppc_ru_SVX_sr_dsa_a-all_exp-diff-login,ural,ON,1
2026-08-29,2026-08-29 08:00,2026-08-29 12:00,ppc_ru_SVX_sr_gen_a-all_exp-diff-login,ural,ON,1
2026-08-29,2026-08-29 08:00,2026-08-29 12:00,ppc_ru_TJM_sr_dsa_a-all_exp-diff-login,ural,ON,1
2026-08-29,2026-08-29 08:00,2026-08-29 12:00,ppc_ru_TJM_sr_gen_a-all_exp-diff-login,ural,ON,1
2026-08-29,2026-08-29 08:00,2026-08-29 12:00,ppc_ru_UFA_sr_dsa_a-all_exp-diff-login,UFA,OFF,0
2026-08-29,2026-08-29 08:00,2026-08-29 12:00,ppc_ru_UFA_sr_gen_a-all_exp-diff-login,UFA,OFF,0
2026-08-29,2026-08-29 08:00,2026-08-29 12:00,ppc_ru_centr_sr_dsa_a-all_exp-diff-login,centr,ON,1
2026-08-29,2026-08-29 08:00,2026-08-29 12:00,ppc_ru_centr_sr_gen_a-all_exp-diff-login,centr,ON,1
2026-08-29,2026-08-29 08:00,2026-08-29 12:00,ppc_ru_sibir_sr_dsa_a-all_exp-diff-login,sibir,ON,1
2026-08-29,2026-08-29 08:00,2026-08-29 12:00,ppc_ru_sibir_sr_gen_a-all_exp-diff-login,sibir,ON,1
2026-08-29,2026-08-29 08:00,2026-08-29 12:00,ppc_ru_ural_sr_dsa_a-all_exp-diff-login,ural,ON,1
2026-08-29,2026-08-29 08:00,2026-08-29 12:00,ppc_ru_ural_sr_gen_a-all_exp-diff-login,ural,ON,1
2026-08-29,2026-08-29 08:00,2026-08-29 12:00,ppc_ru_ural_sr_s-auto_a-all_exp-diff-login,ural,ON,1
2026-08-29,2026-08-29 12:00,2026-08-29 16:00,ppc_ru_IKT_sr_gen_a-all_exp-diff-login,sibir,OFF,0
2026-08-29,2026-08-29 12:00,2026-08-29 16:00,ppc_ru_KJA_sr_dsa_a-all_exp-diff-login,KJA,ON,1
2026-08-29,2026-08-29 12:00,2026-08-29 16:00,ppc_ru_KJA_sr_gen_a-all_exp-diff-login,KJA,ON,1
2026-08-29,2026-08-29 12:00,2026-08-29 16:00,ppc_ru_KRR_sr_dsa_a-all_exp-diff-login,KRR,OFF,0
2026-08-29,2026-08-29 12:00,2026-08-29 16:00,ppc_ru_KRR_sr_gen_a-all_exp-diff-login,KRR,OFF,0
2026-08-29,2026-08-29 12:00,2026-08-29 16:00,ppc_ru_KRR_sr_s-auto_a-all_exp-diff-login,KRR,OFF,0
2026-08-29,2026-08-29 12:00,2026-08-29 16:00,ppc_ru_KVKZ_sr_gen_a-all_exp-diff-login,KVKZ,ON,1
2026-08-29,2026-08-29 12:00,2026-08-29 16:00,ppc_ru_KVKZ_sr_s-auto_a-all_exp-diff-login,KVKZ,ON,1
2026-08-29,2026-08-29 12:00,2026-08-29 16:00,ppc_ru_KZN_sr_gen_a-all_exp-diff-login,KZN,OFF,0
2026-08-29,2026-08-29 12:00,2026-08-29 16:00,ppc_ru_KZN_sr_s-auto_a-all_exp-diff-login,KZN,OFF,0
2026-08-29,2026-08-29 12:00,2026-08-29 16:00,ppc_ru_LED_sr_dsa_a-all_exp-diff-login,LED,OFF,0
2026-08-29,2026-08-29 12:00,2026-08-29 16:00,ppc_ru_LED_sr_gen_a-all_exp-diff-login,LED,OFF,0
2026-08-29,2026-08-29 12:00,2026-08-29 16:00,ppc_ru_LED_sr_s-auto_a-all_exp-diff-login,LED,OFF,0
2026-08-29,2026-08-29 12:00,2026-08-29 16:00,ppc_ru_MOW_sr_dsa_a-all_exp-diff-login,MOW,OFF,0
2026-08-29,2026-08-29 12:00,2026-08-29 16:00,ppc_ru_MOW_sr_gen_a-all_exp-diff-login,MOW,OFF,0
2026-08-29,2026-08-29 12:00,2026-08-29 16:00,ppc_ru_MOW_sr_s-auto_a-all_exp-diff-login,MOW,OFF,0
2026-08-29,2026-08-29 12:00,2026-08-29 16:00,ppc_ru_MOW_sr_s-auto_a-all_exp-diff-login_exp_travel-aud,MOW,OFF,0
2026-08-29,2026-08-29 12:00,2026-08-29 16:00,ppc_ru_OVB_sr_dsa_a-all_exp-diff-login,OVB,ON,1
2026-08-29,2026-08-29 12:00,2026-08-29 16:00,ppc_ru_OVB_sr_gen_a-all_exp-diff-login,OVB,ON,1
2026-08-29,2026-08-29 12:00,2026-08-29 16:00,ppc_ru_SVX_sr_dsa_a-all_exp-diff-login,ural,OFF,0
2026-08-29,2026-08-29 12:00,2026-08-29 16:00,ppc_ru_SVX_sr_gen_a-all_exp-diff-login,ural,OFF,0
2026-08-29,2026-08-29 12:00,2026-08-29 16:00,ppc_ru_TJM_sr_dsa_a-all_exp-diff-login,ural,OFF,0
2026-08-29,2026-08-29 12:00,2026-08-29 16:00,ppc_ru_TJM_sr_gen_a-all_exp-diff-login,ural,OFF,0
2026-08-29,2026-08-29 12:00,2026-08-29 16:00,ppc_ru_UFA_sr_dsa_a-all_exp-diff-login,UFA,ON,1
2026-08-29,2026-08-29 12:00,2026-08-29 16:00,ppc_ru_UFA_sr_gen_a-all_exp-diff-login,UFA,ON,1
2026-08-29,2026-08-29 12:00,2026-08-29 16:00,ppc_ru_centr_sr_dsa_a-all_exp-diff-login,centr,OFF,0
2026-08-29,2026-08-29 12:00,2026-08-29 16:00,ppc_ru_centr_sr_gen_a-all_exp-diff-login,centr,OFF,0
2026-08-29,2026-08-29 12:00,2026-08-29 16:00,ppc_ru_sibir_sr_dsa_a-all_exp-diff-login,sibir,OFF,0
2026-08-29,2026-08-29 12:00,2026-08-29 16:00,ppc_ru_sibir_sr_gen_a-all_exp-diff-login,sibir,OFF,0
2026-08-29,2026-08-29 12:00,2026-08-29 16:00,ppc_ru_ural_sr_dsa_a-all_exp-diff-login,ural,OFF,0
2026-08-29,2026-08-29 12:00,2026-08-29 16:00,ppc_ru_ural_sr_gen_a-all_exp-diff-login,ural,OFF,0
2026-08-29,2026-08-29 12:00,2026-08-29 16:00,ppc_ru_ural_sr_s-auto_a-all_exp-diff-login,ural,OFF,0
2026-08-29,2026-08-29 16:00,2026-08-29 20:00,ppc_ru_IKT_sr_gen_a-all_exp-diff-login,sibir,ON,1
2026-08-29,2026-08-29 16:00,2026-08-29 20:00,ppc_ru_KJA_sr_dsa_a-all_exp-diff-login,KJA,ON,1
2026-08-29,2026-08-29 16:00,2026-08-29 20:00,ppc_ru_KJA_sr_gen_a-all_exp-diff-login,KJA,ON,1
2026-08-29,2026-08-29 16:00,2026-08-29 20:00,ppc_ru_KRR_sr_dsa_a-all_exp-diff-login,KRR,OFF,0
2026-08-29,2026-08-29 16:00,2026-08-29 20:00,ppc_ru_KRR_sr_gen_a-all_exp-diff-login,KRR,OFF,0
2026-08-29,2026-08-29 16:00,2026-08-29 20:00,ppc_ru_KRR_sr_s-auto_a-all_exp-diff-login,KRR,OFF,0
2026-08-29,2026-08-29 16:00,2026-08-29 20:00,ppc_ru_KVKZ_sr_gen_a-all_exp-diff-login,KVKZ,OFF,0
2026-08-29,2026-08-29 16:00,2026-08-29 20:00,ppc_ru_KVKZ_sr_s-auto_a-all_exp-diff-login,KVKZ,OFF,0
2026-08-29,2026-08-29 16:00,2026-08-29 20:00,ppc_ru_KZN_sr_gen_a-all_exp-diff-login,KZN,OFF,0
2026-08-29,2026-08-29 16:00,2026-08-29 20:00,ppc_ru_KZN_sr_s-auto_a-all_exp-diff-login,KZN,OFF,0
2026-08-29,2026-08-29 16:00,2026-08-29 20:00,ppc_ru_LED_sr_dsa_a-all_exp-diff-login,LED,ON,1
2026-08-29,2026-08-29 16:00,2026-08-29 20:00,ppc_ru_LED_sr_gen_a-all_exp-diff-login,LED,ON,1
2026-08-29,2026-08-29 16:00,2026-08-29 20:00,ppc_ru_LED_sr_s-auto_a-all_exp-diff-login,LED,ON,1
2026-08-29,2026-08-29 16:00,2026-08-29 20:00,ppc_ru_MOW_sr_dsa_a-all_exp-diff-login,MOW,OFF,0
2026-08-29,2026-08-29 16:00,2026-08-29 20:00,ppc_ru_MOW_sr_gen_a-all_exp-diff-login,MOW,OFF,0
2026-08-29,2026-08-29 16:00,2026-08-29 20:00,ppc_ru_MOW_sr_s-auto_a-all_exp-diff-login,MOW,OFF,0
2026-08-29,2026-08-29 16:00,2026-08-29 20:00,ppc_ru_MOW_sr_s-auto_a-all_exp-diff-login_exp_travel-aud,MOW,OFF,0
2026-08-29,2026-08-29 16:00,2026-08-29 20:00,ppc_ru_OVB_sr_dsa_a-all_exp-diff-login,OVB,ON,1
2026-08-29,2026-08-29 16:00,2026-08-29 20:00,ppc_ru_OVB_sr_gen_a-all_exp-diff-login,OVB,ON,1
2026-08-29,2026-08-29 16:00,2026-08-29 20:00,ppc_ru_SVX_sr_dsa_a-all_exp-diff-login,ural,OFF,0
2026-08-29,2026-08-29 16:00,2026-08-29 20:00,ppc_ru_SVX_sr_gen_a-all_exp-diff-login,ural,OFF,0
2026-08-29,2026-08-29 16:00,2026-08-29 20:00,ppc_ru_TJM_sr_dsa_a-all_exp-diff-login,ural,OFF,0
2026-08-29,2026-08-29 16:00,2026-08-29 20:00,ppc_ru_TJM_sr_gen_a-all_exp-diff-login,ural,OFF,0
2026-08-29,2026-08-29 16:00,2026-08-29 20:00,ppc_ru_UFA_sr_dsa_a-all_exp-diff-login,UFA,ON,1
2026-08-29,2026-08-29 16:00,2026-08-29 20:00,ppc_ru_UFA_sr_gen_a-all_exp-diff-login,UFA,ON,1
2026-08-29,2026-08-29 16:00,2026-08-29 20:00,ppc_ru_centr_sr_dsa_a-all_exp-diff-login,centr,ON,1
2026-08-29,2026-08-29 16:00,2026-08-29 20:00,ppc_ru_centr_sr_gen_a-all_exp-diff-login,centr,ON,1
2026-08-29,2026-08-29 16:00,2026-08-29 20:00,ppc_ru_sibir_sr_dsa_a-all_exp-diff-login,sibir,ON,1
2026-08-29,2026-08-29 16:00,2026-08-29 20:00,ppc_ru_sibir_sr_gen_a-all_exp-diff-login,sibir,ON,1
2026-08-29,2026-08-29 16:00,2026-08-29 20:00,ppc_ru_ural_sr_dsa_a-all_exp-diff-login,ural,OFF,0
2026-08-29,2026-08-29 16:00,2026-08-29 20:00,ppc_ru_ural_sr_gen_a-all_exp-diff-login,ural,OFF,0
2026-08-29,2026-08-29 16:00,2026-08-29 20:00,ppc_ru_ural_sr_s-auto_a-all_exp-diff-login,ural,OFF,0
2026-08-29,2026-08-29 20:00,2026-08-30 00:00,ppc_ru_IKT_sr_gen_a-all_exp-diff-login,sibir,ON,1
2026-08-29,2026-08-29 20:00,2026-08-30 00:00,ppc_ru_KJA_sr_dsa_a-all_exp-diff-login,KJA,ON,1
2026-08-29,2026-08-29 20:00,2026-08-30 00:00,ppc_ru_KJA_sr_gen_a-all_exp-diff-login,KJA,ON,1
2026-08-29,2026-08-29 20:00,2026-08-30 00:00,ppc_ru_KRR_sr_dsa_a-all_exp-diff-login,KRR,ON,1
2026-08-29,2026-08-29 20:00,2026-08-30 00:00,ppc_ru_KRR_sr_gen_a-all_exp-diff-login,KRR,ON,1
2026-08-29,2026-08-29 20:00,2026-08-30 00:00,ppc_ru_KRR_sr_s-auto_a-all_exp-diff-login,KRR,ON,1
2026-08-29,2026-08-29 20:00,2026-08-30 00:00,ppc_ru_KVKZ_sr_gen_a-all_exp-diff-login,KVKZ,OFF,0
2026-08-29,2026-08-29 20:00,2026-08-30 00:00,ppc_ru_KVKZ_sr_s-auto_a-all_exp-diff-login,KVKZ,OFF,0
2026-08-29,2026-08-29 20:00,2026-08-30 00:00,ppc_ru_KZN_sr_gen_a-all_exp-diff-login,KZN,OFF,0
2026-08-29,2026-08-29 20:00,2026-08-30 00:00,ppc_ru_KZN_sr_s-auto_a-all_exp-diff-login,KZN,OFF,0
2026-08-29,2026-08-29 20:00,2026-08-30 00:00,ppc_ru_LED_sr_dsa_a-all_exp-diff-login,LED,ON,1
2026-08-29,2026-08-29 20:00,2026-08-30 00:00,ppc_ru_LED_sr_gen_a-all_exp-diff-login,LED,ON,1
2026-08-29,2026-08-29 20:00,2026-08-30 00:00,ppc_ru_LED_sr_s-auto_a-all_exp-diff-login,LED,ON,1
2026-08-29,2026-08-29 20:00,2026-08-30 00:00,ppc_ru_MOW_sr_dsa_a-all_exp-diff-login,MOW,ON,1
2026-08-29,2026-08-29 20:00,2026-08-30 00:00,ppc_ru_MOW_sr_gen_a-all_exp-diff-login,MOW,ON,1
2026-08-29,2026-08-29 20:00,2026-08-30 00:00,ppc_ru_MOW_sr_s-auto_a-all_exp-diff-login,MOW,ON,1
2026-08-29,2026-08-29 20:00,2026-08-30 00:00,ppc_ru_MOW_sr_s-auto_a-all_exp-diff-login_exp_travel-aud,MOW,ON,1
2026-08-29,2026-08-29 20:00,2026-08-30 00:00,ppc_ru_OVB_sr_dsa_a-all_exp-diff-login,OVB,OFF,0
2026-08-29,2026-08-29 20:00,2026-08-30 00:00,ppc_ru_OVB_sr_gen_a-all_exp-diff-login,OVB,OFF,0
2026-08-29,2026-08-29 20:00,2026-08-30 00:00,ppc_ru_SVX_sr_dsa_a-all_exp-diff-login,ural,ON,1
2026-08-29,2026-08-29 20:00,2026-08-30 00:00,ppc_ru_SVX_sr_gen_a-all_exp-diff-login,ural,ON,1
2026-08-29,2026-08-29 20:00,2026-08-30 00:00,ppc_ru_TJM_sr_dsa_a-all_exp-diff-login,ural,ON,1
2026-08-29,2026-08-29 20:00,2026-08-30 00:00,ppc_ru_TJM_sr_gen_a-all_exp-diff-login,ural,ON,1
2026-08-29,2026-08-29 20:00,2026-08-30 00:00,ppc_ru_UFA_sr_dsa_a-all_exp-diff-login,UFA,OFF,0
2026-08-29,2026-08-29 20:00,2026-08-30 00:00,ppc_ru_UFA_sr_gen_a-all_exp-diff-login,UFA,OFF,0
2026-08-29,2026-08-29 20:00,2026-08-30 00:00,ppc_ru_centr_sr_dsa_a-all_exp-diff-login,centr,ON,1
2026-08-29,2026-08-29 20:00,2026-08-30 00:00,ppc_ru_centr_sr_gen_a-all_exp-diff-login,centr,ON,1
2026-08-29,2026-08-29 20:00,2026-08-30 00:00,ppc_ru_sibir_sr_dsa_a-all_exp-diff-login,sibir,ON,1
2026-08-29,2026-08-29 20:00,2026-08-30 00:00,ppc_ru_sibir_sr_gen_a-all_exp-diff-login,sibir,ON,1
2026-08-29,2026-08-29 20:00,2026-08-30 00:00,ppc_ru_ural_sr_dsa_a-all_exp-diff-login,ural,ON,1
2026-08-29,2026-08-29 20:00,2026-08-30 00:00,ppc_ru_ural_sr_gen_a-all_exp-diff-login,ural,ON,1
2026-08-29,2026-08-29 20:00,2026-08-30 00:00,ppc_ru_ural_sr_s-auto_a-all_exp-diff-login,ural,ON,1
2026-08-30,2026-08-30 00:00,2026-08-30 04:00,ppc_ru_IKT_sr_gen_a-all_exp-diff-login,sibir,ON,1
2026-08-30,2026-08-30 00:00,2026-08-30 04:00,ppc_ru_KJA_sr_dsa_a-all_exp-diff-login,KJA,ON,1
2026-08-30,2026-08-30 00:00,2026-08-30 04:00,ppc_ru_KJA_sr_gen_a-all_exp-diff-login,KJA,ON,1
2026-08-30,2026-08-30 00:00,2026-08-30 04:00,ppc_ru_KRR_sr_dsa_a-all_exp-diff-login,KRR,OFF,0
2026-08-30,2026-08-30 00:00,2026-08-30 04:00,ppc_ru_KRR_sr_gen_a-all_exp-diff-login,KRR,OFF,0
2026-08-30,2026-08-30 00:00,2026-08-30 04:00,ppc_ru_KRR_sr_s-auto_a-all_exp-diff-login,KRR,OFF,0
2026-08-30,2026-08-30 00:00,2026-08-30 04:00,ppc_ru_KVKZ_sr_gen_a-all_exp-diff-login,KVKZ,OFF,0
2026-08-30,2026-08-30 00:00,2026-08-30 04:00,ppc_ru_KVKZ_sr_s-auto_a-all_exp-diff-login,KVKZ,OFF,0
2026-08-30,2026-08-30 00:00,2026-08-30 04:00,ppc_ru_KZN_sr_gen_a-all_exp-diff-login,KZN,ON,1
2026-08-30,2026-08-30 00:00,2026-08-30 04:00,ppc_ru_KZN_sr_s-auto_a-all_exp-diff-login,KZN,ON,1
2026-08-30,2026-08-30 00:00,2026-08-30 04:00,ppc_ru_LED_sr_dsa_a-all_exp-diff-login,LED,ON,1
2026-08-30,2026-08-30 00:00,2026-08-30 04:00,ppc_ru_LED_sr_gen_a-all_exp-diff-login,LED,ON,1
2026-08-30,2026-08-30 00:00,2026-08-30 04:00,ppc_ru_LED_sr_s-auto_a-all_exp-diff-login,LED,ON,1
2026-08-30,2026-08-30 00:00,2026-08-30 04:00,ppc_ru_MOW_sr_dsa_a-all_exp-diff-login,MOW,ON,1
2026-08-30,2026-08-30 00:00,2026-08-30 04:00,ppc_ru_MOW_sr_gen_a-all_exp-diff-login,MOW,ON,1
2026-08-30,2026-08-30 00:00,2026-08-30 04:00,ppc_ru_MOW_sr_s-auto_a-all_exp-diff-login,MOW,ON,1
2026-08-30,2026-08-30 00:00,2026-08-30 04:00,ppc_ru_MOW_sr_s-auto_a-all_exp-diff-login_exp_travel-aud,MOW,ON,1
2026-08-30,2026-08-30 00:00,2026-08-30 04:00,ppc_ru_OVB_sr_dsa_a-all_exp-diff-login,OVB,OFF,0
2026-08-30,2026-08-30 00:00,2026-08-30 04:00,ppc_ru_OVB_sr_gen_a-all_exp-diff-login,OVB,OFF,0
2026-08-30,2026-08-30 00:00,2026-08-30 04:00,ppc_ru_SVX_sr_dsa_a-all_exp-diff-login,ural,ON,1
2026-08-30,2026-08-30 00:00,2026-08-30 04:00,ppc_ru_SVX_sr_gen_a-all_exp-diff-login,ural,ON,1
2026-08-30,2026-08-30 00:00,2026-08-30 04:00,ppc_ru_TJM_sr_dsa_a-all_exp-diff-login,ural,ON,1
2026-08-30,2026-08-30 00:00,2026-08-30 04:00,ppc_ru_TJM_sr_gen_a-all_exp-diff-login,ural,ON,1
2026-08-30,2026-08-30 00:00,2026-08-30 04:00,ppc_ru_UFA_sr_dsa_a-all_exp-diff-login,UFA,ON,1
2026-08-30,2026-08-30 00:00,2026-08-30 04:00,ppc_ru_UFA_sr_gen_a-all_exp-diff-login,UFA,ON,1
2026-08-30,2026-08-30 00:00,2026-08-30 04:00,ppc_ru_centr_sr_dsa_a-all_exp-diff-login,centr,ON,1
2026-08-30,2026-08-30 00:00,2026-08-30 04:00,ppc_ru_centr_sr_gen_a-all_exp-diff-login,centr,ON,1
2026-08-30,2026-08-30 00:00,2026-08-30 04:00,ppc_ru_sibir_sr_dsa_a-all_exp-diff-login,sibir,ON,1
2026-08-30,2026-08-30 00:00,2026-08-30 04:00,ppc_ru_sibir_sr_gen_a-all_exp-diff-login,sibir,ON,1
2026-08-30,2026-08-30 00:00,2026-08-30 04:00,ppc_ru_ural_sr_dsa_a-all_exp-diff-login,ural,ON,1
2026-08-30,2026-08-30 00:00,2026-08-30 04:00,ppc_ru_ural_sr_gen_a-all_exp-diff-login,ural,ON,1
2026-08-30,2026-08-30 00:00,2026-08-30 04:00,ppc_ru_ural_sr_s-auto_a-all_exp-diff-login,ural,ON,1
2026-08-30,2026-08-30 04:00,2026-08-30 08:00,ppc_ru_IKT_sr_gen_a-all_exp-diff-login,sibir,OFF,0
2026-08-30,2026-08-30 04:00,2026-08-30 08:00,ppc_ru_KJA_sr_dsa_a-all_exp-diff-login,KJA,ON,1
2026-08-30,2026-08-30 04:00,2026-08-30 08:00,ppc_ru_KJA_sr_gen_a-all_exp-diff-login,KJA,ON,1
2026-08-30,2026-08-30 04:00,2026-08-30 08:00,ppc_ru_KRR_sr_dsa_a-all_exp-diff-login,KRR,ON,1
2026-08-30,2026-08-30 04:00,2026-08-30 08:00,ppc_ru_KRR_sr_gen_a-all_exp-diff-login,KRR,ON,1
2026-08-30,2026-08-30 04:00,2026-08-30 08:00,ppc_ru_KRR_sr_s-auto_a-all_exp-diff-login,KRR,ON,1
2026-08-30,2026-08-30 04:00,2026-08-30 08:00,ppc_ru_KVKZ_sr_gen_a-all_exp-diff-login,KVKZ,ON,1
2026-08-30,2026-08-30 04:00,2026-08-30 08:00,ppc_ru_KVKZ_sr_s-auto_a-all_exp-diff-login,KVKZ,ON,1
2026-08-30,2026-08-30 04:00,2026-08-30 08:00,ppc_ru_KZN_sr_gen_a-all_exp-diff-login,KZN,OFF,0
2026-08-30,2026-08-30 04:00,2026-08-30 08:00,ppc_ru_KZN_sr_s-auto_a-all_exp-diff-login,KZN,OFF,0
2026-08-30,2026-08-30 04:00,2026-08-30 08:00,ppc_ru_LED_sr_dsa_a-all_exp-diff-login,LED,OFF,0
2026-08-30,2026-08-30 04:00,2026-08-30 08:00,ppc_ru_LED_sr_gen_a-all_exp-diff-login,LED,OFF,0
2026-08-30,2026-08-30 04:00,2026-08-30 08:00,ppc_ru_LED_sr_s-auto_a-all_exp-diff-login,LED,OFF,0
2026-08-30,2026-08-30 04:00,2026-08-30 08:00,ppc_ru_MOW_sr_dsa_a-all_exp-diff-login,MOW,OFF,0
2026-08-30,2026-08-30 04:00,2026-08-30 08:00,ppc_ru_MOW_sr_gen_a-all_exp-diff-login,MOW,OFF,0
2026-08-30,2026-08-30 04:00,2026-08-30 08:00,ppc_ru_MOW_sr_s-auto_a-all_exp-diff-login,MOW,OFF,0
2026-08-30,2026-08-30 04:00,2026-08-30 08:00,ppc_ru_MOW_sr_s-auto_a-all_exp-diff-login_exp_travel-aud,MOW,OFF,0
2026-08-30,2026-08-30 04:00,2026-08-30 08:00,ppc_ru_OVB_sr_dsa_a-all_exp-diff-login,OVB,ON,1
2026-08-30,2026-08-30 04:00,2026-08-30 08:00,ppc_ru_OVB_sr_gen_a-all_exp-diff-login,OVB,ON,1
2026-08-30,2026-08-30 04:00,2026-08-30 08:00,ppc_ru_SVX_sr_dsa_a-all_exp-diff-login,ural,ON,1
2026-08-30,2026-08-30 04:00,2026-08-30 08:00,ppc_ru_SVX_sr_gen_a-all_exp-diff-login,ural,ON,1
2026-08-30,2026-08-30 04:00,2026-08-30 08:00,ppc_ru_TJM_sr_dsa_a-all_exp-diff-login,ural,ON,1
2026-08-30,2026-08-30 04:00,2026-08-30 08:00,ppc_ru_TJM_sr_gen_a-all_exp-diff-login,ural,ON,1
2026-08-30,2026-08-30 04:00,2026-08-30 08:00,ppc_ru_UFA_sr_dsa_a-all_exp-diff-login,UFA,ON,1
2026-08-30,2026-08-30 04:00,2026-08-30 08:00,ppc_ru_UFA_sr_gen_a-all_exp-diff-login,UFA,ON,1
2026-08-30,2026-08-30 04:00,2026-08-30 08:00,ppc_ru_centr_sr_dsa_a-all_exp-diff-login,centr,OFF,0
2026-08-30,2026-08-30 04:00,2026-08-30 08:00,ppc_ru_centr_sr_gen_a-all_exp-diff-login,centr,OFF,0
2026-08-30,2026-08-30 04:00,2026-08-30 08:00,ppc_ru_sibir_sr_dsa_a-all_exp-diff-login,sibir,OFF,0
2026-08-30,2026-08-30 04:00,2026-08-30 08:00,ppc_ru_sibir_sr_gen_a-all_exp-diff-login,sibir,OFF,0
2026-08-30,2026-08-30 04:00,2026-08-30 08:00,ppc_ru_ural_sr_dsa_a-all_exp-diff-login,ural,ON,1
2026-08-30,2026-08-30 04:00,2026-08-30 08:00,ppc_ru_ural_sr_gen_a-all_exp-diff-login,ural,ON,1
2026-08-30,2026-08-30 04:00,2026-08-30 08:00,ppc_ru_ural_sr_s-auto_a-all_exp-diff-login,ural,ON,1
2026-08-30,2026-08-30 08:00,2026-08-30 12:00,ppc_ru_IKT_sr_gen_a-all_exp-diff-login,sibir,OFF,0
2026-08-30,2026-08-30 08:00,2026-08-30 12:00,ppc_ru_KJA_sr_dsa_a-all_exp-diff-login,KJA,OFF,0
2026-08-30,2026-08-30 08:00,2026-08-30 12:00,ppc_ru_KJA_sr_gen_a-all_exp-diff-login,KJA,OFF,0
2026-08-30,2026-08-30 08:00,2026-08-30 12:00,ppc_ru_KRR_sr_dsa_a-all_exp-diff-login,KRR,OFF,0
2026-08-30,2026-08-30 08:00,2026-08-30 12:00,ppc_ru_KRR_sr_gen_a-all_exp-diff-login,KRR,OFF,0
2026-08-30,2026-08-30 08:00,2026-08-30 12:00,ppc_ru_KRR_sr_s-auto_a-all_exp-diff-login,KRR,OFF,0
2026-08-30,2026-08-30 08:00,2026-08-30 12:00,ppc_ru_KVKZ_sr_gen_a-all_exp-diff-login,KVKZ,ON,1
2026-08-30,2026-08-30 08:00,2026-08-30 12:00,ppc_ru_KVKZ_sr_s-auto_a-all_exp-diff-login,KVKZ,ON,1
2026-08-30,2026-08-30 08:00,2026-08-30 12:00,ppc_ru_KZN_sr_gen_a-all_exp-diff-login,KZN,ON,1
2026-08-30,2026-08-30 08:00,2026-08-30 12:00,ppc_ru_KZN_sr_s-auto_a-all_exp-diff-login,KZN,ON,1
2026-08-30,2026-08-30 08:00,2026-08-30 12:00,ppc_ru_LED_sr_dsa_a-all_exp-diff-login,LED,OFF,0
2026-08-30,2026-08-30 08:00,2026-08-30 12:00,ppc_ru_LED_sr_gen_a-all_exp-diff-login,LED,OFF,0
2026-08-30,2026-08-30 08:00,2026-08-30 12:00,ppc_ru_LED_sr_s-auto_a-all_exp-diff-login,LED,OFF,0
2026-08-30,2026-08-30 08:00,2026-08-30 12:00,ppc_ru_MOW_sr_dsa_a-all_exp-diff-login,MOW,ON,1
2026-08-30,2026-08-30 08:00,2026-08-30 12:00,ppc_ru_MOW_sr_gen_a-all_exp-diff-login,MOW,ON,1
2026-08-30,2026-08-30 08:00,2026-08-30 12:00,ppc_ru_MOW_sr_s-auto_a-all_exp-diff-login,MOW,ON,1
2026-08-30,2026-08-30 08:00,2026-08-30 12:00,ppc_ru_MOW_sr_s-auto_a-all_exp-diff-login_exp_travel-aud,MOW,ON,1
2026-08-30,2026-08-30 08:00,2026-08-30 12:00,ppc_ru_OVB_sr_dsa_a-all_exp-diff-login,OVB,OFF,0
2026-08-30,2026-08-30 08:00,2026-08-30 12:00,ppc_ru_OVB_sr_gen_a-all_exp-diff-login,OVB,OFF,0
2026-08-30,2026-08-30 08:00,2026-08-30 12:00,ppc_ru_SVX_sr_dsa_a-all_exp-diff-login,ural,OFF,0
2026-08-30,2026-08-30 08:00,2026-08-30 12:00,ppc_ru_SVX_sr_gen_a-all_exp-diff-login,ural,OFF,0
2026-08-30,2026-08-30 08:00,2026-08-30 12:00,ppc_ru_TJM_sr_dsa_a-all_exp-diff-login,ural,OFF,0
2026-08-30,2026-08-30 08:00,2026-08-30 12:00,ppc_ru_TJM_sr_gen_a-all_exp-diff-login,ural,OFF,0
2026-08-30,2026-08-30 08:00,2026-08-30 12:00,ppc_ru_UFA_sr_dsa_a-all_exp-diff-login,UFA,OFF,0
2026-08-30,2026-08-30 08:00,2026-08-30 12:00,ppc_ru_UFA_sr_gen_a-all_exp-diff-login,UFA,OFF,0
2026-08-30,2026-08-30 08:00,2026-08-30 12:00,ppc_ru_centr_sr_dsa_a-all_exp-diff-login,centr,OFF,0
2026-08-30,2026-08-30 08:00,2026-08-30 12:00,ppc_ru_centr_sr_gen_a-all_exp-diff-login,centr,OFF,0
2026-08-30,2026-08-30 08:00,2026-08-30 12:00,ppc_ru_sibir_sr_dsa_a-all_exp-diff-login,sibir,OFF,0
2026-08-30,2026-08-30 08:00,2026-08-30 12:00,ppc_ru_sibir_sr_gen_a-all_exp-diff-login,sibir,OFF,0
2026-08-30,2026-08-30 08:00,2026-08-30 12:00,ppc_ru_ural_sr_dsa_a-all_exp-diff-login,ural,OFF,0
2026-08-30,2026-08-30 08:00,2026-08-30 12:00,ppc_ru_ural_sr_gen_a-all_exp-diff-login,ural,OFF,0
2026-08-30,2026-08-30 08:00,2026-08-30 12:00,ppc_ru_ural_sr_s-auto_a-all_exp-diff-login,ural,OFF,0
2026-08-30,2026-08-30 12:00,2026-08-30 16:00,ppc_ru_IKT_sr_gen_a-all_exp-diff-login,sibir,ON,1
2026-08-30,2026-08-30 12:00,2026-08-30 16:00,ppc_ru_KJA_sr_dsa_a-all_exp-diff-login,KJA,OFF,0
2026-08-30,2026-08-30 12:00,2026-08-30 16:00,ppc_ru_KJA_sr_gen_a-all_exp-diff-login,KJA,OFF,0
2026-08-30,2026-08-30 12:00,2026-08-30 16:00,ppc_ru_KRR_sr_dsa_a-all_exp-diff-login,KRR,ON,1
2026-08-30,2026-08-30 12:00,2026-08-30 16:00,ppc_ru_KRR_sr_gen_a-all_exp-diff-login,KRR,ON,1
2026-08-30,2026-08-30 12:00,2026-08-30 16:00,ppc_ru_KRR_sr_s-auto_a-all_exp-diff-login,KRR,ON,1
2026-08-30,2026-08-30 12:00,2026-08-30 16:00,ppc_ru_KVKZ_sr_gen_a-all_exp-diff-login,KVKZ,OFF,0
2026-08-30,2026-08-30 12:00,2026-08-30 16:00,ppc_ru_KVKZ_sr_s-auto_a-all_exp-diff-login,KVKZ,OFF,0
2026-08-30,2026-08-30 12:00,2026-08-30 16:00,ppc_ru_KZN_sr_gen_a-all_exp-diff-login,KZN,OFF,0
2026-08-30,2026-08-30 12:00,2026-08-30 16:00,ppc_ru_KZN_sr_s-auto_a-all_exp-diff-login,KZN,OFF,0
2026-08-30,2026-08-30 12:00,2026-08-30 16:00,ppc_ru_LED_sr_dsa_a-all_exp-diff-login,LED,ON,1
2026-08-30,2026-08-30 12:00,2026-08-30 16:00,ppc_ru_LED_sr_gen_a-all_exp-diff-login,LED,ON,1
2026-08-30,2026-08-30 12:00,2026-08-30 16:00,ppc_ru_LED_sr_s-auto_a-all_exp-diff-login,LED,ON,1
2026-08-30,2026-08-30 12:00,2026-08-30 16:00,ppc_ru_MOW_sr_dsa_a-all_exp-diff-login,MOW,OFF,0
2026-08-30,2026-08-30 12:00,2026-08-30 16:00,ppc_ru_MOW_sr_gen_a-all_exp-diff-login,MOW,OFF,0
2026-08-30,2026-08-30 12:00,2026-08-30 16:00,ppc_ru_MOW_sr_s-auto_a-all_exp-diff-login,MOW,OFF,0
2026-08-30,2026-08-30 12:00,2026-08-30 16:00,ppc_ru_MOW_sr_s-auto_a-all_exp-diff-login_exp_travel-aud,MOW,OFF,0
2026-08-30,2026-08-30 12:00,2026-08-30 16:00,ppc_ru_OVB_sr_dsa_a-all_exp-diff-login,OVB,ON,1
2026-08-30,2026-08-30 12:00,2026-08-30 16:00,ppc_ru_OVB_sr_gen_a-all_exp-diff-login,OVB,ON,1
2026-08-30,2026-08-30 12:00,2026-08-30 16:00,ppc_ru_SVX_sr_dsa_a-all_exp-diff-login,ural,OFF,0
2026-08-30,2026-08-30 12:00,2026-08-30 16:00,ppc_ru_SVX_sr_gen_a-all_exp-diff-login,ural,OFF,0
2026-08-30,2026-08-30 12:00,2026-08-30 16:00,ppc_ru_TJM_sr_dsa_a-all_exp-diff-login,ural,OFF,0
2026-08-30,2026-08-30 12:00,2026-08-30 16:00,ppc_ru_TJM_sr_gen_a-all_exp-diff-login,ural,OFF,0
2026-08-30,2026-08-30 12:00,2026-08-30 16:00,ppc_ru_UFA_sr_dsa_a-all_exp-diff-login,UFA,OFF,0
2026-08-30,2026-08-30 12:00,2026-08-30 16:00,ppc_ru_UFA_sr_gen_a-all_exp-diff-login,UFA,OFF,0
2026-08-30,2026-08-30 12:00,2026-08-30 16:00,ppc_ru_centr_sr_dsa_a-all_exp-diff-login,centr,ON,1
2026-08-30,2026-08-30 12:00,2026-08-30 16:00,ppc_ru_centr_sr_gen_a-all_exp-diff-login,centr,ON,1
2026-08-30,2026-08-30 12:00,2026-08-30 16:00,ppc_ru_sibir_sr_dsa_a-all_exp-diff-login,sibir,ON,1
2026-08-30,2026-08-30 12:00,2026-08-30 16:00,ppc_ru_sibir_sr_gen_a-all_exp-diff-login,sibir,ON,1
2026-08-30,2026-08-30 12:00,2026-08-30 16:00,ppc_ru_ural_sr_dsa_a-all_exp-diff-login,ural,OFF,0
2026-08-30,2026-08-30 12:00,2026-08-30 16:00,ppc_ru_ural_sr_gen_a-all_exp-diff-login,ural,OFF,0
2026-08-30,2026-08-30 12:00,2026-08-30 16:00,ppc_ru_ural_sr_s-auto_a-all_exp-diff-login,ural,OFF,0
2026-08-30,2026-08-30 16:00,2026-08-30 20:00,ppc_ru_IKT_sr_gen_a-all_exp-diff-login,sibir,ON,1
2026-08-30,2026-08-30 16:00,2026-08-30 20:00,ppc_ru_KJA_sr_dsa_a-all_exp-diff-login,KJA,ON,1
2026-08-30,2026-08-30 16:00,2026-08-30 20:00,ppc_ru_KJA_sr_gen_a-all_exp-diff-login,KJA,ON,1
2026-08-30,2026-08-30 16:00,2026-08-30 20:00,ppc_ru_KRR_sr_dsa_a-all_exp-diff-login,KRR,ON,1
2026-08-30,2026-08-30 16:00,2026-08-30 20:00,ppc_ru_KRR_sr_gen_a-all_exp-diff-login,KRR,ON,1
2026-08-30,2026-08-30 16:00,2026-08-30 20:00,ppc_ru_KRR_sr_s-auto_a-all_exp-diff-login,KRR,ON,1
2026-08-30,2026-08-30 16:00,2026-08-30 20:00,ppc_ru_KVKZ_sr_gen_a-all_exp-diff-login,KVKZ,OFF,0
2026-08-30,2026-08-30 16:00,2026-08-30 20:00,ppc_ru_KVKZ_sr_s-auto_a-all_exp-diff-login,KVKZ,OFF,0
2026-08-30,2026-08-30 16:00,2026-08-30 20:00,ppc_ru_KZN_sr_gen_a-all_exp-diff-login,KZN,OFF,0
2026-08-30,2026-08-30 16:00,2026-08-30 20:00,ppc_ru_KZN_sr_s-auto_a-all_exp-diff-login,KZN,OFF,0
2026-08-30,2026-08-30 16:00,2026-08-30 20:00,ppc_ru_LED_sr_dsa_a-all_exp-diff-login,LED,OFF,0
2026-08-30,2026-08-30 16:00,2026-08-30 20:00,ppc_ru_LED_sr_gen_a-all_exp-diff-login,LED,OFF,0
2026-08-30,2026-08-30 16:00,2026-08-30 20:00,ppc_ru_LED_sr_s-auto_a-all_exp-diff-login,LED,OFF,0
2026-08-30,2026-08-30 16:00,2026-08-30 20:00,ppc_ru_MOW_sr_dsa_a-all_exp-diff-login,MOW,ON,1
2026-08-30,2026-08-30 16:00,2026-08-30 20:00,ppc_ru_MOW_sr_gen_a-all_exp-diff-login,MOW,ON,1
2026-08-30,2026-08-30 16:00,2026-08-30 20:00,ppc_ru_MOW_sr_s-auto_a-all_exp-diff-login,MOW,ON,1
2026-08-30,2026-08-30 16:00,2026-08-30 20:00,ppc_ru_MOW_sr_s-auto_a-all_exp-diff-login_exp_travel-aud,MOW,ON,1
2026-08-30,2026-08-30 16:00,2026-08-30 20:00,ppc_ru_OVB_sr_dsa_a-all_exp-diff-login,OVB,ON,1
2026-08-30,2026-08-30 16:00,2026-08-30 20:00,ppc_ru_OVB_sr_gen_a-all_exp-diff-login,OVB,ON,1
2026-08-30,2026-08-30 16:00,2026-08-30 20:00,ppc_ru_SVX_sr_dsa_a-all_exp-diff-login,ural,ON,1
2026-08-30,2026-08-30 16:00,2026-08-30 20:00,ppc_ru_SVX_sr_gen_a-all_exp-diff-login,ural,ON,1
2026-08-30,2026-08-30 16:00,2026-08-30 20:00,ppc_ru_TJM_sr_dsa_a-all_exp-diff-login,ural,ON,1
2026-08-30,2026-08-30 16:00,2026-08-30 20:00,ppc_ru_TJM_sr_gen_a-all_exp-diff-login,ural,ON,1
2026-08-30,2026-08-30 16:00,2026-08-30 20:00,ppc_ru_UFA_sr_dsa_a-all_exp-diff-login,UFA,ON,1
2026-08-30,2026-08-30 16:00,2026-08-30 20:00,ppc_ru_UFA_sr_gen_a-all_exp-diff-login,UFA,ON,1
2026-08-30,2026-08-30 16:00,2026-08-30 20:00,ppc_ru_centr_sr_dsa_a-all_exp-diff-login,centr,ON,1
2026-08-30,2026-08-30 16:00,2026-08-30 20:00,ppc_ru_centr_sr_gen_a-all_exp-diff-login,centr,ON,1
2026-08-30,2026-08-30 16:00,2026-08-30 20:00,ppc_ru_sibir_sr_dsa_a-all_exp-diff-login,sibir,ON,1
2026-08-30,2026-08-30 16:00,2026-08-30 20:00,ppc_ru_sibir_sr_gen_a-all_exp-diff-login,sibir,ON,1
2026-08-30,2026-08-30 16:00,2026-08-30 20:00,ppc_ru_ural_sr_dsa_a-all_exp-diff-login,ural,ON,1
2026-08-30,2026-08-30 16:00,2026-08-30 20:00,ppc_ru_ural_sr_gen_a-all_exp-diff-login,ural,ON,1
2026-08-30,2026-08-30 16:00,2026-08-30 20:00,ppc_ru_ural_sr_s-auto_a-all_exp-diff-login,ural,ON,1
2026-08-30,2026-08-30 20:00,2026-08-31 00:00,ppc_ru_IKT_sr_gen_a-all_exp-diff-login,sibir,OFF,0
2026-08-30,2026-08-30 20:00,2026-08-31 00:00,ppc_ru_KJA_sr_dsa_a-all_exp-diff-login,KJA,OFF,0
2026-08-30,2026-08-30 20:00,2026-08-31 00:00,ppc_ru_KJA_sr_gen_a-all_exp-diff-login,KJA,OFF,0
2026-08-30,2026-08-30 20:00,2026-08-31 00:00,ppc_ru_KRR_sr_dsa_a-all_exp-diff-login,KRR,OFF,0
2026-08-30,2026-08-30 20:00,2026-08-31 00:00,ppc_ru_KRR_sr_gen_a-all_exp-diff-login,KRR,OFF,0
2026-08-30,2026-08-30 20:00,2026-08-31 00:00,ppc_ru_KRR_sr_s-auto_a-all_exp-diff-login,KRR,OFF,0
2026-08-30,2026-08-30 20:00,2026-08-31 00:00,ppc_ru_KVKZ_sr_gen_a-all_exp-diff-login,KVKZ,ON,1
2026-08-30,2026-08-30 20:00,2026-08-31 00:00,ppc_ru_KVKZ_sr_s-auto_a-all_exp-diff-login,KVKZ,ON,1
2026-08-30,2026-08-30 20:00,2026-08-31 00:00,ppc_ru_KZN_sr_gen_a-all_exp-diff-login,KZN,ON,1
2026-08-30,2026-08-30 20:00,2026-08-31 00:00,ppc_ru_KZN_sr_s-auto_a-all_exp-diff-login,KZN,ON,1
2026-08-30,2026-08-30 20:00,2026-08-31 00:00,ppc_ru_LED_sr_dsa_a-all_exp-diff-login,LED,ON,1
2026-08-30,2026-08-30 20:00,2026-08-31 00:00,ppc_ru_LED_sr_gen_a-all_exp-diff-login,LED,ON,1
2026-08-30,2026-08-30 20:00,2026-08-31 00:00,ppc_ru_LED_sr_s-auto_a-all_exp-diff-login,LED,ON,1
2026-08-30,2026-08-30 20:00,2026-08-31 00:00,ppc_ru_MOW_sr_dsa_a-all_exp-diff-login,MOW,OFF,0
2026-08-30,2026-08-30 20:00,2026-08-31 00:00,ppc_ru_MOW_sr_gen_a-all_exp-diff-login,MOW,OFF,0
2026-08-30,2026-08-30 20:00,2026-08-31 00:00,ppc_ru_MOW_sr_s-auto_a-all_exp-diff-login,MOW,OFF,0
2026-08-30,2026-08-30 20:00,2026-08-31 00:00,ppc_ru_MOW_sr_s-auto_a-all_exp-diff-login_exp_travel-aud,MOW,OFF,0
2026-08-30,2026-08-30 20:00,2026-08-31 00:00,ppc_ru_OVB_sr_dsa_a-all_exp-diff-login,OVB,OFF,0
2026-08-30,2026-08-30 20:00,2026-08-31 00:00,ppc_ru_OVB_sr_gen_a-all_exp-diff-login,OVB,OFF,0
2026-08-30,2026-08-30 20:00,2026-08-31 00:00,ppc_ru_SVX_sr_dsa_a-all_exp-diff-login,ural,OFF,0
2026-08-30,2026-08-30 20:00,2026-08-31 00:00,ppc_ru_SVX_sr_gen_a-all_exp-diff-login,ural,OFF,0
2026-08-30,2026-08-30 20:00,2026-08-31 00:00,ppc_ru_TJM_sr_dsa_a-all_exp-diff-login,ural,OFF,0
2026-08-30,2026-08-30 20:00,2026-08-31 00:00,ppc_ru_TJM_sr_gen_a-all_exp-diff-login,ural,OFF,0
2026-08-30,2026-08-30 20:00,2026-08-31 00:00,ppc_ru_UFA_sr_dsa_a-all_exp-diff-login,UFA,OFF,0
2026-08-30,2026-08-30 20:00,2026-08-31 00:00,ppc_ru_UFA_sr_gen_a-all_exp-diff-login,UFA,OFF,0
2026-08-30,2026-08-30 20:00,2026-08-31 00:00,ppc_ru_centr_sr_dsa_a-all_exp-diff-login,centr,OFF,0
2026-08-30,2026-08-30 20:00,2026-08-31 00:00,ppc_ru_centr_sr_gen_a-all_exp-diff-login,centr,OFF,0
2026-08-30,2026-08-30 20:00,2026-08-31 00:00,ppc_ru_sibir_sr_dsa_a-all_exp-diff-login,sibir,OFF,0
2026-08-30,2026-08-30 20:00,2026-08-31 00:00,ppc_ru_sibir_sr_gen_a-all_exp-diff-login,sibir,OFF,0
2026-08-30,2026-08-30 20:00,2026-08-31 00:00,ppc_ru_ural_sr_dsa_a-all_exp-diff-login,ural,OFF,0
2026-08-30,2026-08-30 20:00,2026-08-31 00:00,ppc_ru_ural_sr_gen_a-all_exp-diff-login,ural,OFF,0
2026-08-30,2026-08-30 20:00,2026-08-31 00:00,ppc_ru_ural_sr_s-auto_a-all_exp-diff-login,ural,OFF,0
2026-08-31,2026-08-31 00:00,2026-08-31 04:00,ppc_ru_IKT_sr_gen_a-all_exp-diff-login,sibir,ON,1
2026-08-31,2026-08-31 00:00,2026-08-31 04:00,ppc_ru_KJA_sr_dsa_a-all_exp-diff-login,KJA,ON,1
2026-08-31,2026-08-31 00:00,2026-08-31 04:00,ppc_ru_KJA_sr_gen_a-all_exp-diff-login,KJA,ON,1
2026-08-31,2026-08-31 00:00,2026-08-31 04:00,ppc_ru_KRR_sr_dsa_a-all_exp-diff-login,KRR,ON,1
2026-08-31,2026-08-31 00:00,2026-08-31 04:00,ppc_ru_KRR_sr_gen_a-all_exp-diff-login,KRR,ON,1
2026-08-31,2026-08-31 00:00,2026-08-31 04:00,ppc_ru_KRR_sr_s-auto_a-all_exp-diff-login,KRR,ON,1
2026-08-31,2026-08-31 00:00,2026-08-31 04:00,ppc_ru_KVKZ_sr_gen_a-all_exp-diff-login,KVKZ,OFF,0
2026-08-31,2026-08-31 00:00,2026-08-31 04:00,ppc_ru_KVKZ_sr_s-auto_a-all_exp-diff-login,KVKZ,OFF,0
2026-08-31,2026-08-31 00:00,2026-08-31 04:00,ppc_ru_KZN_sr_gen_a-all_exp-diff-login,KZN,ON,1
2026-08-31,2026-08-31 00:00,2026-08-31 04:00,ppc_ru_KZN_sr_s-auto_a-all_exp-diff-login,KZN,ON,1
2026-08-31,2026-08-31 00:00,2026-08-31 04:00,ppc_ru_LED_sr_dsa_a-all_exp-diff-login,LED,OFF,0
2026-08-31,2026-08-31 00:00,2026-08-31 04:00,ppc_ru_LED_sr_gen_a-all_exp-diff-login,LED,OFF,0
2026-08-31,2026-08-31 00:00,2026-08-31 04:00,ppc_ru_LED_sr_s-auto_a-all_exp-diff-login,LED,OFF,0
2026-08-31,2026-08-31 00:00,2026-08-31 04:00,ppc_ru_MOW_sr_dsa_a-all_exp-diff-login,MOW,ON,1
2026-08-31,2026-08-31 00:00,2026-08-31 04:00,ppc_ru_MOW_sr_gen_a-all_exp-diff-login,MOW,ON,1
2026-08-31,2026-08-31 00:00,2026-08-31 04:00,ppc_ru_MOW_sr_s-auto_a-all_exp-diff-login,MOW,ON,1
2026-08-31,2026-08-31 00:00,2026-08-31 04:00,ppc_ru_MOW_sr_s-auto_a-all_exp-diff-login_exp_travel-aud,MOW,ON,1
2026-08-31,2026-08-31 00:00,2026-08-31 04:00,ppc_ru_OVB_sr_dsa_a-all_exp-diff-login,OVB,ON,1
2026-08-31,2026-08-31 00:00,2026-08-31 04:00,ppc_ru_OVB_sr_gen_a-all_exp-diff-login,OVB,ON,1
2026-08-31,2026-08-31 00:00,2026-08-31 04:00,ppc_ru_SVX_sr_dsa_a-all_exp-diff-login,ural,OFF,0
2026-08-31,2026-08-31 00:00,2026-08-31 04:00,ppc_ru_SVX_sr_gen_a-all_exp-diff-login,ural,OFF,0
2026-08-31,2026-08-31 00:00,2026-08-31 04:00,ppc_ru_TJM_sr_dsa_a-all_exp-diff-login,ural,OFF,0
2026-08-31,2026-08-31 00:00,2026-08-31 04:00,ppc_ru_TJM_sr_gen_a-all_exp-diff-login,ural,OFF,0
2026-08-31,2026-08-31 00:00,2026-08-31 04:00,ppc_ru_UFA_sr_dsa_a-all_exp-diff-login,UFA,OFF,0
2026-08-31,2026-08-31 00:00,2026-08-31 04:00,ppc_ru_UFA_sr_gen_a-all_exp-diff-login,UFA,OFF,0
2026-08-31,2026-08-31 00:00,2026-08-31 04:00,ppc_ru_centr_sr_dsa_a-all_exp-diff-login,centr,OFF,0
2026-08-31,2026-08-31 00:00,2026-08-31 04:00,ppc_ru_centr_sr_gen_a-all_exp-diff-login,centr,OFF,0
2026-08-31,2026-08-31 00:00,2026-08-31 04:00,ppc_ru_sibir_sr_dsa_a-all_exp-diff-login,sibir,ON,1
2026-08-31,2026-08-31 00:00,2026-08-31 04:00,ppc_ru_sibir_sr_gen_a-all_exp-diff-login,sibir,ON,1
2026-08-31,2026-08-31 00:00,2026-08-31 04:00,ppc_ru_ural_sr_dsa_a-all_exp-diff-login,ural,OFF,0
2026-08-31,2026-08-31 00:00,2026-08-31 04:00,ppc_ru_ural_sr_gen_a-all_exp-diff-login,ural,OFF,0
2026-08-31,2026-08-31 00:00,2026-08-31 04:00,ppc_ru_ural_sr_s-auto_a-all_exp-diff-login,ural,OFF,0
2026-08-31,2026-08-31 04:00,2026-08-31 08:00,ppc_ru_IKT_sr_gen_a-all_exp-diff-login,sibir,OFF,0
2026-08-31,2026-08-31 04:00,2026-08-31 08:00,ppc_ru_KJA_sr_dsa_a-all_exp-diff-login,KJA,ON,1
2026-08-31,2026-08-31 04:00,2026-08-31 08:00,ppc_ru_KJA_sr_gen_a-all_exp-diff-login,KJA,ON,1
2026-08-31,2026-08-31 04:00,2026-08-31 08:00,ppc_ru_KRR_sr_dsa_a-all_exp-diff-login,KRR,OFF,0
2026-08-31,2026-08-31 04:00,2026-08-31 08:00,ppc_ru_KRR_sr_gen_a-all_exp-diff-login,KRR,OFF,0
2026-08-31,2026-08-31 04:00,2026-08-31 08:00,ppc_ru_KRR_sr_s-auto_a-all_exp-diff-login,KRR,OFF,0
2026-08-31,2026-08-31 04:00,2026-08-31 08:00,ppc_ru_KVKZ_sr_gen_a-all_exp-diff-login,KVKZ,ON,1
2026-08-31,2026-08-31 04:00,2026-08-31 08:00,ppc_ru_KVKZ_sr_s-auto_a-all_exp-diff-login,KVKZ,ON,1
2026-08-31,2026-08-31 04:00,2026-08-31 08:00,ppc_ru_KZN_sr_gen_a-all_exp-diff-login,KZN,ON,1
2026-08-31,2026-08-31 04:00,2026-08-31 08:00,ppc_ru_KZN_sr_s-auto_a-all_exp-diff-login,KZN,ON,1
2026-08-31,2026-08-31 04:00,2026-08-31 08:00,ppc_ru_LED_sr_dsa_a-all_exp-diff-login,LED,OFF,0
2026-08-31,2026-08-31 04:00,2026-08-31 08:00,ppc_ru_LED_sr_gen_a-all_exp-diff-login,LED,OFF,0
2026-08-31,2026-08-31 04:00,2026-08-31 08:00,ppc_ru_LED_sr_s-auto_a-all_exp-diff-login,LED,OFF,0
2026-08-31,2026-08-31 04:00,2026-08-31 08:00,ppc_ru_MOW_sr_dsa_a-all_exp-diff-login,MOW,ON,1
2026-08-31,2026-08-31 04:00,2026-08-31 08:00,ppc_ru_MOW_sr_gen_a-all_exp-diff-login,MOW,ON,1
2026-08-31,2026-08-31 04:00,2026-08-31 08:00,ppc_ru_MOW_sr_s-auto_a-all_exp-diff-login,MOW,ON,1
2026-08-31,2026-08-31 04:00,2026-08-31 08:00,ppc_ru_MOW_sr_s-auto_a-all_exp-diff-login_exp_travel-aud,MOW,ON,1
2026-08-31,2026-08-31 04:00,2026-08-31 08:00,ppc_ru_OVB_sr_dsa_a-all_exp-diff-login,OVB,ON,1
2026-08-31,2026-08-31 04:00,2026-08-31 08:00,ppc_ru_OVB_sr_gen_a-all_exp-diff-login,OVB,ON,1
2026-08-31,2026-08-31 04:00,2026-08-31 08:00,ppc_ru_SVX_sr_dsa_a-all_exp-diff-login,ural,ON,1
2026-08-31,2026-08-31 04:00,2026-08-31 08:00,ppc_ru_SVX_sr_gen_a-all_exp-diff-login,ural,ON,1
2026-08-31,2026-08-31 04:00,2026-08-31 08:00,ppc_ru_TJM_sr_dsa_a-all_exp-diff-login,ural,ON,1
2026-08-31,2026-08-31 04:00,2026-08-31 08:00,ppc_ru_TJM_sr_gen_a-all_exp-diff-login,ural,ON,1
2026-08-31,2026-08-31 04:00,2026-08-31 08:00,ppc_ru_UFA_sr_dsa_a-all_exp-diff-login,UFA,ON,1
2026-08-31,2026-08-31 04:00,2026-08-31 08:00,ppc_ru_UFA_sr_gen_a-all_exp-diff-login,UFA,ON,1
2026-08-31,2026-08-31 04:00,2026-08-31 08:00,ppc_ru_centr_sr_dsa_a-all_exp-diff-login,centr,ON,1
2026-08-31,2026-08-31 04:00,2026-08-31 08:00,ppc_ru_centr_sr_gen_a-all_exp-diff-login,centr,ON,1
2026-08-31,2026-08-31 04:00,2026-08-31 08:00,ppc_ru_sibir_sr_dsa_a-all_exp-diff-login,sibir,OFF,0
2026-08-31,2026-08-31 04:00,2026-08-31 08:00,ppc_ru_sibir_sr_gen_a-all_exp-diff-login,sibir,OFF,0
2026-08-31,2026-08-31 04:00,2026-08-31 08:00,ppc_ru_ural_sr_dsa_a-all_exp-diff-login,ural,ON,1
2026-08-31,2026-08-31 04:00,2026-08-31 08:00,ppc_ru_ural_sr_gen_a-all_exp-diff-login,ural,ON,1
2026-08-31,2026-08-31 04:00,2026-08-31 08:00,ppc_ru_ural_sr_s-auto_a-all_exp-diff-login,ural,ON,1
2026-08-31,2026-08-31 08:00,2026-08-31 12:00,ppc_ru_IKT_sr_gen_a-all_exp-diff-login,sibir,ON,1
2026-08-31,2026-08-31 08:00,2026-08-31 12:00,ppc_ru_KJA_sr_dsa_a-all_exp-diff-login,KJA,OFF,0
2026-08-31,2026-08-31 08:00,2026-08-31 12:00,ppc_ru_KJA_sr_gen_a-all_exp-diff-login,KJA,OFF,0
2026-08-31,2026-08-31 08:00,2026-08-31 12:00,ppc_ru_KRR_sr_dsa_a-all_exp-diff-login,KRR,ON,1
2026-08-31,2026-08-31 08:00,2026-08-31 12:00,ppc_ru_KRR_sr_gen_a-all_exp-diff-login,KRR,ON,1
2026-08-31,2026-08-31 08:00,2026-08-31 12:00,ppc_ru_KRR_sr_s-auto_a-all_exp-diff-login,KRR,ON,1
2026-08-31,2026-08-31 08:00,2026-08-31 12:00,ppc_ru_KVKZ_sr_gen_a-all_exp-diff-login,KVKZ,OFF,0
2026-08-31,2026-08-31 08:00,2026-08-31 12:00,ppc_ru_KVKZ_sr_s-auto_a-all_exp-diff-login,KVKZ,OFF,0
2026-08-31,2026-08-31 08:00,2026-08-31 12:00,ppc_ru_KZN_sr_gen_a-all_exp-diff-login,KZN,OFF,0
2026-08-31,2026-08-31 08:00,2026-08-31 12:00,ppc_ru_KZN_sr_s-auto_a-all_exp-diff-login,KZN,OFF,0
2026-08-31,2026-08-31 08:00,2026-08-31 12:00,ppc_ru_LED_sr_dsa_a-all_exp-diff-login,LED,ON,1
2026-08-31,2026-08-31 08:00,2026-08-31 12:00,ppc_ru_LED_sr_gen_a-all_exp-diff-login,LED,ON,1
2026-08-31,2026-08-31 08:00,2026-08-31 12:00,ppc_ru_LED_sr_s-auto_a-all_exp-diff-login,LED,ON,1
2026-08-31,2026-08-31 08:00,2026-08-31 12:00,ppc_ru_MOW_sr_dsa_a-all_exp-diff-login,MOW,OFF,0
2026-08-31,2026-08-31 08:00,2026-08-31 12:00,ppc_ru_MOW_sr_gen_a-all_exp-diff-login,MOW,OFF,0
2026-08-31,2026-08-31 08:00,2026-08-31 12:00,ppc_ru_MOW_sr_s-auto_a-all_exp-diff-login,MOW,OFF,0
2026-08-31,2026-08-31 08:00,2026-08-31 12:00,ppc_ru_MOW_sr_s-auto_a-all_exp-diff-login_exp_travel-aud,MOW,OFF,0
2026-08-31,2026-08-31 08:00,2026-08-31 12:00,ppc_ru_OVB_sr_dsa_a-all_exp-diff-login,OVB,OFF,0
2026-08-31,2026-08-31 08:00,2026-08-31 12:00,ppc_ru_OVB_sr_gen_a-all_exp-diff-login,OVB,OFF,0
2026-08-31,2026-08-31 08:00,2026-08-31 12:00,ppc_ru_SVX_sr_dsa_a-all_exp-diff-login,ural,ON,1
2026-08-31,2026-08-31 08:00,2026-08-31 12:00,ppc_ru_SVX_sr_gen_a-all_exp-diff-login,ural,ON,1
2026-08-31,2026-08-31 08:00,2026-08-31 12:00,ppc_ru_TJM_sr_dsa_a-all_exp-diff-login,ural,ON,1
2026-08-31,2026-08-31 08:00,2026-08-31 12:00,ppc_ru_TJM_sr_gen_a-all_exp-diff-login,ural,ON,1
2026-08-31,2026-08-31 08:00,2026-08-31 12:00,ppc_ru_UFA_sr_dsa_a-all_exp-diff-login,UFA,ON,1
2026-08-31,2026-08-31 08:00,2026-08-31 12:00,ppc_ru_UFA_sr_gen_a-all_exp-diff-login,UFA,ON,1
2026-08-31,2026-08-31 08:00,2026-08-31 12:00,ppc_ru_centr_sr_dsa_a-all_exp-diff-login,centr,ON,1
2026-08-31,2026-08-31 08:00,2026-08-31 12:00,ppc_ru_centr_sr_gen_a-all_exp-diff-login,centr,ON,1
2026-08-31,2026-08-31 08:00,2026-08-31 12:00,ppc_ru_sibir_sr_dsa_a-all_exp-diff-login,sibir,ON,1
2026-08-31,2026-08-31 08:00,2026-08-31 12:00,ppc_ru_sibir_sr_gen_a-all_exp-diff-login,sibir,ON,1
2026-08-31,2026-08-31 08:00,2026-08-31 12:00,ppc_ru_ural_sr_dsa_a-all_exp-diff-login,ural,ON,1
2026-08-31,2026-08-31 08:00,2026-08-31 12:00,ppc_ru_ural_sr_gen_a-all_exp-diff-login,ural,ON,1
2026-08-31,2026-08-31 08:00,2026-08-31 12:00,ppc_ru_ural_sr_s-auto_a-all_exp-diff-login,ural,ON,1
2026-08-31,2026-08-31 12:00,2026-08-31 16:00,ppc_ru_IKT_sr_gen_a-all_exp-diff-login,sibir,OFF,0
2026-08-31,2026-08-31 12:00,2026-08-31 16:00,ppc_ru_KJA_sr_dsa_a-all_exp-diff-login,KJA,OFF,0
2026-08-31,2026-08-31 12:00,2026-08-31 16:00,ppc_ru_KJA_sr_gen_a-all_exp-diff-login,KJA,OFF,0
2026-08-31,2026-08-31 12:00,2026-08-31 16:00,ppc_ru_KRR_sr_dsa_a-all_exp-diff-login,KRR,ON,1
2026-08-31,2026-08-31 12:00,2026-08-31 16:00,ppc_ru_KRR_sr_gen_a-all_exp-diff-login,KRR,ON,1
2026-08-31,2026-08-31 12:00,2026-08-31 16:00,ppc_ru_KRR_sr_s-auto_a-all_exp-diff-login,KRR,ON,1
2026-08-31,2026-08-31 12:00,2026-08-31 16:00,ppc_ru_KVKZ_sr_gen_a-all_exp-diff-login,KVKZ,OFF,0
2026-08-31,2026-08-31 12:00,2026-08-31 16:00,ppc_ru_KVKZ_sr_s-auto_a-all_exp-diff-login,KVKZ,OFF,0
2026-08-31,2026-08-31 12:00,2026-08-31 16:00,ppc_ru_KZN_sr_gen_a-all_exp-diff-login,KZN,ON,1
2026-08-31,2026-08-31 12:00,2026-08-31 16:00,ppc_ru_KZN_sr_s-auto_a-all_exp-diff-login,KZN,ON,1
2026-08-31,2026-08-31 12:00,2026-08-31 16:00,ppc_ru_LED_sr_dsa_a-all_exp-diff-login,LED,ON,1
2026-08-31,2026-08-31 12:00,2026-08-31 16:00,ppc_ru_LED_sr_gen_a-all_exp-diff-login,LED,ON,1
2026-08-31,2026-08-31 12:00,2026-08-31 16:00,ppc_ru_LED_sr_s-auto_a-all_exp-diff-login,LED,ON,1
2026-08-31,2026-08-31 12:00,2026-08-31 16:00,ppc_ru_MOW_sr_dsa_a-all_exp-diff-login,MOW,OFF,0
2026-08-31,2026-08-31 12:00,2026-08-31 16:00,ppc_ru_MOW_sr_gen_a-all_exp-diff-login,MOW,OFF,0
2026-08-31,2026-08-31 12:00,2026-08-31 16:00,ppc_ru_MOW_sr_s-auto_a-all_exp-diff-login,MOW,OFF,0
2026-08-31,2026-08-31 12:00,2026-08-31 16:00,ppc_ru_MOW_sr_s-auto_a-all_exp-diff-login_exp_travel-aud,MOW,OFF,0
2026-08-31,2026-08-31 12:00,2026-08-31 16:00,ppc_ru_OVB_sr_dsa_a-all_exp-diff-login,OVB,ON,1
2026-08-31,2026-08-31 12:00,2026-08-31 16:00,ppc_ru_OVB_sr_gen_a-all_exp-diff-login,OVB,ON,1
2026-08-31,2026-08-31 12:00,2026-08-31 16:00,ppc_ru_SVX_sr_dsa_a-all_exp-diff-login,ural,OFF,0
2026-08-31,2026-08-31 12:00,2026-08-31 16:00,ppc_ru_SVX_sr_gen_a-all_exp-diff-login,ural,OFF,0
2026-08-31,2026-08-31 12:00,2026-08-31 16:00,ppc_ru_TJM_sr_dsa_a-all_exp-diff-login,ural,OFF,0
2026-08-31,2026-08-31 12:00,2026-08-31 16:00,ppc_ru_TJM_sr_gen_a-all_exp-diff-login,ural,OFF,0
2026-08-31,2026-08-31 12:00,2026-08-31 16:00,ppc_ru_UFA_sr_dsa_a-all_exp-diff-login,UFA,ON,1
2026-08-31,2026-08-31 12:00,2026-08-31 16:00,ppc_ru_UFA_sr_gen_a-all_exp-diff-login,UFA,ON,1
2026-08-31,2026-08-31 12:00,2026-08-31 16:00,ppc_ru_centr_sr_dsa_a-all_exp-diff-login,centr,OFF,0
2026-08-31,2026-08-31 12:00,2026-08-31 16:00,ppc_ru_centr_sr_gen_a-all_exp-diff-login,centr,OFF,0
2026-08-31,2026-08-31 12:00,2026-08-31 16:00,ppc_ru_sibir_sr_dsa_a-all_exp-diff-login,sibir,OFF,0
2026-08-31,2026-08-31 12:00,2026-08-31 16:00,ppc_ru_sibir_sr_gen_a-all_exp-diff-login,sibir,OFF,0
2026-08-31,2026-08-31 12:00,2026-08-31 16:00,ppc_ru_ural_sr_dsa_a-all_exp-diff-login,ural,OFF,0
2026-08-31,2026-08-31 12:00,2026-08-31 16:00,ppc_ru_ural_sr_gen_a-all_exp-diff-login,ural,OFF,0
2026-08-31,2026-08-31 12:00,2026-08-31 16:00,ppc_ru_ural_sr_s-auto_a-all_exp-diff-login,ural,OFF,0
2026-08-31,2026-08-31 16:00,2026-08-31 20:00,ppc_ru_IKT_sr_gen_a-all_exp-diff-login,sibir,ON,1
2026-08-31,2026-08-31 16:00,2026-08-31 20:00,ppc_ru_KJA_sr_dsa_a-all_exp-diff-login,KJA,OFF,0
2026-08-31,2026-08-31 16:00,2026-08-31 20:00,ppc_ru_KJA_sr_gen_a-all_exp-diff-login,KJA,OFF,0
2026-08-31,2026-08-31 16:00,2026-08-31 20:00,ppc_ru_KRR_sr_dsa_a-all_exp-diff-login,KRR,OFF,0
2026-08-31,2026-08-31 16:00,2026-08-31 20:00,ppc_ru_KRR_sr_gen_a-all_exp-diff-login,KRR,OFF,0
2026-08-31,2026-08-31 16:00,2026-08-31 20:00,ppc_ru_KRR_sr_s-auto_a-all_exp-diff-login,KRR,OFF,0
2026-08-31,2026-08-31 16:00,2026-08-31 20:00,ppc_ru_KVKZ_sr_gen_a-all_exp-diff-login,KVKZ,ON,1
2026-08-31,2026-08-31 16:00,2026-08-31 20:00,ppc_ru_KVKZ_sr_s-auto_a-all_exp-diff-login,KVKZ,ON,1
2026-08-31,2026-08-31 16:00,2026-08-31 20:00,ppc_ru_KZN_sr_gen_a-all_exp-diff-login,KZN,OFF,0
2026-08-31,2026-08-31 16:00,2026-08-31 20:00,ppc_ru_KZN_sr_s-auto_a-all_exp-diff-login,KZN,OFF,0
2026-08-31,2026-08-31 16:00,2026-08-31 20:00,ppc_ru_LED_sr_dsa_a-all_exp-diff-login,LED,ON,1
2026-08-31,2026-08-31 16:00,2026-08-31 20:00,ppc_ru_LED_sr_gen_a-all_exp-diff-login,LED,ON,1
2026-08-31,2026-08-31 16:00,2026-08-31 20:00,ppc_ru_LED_sr_s-auto_a-all_exp-diff-login,LED,ON,1
2026-08-31,2026-08-31 16:00,2026-08-31 20:00,ppc_ru_MOW_sr_dsa_a-all_exp-diff-login,MOW,OFF,0
2026-08-31,2026-08-31 16:00,2026-08-31 20:00,ppc_ru_MOW_sr_gen_a-all_exp-diff-login,MOW,OFF,0
2026-08-31,2026-08-31 16:00,2026-08-31 20:00,ppc_ru_MOW_sr_s-auto_a-all_exp-diff-login,MOW,OFF,0
2026-08-31,2026-08-31 16:00,2026-08-31 20:00,ppc_ru_MOW_sr_s-auto_a-all_exp-diff-login_exp_travel-aud,MOW,OFF,0
2026-08-31,2026-08-31 16:00,2026-08-31 20:00,ppc_ru_OVB_sr_dsa_a-all_exp-diff-login,OVB,OFF,0
2026-08-31,2026-08-31 16:00,2026-08-31 20:00,ppc_ru_OVB_sr_gen_a-all_exp-diff-login,OVB,OFF,0
2026-08-31,2026-08-31 16:00,2026-08-31 20:00,ppc_ru_SVX_sr_dsa_a-all_exp-diff-login,ural,ON,1
2026-08-31,2026-08-31 16:00,2026-08-31 20:00,ppc_ru_SVX_sr_gen_a-all_exp-diff-login,ural,ON,1
2026-08-31,2026-08-31 16:00,2026-08-31 20:00,ppc_ru_TJM_sr_dsa_a-all_exp-diff-login,ural,ON,1
2026-08-31,2026-08-31 16:00,2026-08-31 20:00,ppc_ru_TJM_sr_gen_a-all_exp-diff-login,ural,ON,1
2026-08-31,2026-08-31 16:00,2026-08-31 20:00,ppc_ru_UFA_sr_dsa_a-all_exp-diff-login,UFA,OFF,0
2026-08-31,2026-08-31 16:00,2026-08-31 20:00,ppc_ru_UFA_sr_gen_a-all_exp-diff-login,UFA,OFF,0
2026-08-31,2026-08-31 16:00,2026-08-31 20:00,ppc_ru_centr_sr_dsa_a-all_exp-diff-login,centr,ON,1
2026-08-31,2026-08-31 16:00,2026-08-31 20:00,ppc_ru_centr_sr_gen_a-all_exp-diff-login,centr,ON,1
2026-08-31,2026-08-31 16:00,2026-08-31 20:00,ppc_ru_sibir_sr_dsa_a-all_exp-diff-login,sibir,ON,1
2026-08-31,2026-08-31 16:00,2026-08-31 20:00,ppc_ru_sibir_sr_gen_a-all_exp-diff-login,sibir,ON,1
2026-08-31,2026-08-31 16:00,2026-08-31 20:00,ppc_ru_ural_sr_dsa_a-all_exp-diff-login,ural,ON,1
2026-08-31,2026-08-31 16:00,2026-08-31 20:00,ppc_ru_ural_sr_gen_a-all_exp-diff-login,ural,ON,1
2026-08-31,2026-08-31 16:00,2026-08-31 20:00,ppc_ru_ural_sr_s-auto_a-all_exp-diff-login,ural,ON,1
2026-08-31,2026-08-31 20:00,2026-09-01 00:00,ppc_ru_IKT_sr_gen_a-all_exp-diff-login,sibir,OFF,0
2026-08-31,2026-08-31 20:00,2026-09-01 00:00,ppc_ru_KJA_sr_dsa_a-all_exp-diff-login,KJA,ON,1
2026-08-31,2026-08-31 20:00,2026-09-01 00:00,ppc_ru_KJA_sr_gen_a-all_exp-diff-login,KJA,ON,1
2026-08-31,2026-08-31 20:00,2026-09-01 00:00,ppc_ru_KRR_sr_dsa_a-all_exp-diff-login,KRR,OFF,0
2026-08-31,2026-08-31 20:00,2026-09-01 00:00,ppc_ru_KRR_sr_gen_a-all_exp-diff-login,KRR,OFF,0
2026-08-31,2026-08-31 20:00,2026-09-01 00:00,ppc_ru_KRR_sr_s-auto_a-all_exp-diff-login,KRR,OFF,0
2026-08-31,2026-08-31 20:00,2026-09-01 00:00,ppc_ru_KVKZ_sr_gen_a-all_exp-diff-login,KVKZ,ON,1
2026-08-31,2026-08-31 20:00,2026-09-01 00:00,ppc_ru_KVKZ_sr_s-auto_a-all_exp-diff-login,KVKZ,ON,1
2026-08-31,2026-08-31 20:00,2026-09-01 00:00,ppc_ru_KZN_sr_gen_a-all_exp-diff-login,KZN,OFF,0
2026-08-31,2026-08-31 20:00,2026-09-01 00:00,ppc_ru_KZN_sr_s-auto_a-all_exp-diff-login,KZN,OFF,0
2026-08-31,2026-08-31 20:00,2026-09-01 00:00,ppc_ru_LED_sr_dsa_a-all_exp-diff-login,LED,OFF,0
2026-08-31,2026-08-31 20:00,2026-09-01 00:00,ppc_ru_LED_sr_gen_a-all_exp-diff-login,LED,OFF,0
2026-08-31,2026-08-31 20:00,2026-09-01 00:00,ppc_ru_LED_sr_s-auto_a-all_exp-diff-login,LED,OFF,0
2026-08-31,2026-08-31 20:00,2026-09-01 00:00,ppc_ru_MOW_sr_dsa_a-all_exp-diff-login,MOW,ON,1
2026-08-31,2026-08-31 20:00,2026-09-01 00:00,ppc_ru_MOW_sr_gen_a-all_exp-diff-login,MOW,ON,1
2026-08-31,2026-08-31 20:00,2026-09-01 00:00,ppc_ru_MOW_sr_s-auto_a-all_exp-diff-login,MOW,ON,1
2026-08-31,2026-08-31 20:00,2026-09-01 00:00,ppc_ru_MOW_sr_s-auto_a-all_exp-diff-login_exp_travel-aud,MOW,ON,1
2026-08-31,2026-08-31 20:00,2026-09-01 00:00,ppc_ru_OVB_sr_dsa_a-all_exp-diff-login,OVB,OFF,0
2026-08-31,2026-08-31 20:00,2026-09-01 00:00,ppc_ru_OVB_sr_gen_a-all_exp-diff-login,OVB,OFF,0
2026-08-31,2026-08-31 20:00,2026-09-01 00:00,ppc_ru_SVX_sr_dsa_a-all_exp-diff-login,ural,OFF,0
2026-08-31,2026-08-31 20:00,2026-09-01 00:00,ppc_ru_SVX_sr_gen_a-all_exp-diff-login,ural,OFF,0
2026-08-31,2026-08-31 20:00,2026-09-01 00:00,ppc_ru_TJM_sr_dsa_a-all_exp-diff-login,ural,OFF,0
2026-08-31,2026-08-31 20:00,2026-09-01 00:00,ppc_ru_TJM_sr_gen_a-all_exp-diff-login,ural,OFF,0
2026-08-31,2026-08-31 20:00,2026-09-01 00:00,ppc_ru_UFA_sr_dsa_a-all_exp-diff-login,UFA,OFF,0
2026-08-31,2026-08-31 20:00,2026-09-01 00:00,ppc_ru_UFA_sr_gen_a-all_exp-diff-login,UFA,OFF,0
2026-08-31,2026-08-31 20:00,2026-09-01 00:00,ppc_ru_centr_sr_dsa_a-all_exp-diff-login,centr,OFF,0
2026-08-31,2026-08-31 20:00,2026-09-01 00:00,ppc_ru_centr_sr_gen_a-all_exp-diff-login,centr,OFF,0
2026-08-31,2026-08-31 20:00,2026-09-01 00:00,ppc_ru_sibir_sr_dsa_a-all_exp-diff-login,sibir,OFF,0
2026-08-31,2026-08-31 20:00,2026-09-01 00:00,ppc_ru_sibir_sr_gen_a-all_exp-diff-login,sibir,OFF,0
2026-08-31,2026-08-31 20:00,2026-09-01 00:00,ppc_ru_ural_sr_dsa_a-all_exp-diff-login,ural,OFF,0
2026-08-31,2026-08-31 20:00,2026-09-01 00:00,ppc_ru_ural_sr_gen_a-all_exp-diff-login,ural,OFF,0
2026-08-31,2026-08-31 20:00,2026-09-01 00:00,ppc_ru_ural_sr_s-auto_a-all_exp-diff-login,ural,OFF,0
2026-09-01,2026-09-01 00:00,2026-09-01 04:00,ppc_ru_IKT_sr_gen_a-all_exp-diff-login,sibir,OFF,0
2026-09-01,2026-09-01 00:00,2026-09-01 04:00,ppc_ru_KJA_sr_dsa_a-all_exp-diff-login,KJA,ON,1
2026-09-01,2026-09-01 00:00,2026-09-01 04:00,ppc_ru_KJA_sr_gen_a-all_exp-diff-login,KJA,ON,1
2026-09-01,2026-09-01 00:00,2026-09-01 04:00,ppc_ru_KRR_sr_dsa_a-all_exp-diff-login,KRR,ON,1
2026-09-01,2026-09-01 00:00,2026-09-01 04:00,ppc_ru_KRR_sr_gen_a-all_exp-diff-login,KRR,ON,1
2026-09-01,2026-09-01 00:00,2026-09-01 04:00,ppc_ru_KRR_sr_s-auto_a-all_exp-diff-login,KRR,ON,1
2026-09-01,2026-09-01 00:00,2026-09-01 04:00,ppc_ru_KVKZ_sr_gen_a-all_exp-diff-login,KVKZ,ON,1
2026-09-01,2026-09-01 00:00,2026-09-01 04:00,ppc_ru_KVKZ_sr_s-auto_a-all_exp-diff-login,KVKZ,ON,1
2026-09-01,2026-09-01 00:00,2026-09-01 04:00,ppc_ru_KZN_sr_gen_a-all_exp-diff-login,KZN,ON,1
2026-09-01,2026-09-01 00:00,2026-09-01 04:00,ppc_ru_KZN_sr_s-auto_a-all_exp-diff-login,KZN,ON,1
2026-09-01,2026-09-01 00:00,2026-09-01 04:00,ppc_ru_LED_sr_dsa_a-all_exp-diff-login,LED,OFF,0
2026-09-01,2026-09-01 00:00,2026-09-01 04:00,ppc_ru_LED_sr_gen_a-all_exp-diff-login,LED,OFF,0
2026-09-01,2026-09-01 00:00,2026-09-01 04:00,ppc_ru_LED_sr_s-auto_a-all_exp-diff-login,LED,OFF,0
2026-09-01,2026-09-01 00:00,2026-09-01 04:00,ppc_ru_MOW_sr_dsa_a-all_exp-diff-login,MOW,ON,1
2026-09-01,2026-09-01 00:00,2026-09-01 04:00,ppc_ru_MOW_sr_gen_a-all_exp-diff-login,MOW,ON,1
2026-09-01,2026-09-01 00:00,2026-09-01 04:00,ppc_ru_MOW_sr_s-auto_a-all_exp-diff-login,MOW,ON,1
2026-09-01,2026-09-01 00:00,2026-09-01 04:00,ppc_ru_MOW_sr_s-auto_a-all_exp-diff-login_exp_travel-aud,MOW,ON,1
2026-09-01,2026-09-01 00:00,2026-09-01 04:00,ppc_ru_OVB_sr_dsa_a-all_exp-diff-login,OVB,ON,1
2026-09-01,2026-09-01 00:00,2026-09-01 04:00,ppc_ru_OVB_sr_gen_a-all_exp-diff-login,OVB,ON,1
2026-09-01,2026-09-01 00:00,2026-09-01 04:00,ppc_ru_SVX_sr_dsa_a-all_exp-diff-login,ural,OFF,0
2026-09-01,2026-09-01 00:00,2026-09-01 04:00,ppc_ru_SVX_sr_gen_a-all_exp-diff-login,ural,OFF,0
2026-09-01,2026-09-01 00:00,2026-09-01 04:00,ppc_ru_TJM_sr_dsa_a-all_exp-diff-login,ural,OFF,0
2026-09-01,2026-09-01 00:00,2026-09-01 04:00,ppc_ru_TJM_sr_gen_a-all_exp-diff-login,ural,OFF,0
2026-09-01,2026-09-01 00:00,2026-09-01 04:00,ppc_ru_UFA_sr_dsa_a-all_exp-diff-login,UFA,ON,1
2026-09-01,2026-09-01 00:00,2026-09-01 04:00,ppc_ru_UFA_sr_gen_a-all_exp-diff-login,UFA,ON,1
2026-09-01,2026-09-01 00:00,2026-09-01 04:00,ppc_ru_centr_sr_dsa_a-all_exp-diff-login,centr,OFF,0
2026-09-01,2026-09-01 00:00,2026-09-01 04:00,ppc_ru_centr_sr_gen_a-all_exp-diff-login,centr,OFF,0
2026-09-01,2026-09-01 00:00,2026-09-01 04:00,ppc_ru_sibir_sr_dsa_a-all_exp-diff-login,sibir,OFF,0
2026-09-01,2026-09-01 00:00,2026-09-01 04:00,ppc_ru_sibir_sr_gen_a-all_exp-diff-login,sibir,OFF,0
2026-09-01,2026-09-01 00:00,2026-09-01 04:00,ppc_ru_ural_sr_dsa_a-all_exp-diff-login,ural,OFF,0
2026-09-01,2026-09-01 00:00,2026-09-01 04:00,ppc_ru_ural_sr_gen_a-all_exp-diff-login,ural,OFF,0
2026-09-01,2026-09-01 00:00,2026-09-01 04:00,ppc_ru_ural_sr_s-auto_a-all_exp-diff-login,ural,OFF,0
2026-09-01,2026-09-01 04:00,2026-09-01 08:00,ppc_ru_IKT_sr_gen_a-all_exp-diff-login,sibir,OFF,0
2026-09-01,2026-09-01 04:00,2026-09-01 08:00,ppc_ru_KJA_sr_dsa_a-all_exp-diff-login,KJA,OFF,0
2026-09-01,2026-09-01 04:00,2026-09-01 08:00,ppc_ru_KJA_sr_gen_a-all_exp-diff-login,KJA,OFF,0
2026-09-01,2026-09-01 04:00,2026-09-01 08:00,ppc_ru_KRR_sr_dsa_a-all_exp-diff-login,KRR,ON,1
2026-09-01,2026-09-01 04:00,2026-09-01 08:00,ppc_ru_KRR_sr_gen_a-all_exp-diff-login,KRR,ON,1
2026-09-01,2026-09-01 04:00,2026-09-01 08:00,ppc_ru_KRR_sr_s-auto_a-all_exp-diff-login,KRR,ON,1
2026-09-01,2026-09-01 04:00,2026-09-01 08:00,ppc_ru_KVKZ_sr_gen_a-all_exp-diff-login,KVKZ,OFF,0
2026-09-01,2026-09-01 04:00,2026-09-01 08:00,ppc_ru_KVKZ_sr_s-auto_a-all_exp-diff-login,KVKZ,OFF,0
2026-09-01,2026-09-01 04:00,2026-09-01 08:00,ppc_ru_KZN_sr_gen_a-all_exp-diff-login,KZN,ON,1
2026-09-01,2026-09-01 04:00,2026-09-01 08:00,ppc_ru_KZN_sr_s-auto_a-all_exp-diff-login,KZN,ON,1
2026-09-01,2026-09-01 04:00,2026-09-01 08:00,ppc_ru_LED_sr_dsa_a-all_exp-diff-login,LED,ON,1
2026-09-01,2026-09-01 04:00,2026-09-01 08:00,ppc_ru_LED_sr_gen_a-all_exp-diff-login,LED,ON,1
2026-09-01,2026-09-01 04:00,2026-09-01 08:00,ppc_ru_LED_sr_s-auto_a-all_exp-diff-login,LED,ON,1
2026-09-01,2026-09-01 04:00,2026-09-01 08:00,ppc_ru_MOW_sr_dsa_a-all_exp-diff-login,MOW,OFF,0
2026-09-01,2026-09-01 04:00,2026-09-01 08:00,ppc_ru_MOW_sr_gen_a-all_exp-diff-login,MOW,OFF,0
2026-09-01,2026-09-01 04:00,2026-09-01 08:00,ppc_ru_MOW_sr_s-auto_a-all_exp-diff-login,MOW,OFF,0
2026-09-01,2026-09-01 04:00,2026-09-01 08:00,ppc_ru_MOW_sr_s-auto_a-all_exp-diff-login_exp_travel-aud,MOW,OFF,0
2026-09-01,2026-09-01 04:00,2026-09-01 08:00,ppc_ru_OVB_sr_dsa_a-all_exp-diff-login,OVB,OFF,0
2026-09-01,2026-09-01 04:00,2026-09-01 08:00,ppc_ru_OVB_sr_gen_a-all_exp-diff-login,OVB,OFF,0
2026-09-01,2026-09-01 04:00,2026-09-01 08:00,ppc_ru_SVX_sr_dsa_a-all_exp-diff-login,ural,ON,1
2026-09-01,2026-09-01 04:00,2026-09-01 08:00,ppc_ru_SVX_sr_gen_a-all_exp-diff-login,ural,ON,1
2026-09-01,2026-09-01 04:00,2026-09-01 08:00,ppc_ru_TJM_sr_dsa_a-all_exp-diff-login,ural,ON,1
2026-09-01,2026-09-01 04:00,2026-09-01 08:00,ppc_ru_TJM_sr_gen_a-all_exp-diff-login,ural,ON,1
2026-09-01,2026-09-01 04:00,2026-09-01 08:00,ppc_ru_UFA_sr_dsa_a-all_exp-diff-login,UFA,ON,1
2026-09-01,2026-09-01 04:00,2026-09-01 08:00,ppc_ru_UFA_sr_gen_a-all_exp-diff-login,UFA,ON,1
2026-09-01,2026-09-01 04:00,2026-09-01 08:00,ppc_ru_centr_sr_dsa_a-all_exp-diff-login,centr,ON,1
2026-09-01,2026-09-01 04:00,2026-09-01 08:00,ppc_ru_centr_sr_gen_a-all_exp-diff-login,centr,ON,1
2026-09-01,2026-09-01 04:00,2026-09-01 08:00,ppc_ru_sibir_sr_dsa_a-all_exp-diff-login,sibir,OFF,0
2026-09-01,2026-09-01 04:00,2026-09-01 08:00,ppc_ru_sibir_sr_gen_a-all_exp-diff-login,sibir,OFF,0
2026-09-01,2026-09-01 04:00,2026-09-01 08:00,ppc_ru_ural_sr_dsa_a-all_exp-diff-login,ural,ON,1
2026-09-01,2026-09-01 04:00,2026-09-01 08:00,ppc_ru_ural_sr_gen_a-all_exp-diff-login,ural,ON,1
2026-09-01,2026-09-01 04:00,2026-09-01 08:00,ppc_ru_ural_sr_s-auto_a-all_exp-diff-login,ural,ON,1
2026-09-01,2026-09-01 08:00,2026-09-01 12:00,ppc_ru_IKT_sr_gen_a-all_exp-diff-login,sibir,ON,1
2026-09-01,2026-09-01 08:00,2026-09-01 12:00,ppc_ru_KJA_sr_dsa_a-all_exp-diff-login,KJA,ON,1
2026-09-01,2026-09-01 08:00,2026-09-01 12:00,ppc_ru_KJA_sr_gen_a-all_exp-diff-login,KJA,ON,1
2026-09-01,2026-09-01 08:00,2026-09-01 12:00,ppc_ru_KRR_sr_dsa_a-all_exp-diff-login,KRR,OFF,0
2026-09-01,2026-09-01 08:00,2026-09-01 12:00,ppc_ru_KRR_sr_gen_a-all_exp-diff-login,KRR,OFF,0
2026-09-01,2026-09-01 08:00,2026-09-01 12:00,ppc_ru_KRR_sr_s-auto_a-all_exp-diff-login,KRR,OFF,0
2026-09-01,2026-09-01 08:00,2026-09-01 12:00,ppc_ru_KVKZ_sr_gen_a-all_exp-diff-login,KVKZ,ON,1
2026-09-01,2026-09-01 08:00,2026-09-01 12:00,ppc_ru_KVKZ_sr_s-auto_a-all_exp-diff-login,KVKZ,ON,1
2026-09-01,2026-09-01 08:00,2026-09-01 12:00,ppc_ru_KZN_sr_gen_a-all_exp-diff-login,KZN,ON,1
2026-09-01,2026-09-01 08:00,2026-09-01 12:00,ppc_ru_KZN_sr_s-auto_a-all_exp-diff-login,KZN,ON,1
2026-09-01,2026-09-01 08:00,2026-09-01 12:00,ppc_ru_LED_sr_dsa_a-all_exp-diff-login,LED,OFF,0
2026-09-01,2026-09-01 08:00,2026-09-01 12:00,ppc_ru_LED_sr_gen_a-all_exp-diff-login,LED,OFF,0
2026-09-01,2026-09-01 08:00,2026-09-01 12:00,ppc_ru_LED_sr_s-auto_a-all_exp-diff-login,LED,OFF,0
2026-09-01,2026-09-01 08:00,2026-09-01 12:00,ppc_ru_MOW_sr_dsa_a-all_exp-diff-login,MOW,OFF,0
2026-09-01,2026-09-01 08:00,2026-09-01 12:00,ppc_ru_MOW_sr_gen_a-all_exp-diff-login,MOW,OFF,0
2026-09-01,2026-09-01 08:00,2026-09-01 12:00,ppc_ru_MOW_sr_s-auto_a-all_exp-diff-login,MOW,OFF,0
2026-09-01,2026-09-01 08:00,2026-09-01 12:00,ppc_ru_MOW_sr_s-auto_a-all_exp-diff-login_exp_travel-aud,MOW,OFF,0
2026-09-01,2026-09-01 08:00,2026-09-01 12:00,ppc_ru_OVB_sr_dsa_a-all_exp-diff-login,OVB,ON,1
2026-09-01,2026-09-01 08:00,2026-09-01 12:00,ppc_ru_OVB_sr_gen_a-all_exp-diff-login,OVB,ON,1
2026-09-01,2026-09-01 08:00,2026-09-01 12:00,ppc_ru_SVX_sr_dsa_a-all_exp-diff-login,ural,ON,1
2026-09-01,2026-09-01 08:00,2026-09-01 12:00,ppc_ru_SVX_sr_gen_a-all_exp-diff-login,ural,ON,1
2026-09-01,2026-09-01 08:00,2026-09-01 12:00,ppc_ru_TJM_sr_dsa_a-all_exp-diff-login,ural,ON,1
2026-09-01,2026-09-01 08:00,2026-09-01 12:00,ppc_ru_TJM_sr_gen_a-all_exp-diff-login,ural,ON,1
2026-09-01,2026-09-01 08:00,2026-09-01 12:00,ppc_ru_UFA_sr_dsa_a-all_exp-diff-login,UFA,OFF,0
2026-09-01,2026-09-01 08:00,2026-09-01 12:00,ppc_ru_UFA_sr_gen_a-all_exp-diff-login,UFA,OFF,0
2026-09-01,2026-09-01 08:00,2026-09-01 12:00,ppc_ru_centr_sr_dsa_a-all_exp-diff-login,centr,ON,1
2026-09-01,2026-09-01 08:00,2026-09-01 12:00,ppc_ru_centr_sr_gen_a-all_exp-diff-login,centr,ON,1
2026-09-01,2026-09-01 08:00,2026-09-01 12:00,ppc_ru_sibir_sr_dsa_a-all_exp-diff-login,sibir,ON,1
2026-09-01,2026-09-01 08:00,2026-09-01 12:00,ppc_ru_sibir_sr_gen_a-all_exp-diff-login,sibir,ON,1
2026-09-01,2026-09-01 08:00,2026-09-01 12:00,ppc_ru_ural_sr_dsa_a-all_exp-diff-login,ural,ON,1
2026-09-01,2026-09-01 08:00,2026-09-01 12:00,ppc_ru_ural_sr_gen_a-all_exp-diff-login,ural,ON,1
2026-09-01,2026-09-01 08:00,2026-09-01 12:00,ppc_ru_ural_sr_s-auto_a-all_exp-diff-login,ural,ON,1
2026-09-01,2026-09-01 12:00,2026-09-01 16:00,ppc_ru_IKT_sr_gen_a-all_exp-diff-login,sibir,ON,1
2026-09-01,2026-09-01 12:00,2026-09-01 16:00,ppc_ru_KJA_sr_dsa_a-all_exp-diff-login,KJA,ON,1
2026-09-01,2026-09-01 12:00,2026-09-01 16:00,ppc_ru_KJA_sr_gen_a-all_exp-diff-login,KJA,ON,1
2026-09-01,2026-09-01 12:00,2026-09-01 16:00,ppc_ru_KRR_sr_dsa_a-all_exp-diff-login,KRR,ON,1
2026-09-01,2026-09-01 12:00,2026-09-01 16:00,ppc_ru_KRR_sr_gen_a-all_exp-diff-login,KRR,ON,1
2026-09-01,2026-09-01 12:00,2026-09-01 16:00,ppc_ru_KRR_sr_s-auto_a-all_exp-diff-login,KRR,ON,1
2026-09-01,2026-09-01 12:00,2026-09-01 16:00,ppc_ru_KVKZ_sr_gen_a-all_exp-diff-login,KVKZ,OFF,0
2026-09-01,2026-09-01 12:00,2026-09-01 16:00,ppc_ru_KVKZ_sr_s-auto_a-all_exp-diff-login,KVKZ,OFF,0
2026-09-01,2026-09-01 12:00,2026-09-01 16:00,ppc_ru_KZN_sr_gen_a-all_exp-diff-login,KZN,OFF,0
2026-09-01,2026-09-01 12:00,2026-09-01 16:00,ppc_ru_KZN_sr_s-auto_a-all_exp-diff-login,KZN,OFF,0
2026-09-01,2026-09-01 12:00,2026-09-01 16:00,ppc_ru_LED_sr_dsa_a-all_exp-diff-login,LED,ON,1
2026-09-01,2026-09-01 12:00,2026-09-01 16:00,ppc_ru_LED_sr_gen_a-all_exp-diff-login,LED,ON,1
2026-09-01,2026-09-01 12:00,2026-09-01 16:00,ppc_ru_LED_sr_s-auto_a-all_exp-diff-login,LED,ON,1
2026-09-01,2026-09-01 12:00,2026-09-01 16:00,ppc_ru_MOW_sr_dsa_a-all_exp-diff-login,MOW,OFF,0
2026-09-01,2026-09-01 12:00,2026-09-01 16:00,ppc_ru_MOW_sr_gen_a-all_exp-diff-login,MOW,OFF,0
2026-09-01,2026-09-01 12:00,2026-09-01 16:00,ppc_ru_MOW_sr_s-auto_a-all_exp-diff-login,MOW,OFF,0
2026-09-01,2026-09-01 12:00,2026-09-01 16:00,ppc_ru_MOW_sr_s-auto_a-all_exp-diff-login_exp_travel-aud,MOW,OFF,0
2026-09-01,2026-09-01 12:00,2026-09-01 16:00,ppc_ru_OVB_sr_dsa_a-all_exp-diff-login,OVB,OFF,0
2026-09-01,2026-09-01 12:00,2026-09-01 16:00,ppc_ru_OVB_sr_gen_a-all_exp-diff-login,OVB,OFF,0
2026-09-01,2026-09-01 12:00,2026-09-01 16:00,ppc_ru_SVX_sr_dsa_a-all_exp-diff-login,ural,OFF,0
2026-09-01,2026-09-01 12:00,2026-09-01 16:00,ppc_ru_SVX_sr_gen_a-all_exp-diff-login,ural,OFF,0
2026-09-01,2026-09-01 12:00,2026-09-01 16:00,ppc_ru_TJM_sr_dsa_a-all_exp-diff-login,ural,OFF,0
2026-09-01,2026-09-01 12:00,2026-09-01 16:00,ppc_ru_TJM_sr_gen_a-all_exp-diff-login,ural,OFF,0
2026-09-01,2026-09-01 12:00,2026-09-01 16:00,ppc_ru_UFA_sr_dsa_a-all_exp-diff-login,UFA,OFF,0
2026-09-01,2026-09-01 12:00,2026-09-01 16:00,ppc_ru_UFA_sr_gen_a-all_exp-diff-login,UFA,OFF,0
2026-09-01,2026-09-01 12:00,2026-09-01 16:00,ppc_ru_centr_sr_dsa_a-all_exp-diff-login,centr,OFF,0
2026-09-01,2026-09-01 12:00,2026-09-01 16:00,ppc_ru_centr_sr_gen_a-all_exp-diff-login,centr,OFF,0
2026-09-01,2026-09-01 12:00,2026-09-01 16:00,ppc_ru_sibir_sr_dsa_a-all_exp-diff-login,sibir,ON,1
2026-09-01,2026-09-01 12:00,2026-09-01 16:00,ppc_ru_sibir_sr_gen_a-all_exp-diff-login,sibir,ON,1
2026-09-01,2026-09-01 12:00,2026-09-01 16:00,ppc_ru_ural_sr_dsa_a-all_exp-diff-login,ural,OFF,0
2026-09-01,2026-09-01 12:00,2026-09-01 16:00,ppc_ru_ural_sr_gen_a-all_exp-diff-login,ural,OFF,0
2026-09-01,2026-09-01 12:00,2026-09-01 16:00,ppc_ru_ural_sr_s-auto_a-all_exp-diff-login,ural,OFF,0
2026-09-01,2026-09-01 16:00,2026-09-01 20:00,ppc_ru_IKT_sr_gen_a-all_exp-diff-login,sibir,ON,1
2026-09-01,2026-09-01 16:00,2026-09-01 20:00,ppc_ru_KJA_sr_dsa_a-all_exp-diff-login,KJA,OFF,0
2026-09-01,2026-09-01 16:00,2026-09-01 20:00,ppc_ru_KJA_sr_gen_a-all_exp-diff-login,KJA,OFF,0
2026-09-01,2026-09-01 16:00,2026-09-01 20:00,ppc_ru_KRR_sr_dsa_a-all_exp-diff-login,KRR,OFF,0
2026-09-01,2026-09-01 16:00,2026-09-01 20:00,ppc_ru_KRR_sr_gen_a-all_exp-diff-login,KRR,OFF,0
2026-09-01,2026-09-01 16:00,2026-09-01 20:00,ppc_ru_KRR_sr_s-auto_a-all_exp-diff-login,KRR,OFF,0
2026-09-01,2026-09-01 16:00,2026-09-01 20:00,ppc_ru_KVKZ_sr_gen_a-all_exp-diff-login,KVKZ,ON,1
2026-09-01,2026-09-01 16:00,2026-09-01 20:00,ppc_ru_KVKZ_sr_s-auto_a-all_exp-diff-login,KVKZ,ON,1
2026-09-01,2026-09-01 16:00,2026-09-01 20:00,ppc_ru_KZN_sr_gen_a-all_exp-diff-login,KZN,OFF,0
2026-09-01,2026-09-01 16:00,2026-09-01 20:00,ppc_ru_KZN_sr_s-auto_a-all_exp-diff-login,KZN,OFF,0
2026-09-01,2026-09-01 16:00,2026-09-01 20:00,ppc_ru_LED_sr_dsa_a-all_exp-diff-login,LED,OFF,0
2026-09-01,2026-09-01 16:00,2026-09-01 20:00,ppc_ru_LED_sr_gen_a-all_exp-diff-login,LED,OFF,0
2026-09-01,2026-09-01 16:00,2026-09-01 20:00,ppc_ru_LED_sr_s-auto_a-all_exp-diff-login,LED,OFF,0
2026-09-01,2026-09-01 16:00,2026-09-01 20:00,ppc_ru_MOW_sr_dsa_a-all_exp-diff-login,MOW,ON,1
2026-09-01,2026-09-01 16:00,2026-09-01 20:00,ppc_ru_MOW_sr_gen_a-all_exp-diff-login,MOW,ON,1
2026-09-01,2026-09-01 16:00,2026-09-01 20:00,ppc_ru_MOW_sr_s-auto_a-all_exp-diff-login,MOW,ON,1
2026-09-01,2026-09-01 16:00,2026-09-01 20:00,ppc_ru_MOW_sr_s-auto_a-all_exp-diff-login_exp_travel-aud,MOW,ON,1
2026-09-01,2026-09-01 16:00,2026-09-01 20:00,ppc_ru_OVB_sr_dsa_a-all_exp-diff-login,OVB,ON,1
2026-09-01,2026-09-01 16:00,2026-09-01 20:00,ppc_ru_OVB_sr_gen_a-all_exp-diff-login,OVB,ON,1
2026-09-01,2026-09-01 16:00,2026-09-01 20:00,ppc_ru_SVX_sr_dsa_a-all_exp-diff-login,ural,OFF,0
2026-09-01,2026-09-01 16:00,2026-09-01 20:00,ppc_ru_SVX_sr_gen_a-all_exp-diff-login,ural,OFF,0
2026-09-01,2026-09-01 16:00,2026-09-01 20:00,ppc_ru_TJM_sr_dsa_a-all_exp-diff-login,ural,OFF,0
2026-09-01,2026-09-01 16:00,2026-09-01 20:00,ppc_ru_TJM_sr_gen_a-all_exp-diff-login,ural,OFF,0
2026-09-01,2026-09-01 16:00,2026-09-01 20:00,ppc_ru_UFA_sr_dsa_a-all_exp-diff-login,UFA,ON,1
2026-09-01,2026-09-01 16:00,2026-09-01 20:00,ppc_ru_UFA_sr_gen_a-all_exp-diff-login,UFA,ON,1
2026-09-01,2026-09-01 16:00,2026-09-01 20:00,ppc_ru_centr_sr_dsa_a-all_exp-diff-login,centr,ON,1
2026-09-01,2026-09-01 16:00,2026-09-01 20:00,ppc_ru_centr_sr_gen_a-all_exp-diff-login,centr,ON,1
2026-09-01,2026-09-01 16:00,2026-09-01 20:00,ppc_ru_sibir_sr_dsa_a-all_exp-diff-login,sibir,ON,1
2026-09-01,2026-09-01 16:00,2026-09-01 20:00,ppc_ru_sibir_sr_gen_a-all_exp-diff-login,sibir,ON,1
2026-09-01,2026-09-01 16:00,2026-09-01 20:00,ppc_ru_ural_sr_dsa_a-all_exp-diff-login,ural,OFF,0
2026-09-01,2026-09-01 16:00,2026-09-01 20:00,ppc_ru_ural_sr_gen_a-all_exp-diff-login,ural,OFF,0
2026-09-01,2026-09-01 16:00,2026-09-01 20:00,ppc_ru_ural_sr_s-auto_a-all_exp-diff-login,ural,OFF,0
2026-09-01,2026-09-01 20:00,2026-09-02 00:00,ppc_ru_IKT_sr_gen_a-all_exp-diff-login,sibir,OFF,0
2026-09-01,2026-09-01 20:00,2026-09-02 00:00,ppc_ru_KJA_sr_dsa_a-all_exp-diff-login,KJA,OFF,0
2026-09-01,2026-09-01 20:00,2026-09-02 00:00,ppc_ru_KJA_sr_gen_a-all_exp-diff-login,KJA,OFF,0
2026-09-01,2026-09-01 20:00,2026-09-02 00:00,ppc_ru_KRR_sr_dsa_a-all_exp-diff-login,KRR,OFF,0
2026-09-01,2026-09-01 20:00,2026-09-02 00:00,ppc_ru_KRR_sr_gen_a-all_exp-diff-login,KRR,OFF,0
2026-09-01,2026-09-01 20:00,2026-09-02 00:00,ppc_ru_KRR_sr_s-auto_a-all_exp-diff-login,KRR,OFF,0
2026-09-01,2026-09-01 20:00,2026-09-02 00:00,ppc_ru_KVKZ_sr_gen_a-all_exp-diff-login,KVKZ,OFF,0
2026-09-01,2026-09-01 20:00,2026-09-02 00:00,ppc_ru_KVKZ_sr_s-auto_a-all_exp-diff-login,KVKZ,OFF,0
2026-09-01,2026-09-01 20:00,2026-09-02 00:00,ppc_ru_KZN_sr_gen_a-all_exp-diff-login,KZN,OFF,0
2026-09-01,2026-09-01 20:00,2026-09-02 00:00,ppc_ru_KZN_sr_s-auto_a-all_exp-diff-login,KZN,OFF,0
2026-09-01,2026-09-01 20:00,2026-09-02 00:00,ppc_ru_LED_sr_dsa_a-all_exp-diff-login,LED,ON,1
2026-09-01,2026-09-01 20:00,2026-09-02 00:00,ppc_ru_LED_sr_gen_a-all_exp-diff-login,LED,ON,1
2026-09-01,2026-09-01 20:00,2026-09-02 00:00,ppc_ru_LED_sr_s-auto_a-all_exp-diff-login,LED,ON,1
2026-09-01,2026-09-01 20:00,2026-09-02 00:00,ppc_ru_MOW_sr_dsa_a-all_exp-diff-login,MOW,ON,1
2026-09-01,2026-09-01 20:00,2026-09-02 00:00,ppc_ru_MOW_sr_gen_a-all_exp-diff-login,MOW,ON,1
2026-09-01,2026-09-01 20:00,2026-09-02 00:00,ppc_ru_MOW_sr_s-auto_a-all_exp-diff-login,MOW,ON,1
2026-09-01,2026-09-01 20:00,2026-09-02 00:00,ppc_ru_MOW_sr_s-auto_a-all_exp-diff-login_exp_travel-aud,MOW,ON,1
2026-09-01,2026-09-01 20:00,2026-09-02 00:00,ppc_ru_OVB_sr_dsa_a-all_exp-diff-login,OVB,OFF,0
2026-09-01,2026-09-01 20:00,2026-09-02 00:00,ppc_ru_OVB_sr_gen_a-all_exp-diff-login,OVB,OFF,0
2026-09-01,2026-09-01 20:00,2026-09-02 00:00,ppc_ru_SVX_sr_dsa_a-all_exp-diff-login,ural,ON,1
2026-09-01,2026-09-01 20:00,2026-09-02 00:00,ppc_ru_SVX_sr_gen_a-all_exp-diff-login,ural,ON,1
2026-09-01,2026-09-01 20:00,2026-09-02 00:00,ppc_ru_TJM_sr_dsa_a-all_exp-diff-login,ural,ON,1
2026-09-01,2026-09-01 20:00,2026-09-02 00:00,ppc_ru_TJM_sr_gen_a-all_exp-diff-login,ural,ON,1
2026-09-01,2026-09-01 20:00,2026-09-02 00:00,ppc_ru_UFA_sr_dsa_a-all_exp-diff-login,UFA,OFF,0
2026-09-01,2026-09-01 20:00,2026-09-02 00:00,ppc_ru_UFA_sr_gen_a-all_exp-diff-login,UFA,OFF,0
2026-09-01,2026-09-01 20:00,2026-09-02 00:00,ppc_ru_centr_sr_dsa_a-all_exp-diff-login,centr,OFF,0
2026-09-01,2026-09-01 20:00,2026-09-02 00:00,ppc_ru_centr_sr_gen_a-all_exp-diff-login,centr,OFF,0
2026-09-01,2026-09-01 20:00,2026-09-02 00:00,ppc_ru_sibir_sr_dsa_a-all_exp-diff-login,sibir,OFF,0
2026-09-01,2026-09-01 20:00,2026-09-02 00:00,ppc_ru_sibir_sr_gen_a-all_exp-diff-login,sibir,OFF,0
2026-09-01,2026-09-01 20:00,2026-09-02 00:00,ppc_ru_ural_sr_dsa_a-all_exp-diff-login,ural,ON,1
2026-09-01,2026-09-01 20:00,2026-09-02 00:00,ppc_ru_ural_sr_gen_a-all_exp-diff-login,ural,ON,1
2026-09-01,2026-09-01 20:00,2026-09-02 00:00,ppc_ru_ural_sr_s-auto_a-all_exp-diff-login,ural,ON,1
2026-09-02,2026-09-02 00:00,2026-09-02 04:00,ppc_ru_IKT_sr_gen_a-all_exp-diff-login,sibir,ON,1
2026-09-02,2026-09-02 00:00,2026-09-02 04:00,ppc_ru_KJA_sr_dsa_a-all_exp-diff-login,KJA,OFF,0
2026-09-02,2026-09-02 00:00,2026-09-02 04:00,ppc_ru_KJA_sr_gen_a-all_exp-diff-login,KJA,OFF,0
2026-09-02,2026-09-02 00:00,2026-09-02 04:00,ppc_ru_KRR_sr_dsa_a-all_exp-diff-login,KRR,ON,1
2026-09-02,2026-09-02 00:00,2026-09-02 04:00,ppc_ru_KRR_sr_gen_a-all_exp-diff-login,KRR,ON,1
2026-09-02,2026-09-02 00:00,2026-09-02 04:00,ppc_ru_KRR_sr_s-auto_a-all_exp-diff-login,KRR,ON,1
2026-09-02,2026-09-02 00:00,2026-09-02 04:00,ppc_ru_KVKZ_sr_gen_a-all_exp-diff-login,KVKZ,OFF,0
2026-09-02,2026-09-02 00:00,2026-09-02 04:00,ppc_ru_KVKZ_sr_s-auto_a-all_exp-diff-login,KVKZ,OFF,0
2026-09-02,2026-09-02 00:00,2026-09-02 04:00,ppc_ru_KZN_sr_gen_a-all_exp-diff-login,KZN,ON,1
2026-09-02,2026-09-02 00:00,2026-09-02 04:00,ppc_ru_KZN_sr_s-auto_a-all_exp-diff-login,KZN,ON,1
2026-09-02,2026-09-02 00:00,2026-09-02 04:00,ppc_ru_LED_sr_dsa_a-all_exp-diff-login,LED,OFF,0
2026-09-02,2026-09-02 00:00,2026-09-02 04:00,ppc_ru_LED_sr_gen_a-all_exp-diff-login,LED,OFF,0
2026-09-02,2026-09-02 00:00,2026-09-02 04:00,ppc_ru_LED_sr_s-auto_a-all_exp-diff-login,LED,OFF,0
2026-09-02,2026-09-02 00:00,2026-09-02 04:00,ppc_ru_MOW_sr_dsa_a-all_exp-diff-login,MOW,OFF,0
2026-09-02,2026-09-02 00:00,2026-09-02 04:00,ppc_ru_MOW_sr_gen_a-all_exp-diff-login,MOW,OFF,0
2026-09-02,2026-09-02 00:00,2026-09-02 04:00,ppc_ru_MOW_sr_s-auto_a-all_exp-diff-login,MOW,OFF,0
2026-09-02,2026-09-02 00:00,2026-09-02 04:00,ppc_ru_MOW_sr_s-auto_a-all_exp-diff-login_exp_travel-aud,MOW,OFF,0
2026-09-02,2026-09-02 00:00,2026-09-02 04:00,ppc_ru_OVB_sr_dsa_a-all_exp-diff-login,OVB,ON,1
2026-09-02,2026-09-02 00:00,2026-09-02 04:00,ppc_ru_OVB_sr_gen_a-all_exp-diff-login,OVB,ON,1
2026-09-02,2026-09-02 00:00,2026-09-02 04:00,ppc_ru_SVX_sr_dsa_a-all_exp-diff-login,ural,ON,1
2026-09-02,2026-09-02 00:00,2026-09-02 04:00,ppc_ru_SVX_sr_gen_a-all_exp-diff-login,ural,ON,1
2026-09-02,2026-09-02 00:00,2026-09-02 04:00,ppc_ru_TJM_sr_dsa_a-all_exp-diff-login,ural,ON,1
2026-09-02,2026-09-02 00:00,2026-09-02 04:00,ppc_ru_TJM_sr_gen_a-all_exp-diff-login,ural,ON,1
2026-09-02,2026-09-02 00:00,2026-09-02 04:00,ppc_ru_UFA_sr_dsa_a-all_exp-diff-login,UFA,ON,1
2026-09-02,2026-09-02 00:00,2026-09-02 04:00,ppc_ru_UFA_sr_gen_a-all_exp-diff-login,UFA,ON,1
2026-09-02,2026-09-02 00:00,2026-09-02 04:00,ppc_ru_centr_sr_dsa_a-all_exp-diff-login,centr,ON,1
2026-09-02,2026-09-02 00:00,2026-09-02 04:00,ppc_ru_centr_sr_gen_a-all_exp-diff-login,centr,ON,1
2026-09-02,2026-09-02 00:00,2026-09-02 04:00,ppc_ru_sibir_sr_dsa_a-all_exp-diff-login,sibir,ON,1
2026-09-02,2026-09-02 00:00,2026-09-02 04:00,ppc_ru_sibir_sr_gen_a-all_exp-diff-login,sibir,ON,1
2026-09-02,2026-09-02 00:00,2026-09-02 04:00,ppc_ru_ural_sr_dsa_a-all_exp-diff-login,ural,ON,1
2026-09-02,2026-09-02 00:00,2026-09-02 04:00,ppc_ru_ural_sr_gen_a-all_exp-diff-login,ural,ON,1
2026-09-02,2026-09-02 00:00,2026-09-02 04:00,ppc_ru_ural_sr_s-auto_a-all_exp-diff-login,ural,ON,1
2026-09-02,2026-09-02 04:00,2026-09-02 08:00,ppc_ru_IKT_sr_gen_a-all_exp-diff-login,sibir,ON,1
2026-09-02,2026-09-02 04:00,2026-09-02 08:00,ppc_ru_KJA_sr_dsa_a-all_exp-diff-login,KJA,ON,1
2026-09-02,2026-09-02 04:00,2026-09-02 08:00,ppc_ru_KJA_sr_gen_a-all_exp-diff-login,KJA,ON,1
2026-09-02,2026-09-02 04:00,2026-09-02 08:00,ppc_ru_KRR_sr_dsa_a-all_exp-diff-login,KRR,OFF,0
2026-09-02,2026-09-02 04:00,2026-09-02 08:00,ppc_ru_KRR_sr_gen_a-all_exp-diff-login,KRR,OFF,0
2026-09-02,2026-09-02 04:00,2026-09-02 08:00,ppc_ru_KRR_sr_s-auto_a-all_exp-diff-login,KRR,OFF,0
2026-09-02,2026-09-02 04:00,2026-09-02 08:00,ppc_ru_KVKZ_sr_gen_a-all_exp-diff-login,KVKZ,ON,1
2026-09-02,2026-09-02 04:00,2026-09-02 08:00,ppc_ru_KVKZ_sr_s-auto_a-all_exp-diff-login,KVKZ,ON,1
2026-09-02,2026-09-02 04:00,2026-09-02 08:00,ppc_ru_KZN_sr_gen_a-all_exp-diff-login,KZN,OFF,0
2026-09-02,2026-09-02 04:00,2026-09-02 08:00,ppc_ru_KZN_sr_s-auto_a-all_exp-diff-login,KZN,OFF,0
2026-09-02,2026-09-02 04:00,2026-09-02 08:00,ppc_ru_LED_sr_dsa_a-all_exp-diff-login,LED,OFF,0
2026-09-02,2026-09-02 04:00,2026-09-02 08:00,ppc_ru_LED_sr_gen_a-all_exp-diff-login,LED,OFF,0
2026-09-02,2026-09-02 04:00,2026-09-02 08:00,ppc_ru_LED_sr_s-auto_a-all_exp-diff-login,LED,OFF,0
2026-09-02,2026-09-02 04:00,2026-09-02 08:00,ppc_ru_MOW_sr_dsa_a-all_exp-diff-login,MOW,ON,1
2026-09-02,2026-09-02 04:00,2026-09-02 08:00,ppc_ru_MOW_sr_gen_a-all_exp-diff-login,MOW,ON,1
2026-09-02,2026-09-02 04:00,2026-09-02 08:00,ppc_ru_MOW_sr_s-auto_a-all_exp-diff-login,MOW,ON,1
2026-09-02,2026-09-02 04:00,2026-09-02 08:00,ppc_ru_MOW_sr_s-auto_a-all_exp-diff-login_exp_travel-aud,MOW,ON,1
2026-09-02,2026-09-02 04:00,2026-09-02 08:00,ppc_ru_OVB_sr_dsa_a-all_exp-diff-login,OVB,ON,1
2026-09-02,2026-09-02 04:00,2026-09-02 08:00,ppc_ru_OVB_sr_gen_a-all_exp-diff-login,OVB,ON,1
2026-09-02,2026-09-02 04:00,2026-09-02 08:00,ppc_ru_SVX_sr_dsa_a-all_exp-diff-login,ural,ON,1
2026-09-02,2026-09-02 04:00,2026-09-02 08:00,ppc_ru_SVX_sr_gen_a-all_exp-diff-login,ural,ON,1
2026-09-02,2026-09-02 04:00,2026-09-02 08:00,ppc_ru_TJM_sr_dsa_a-all_exp-diff-login,ural,ON,1
2026-09-02,2026-09-02 04:00,2026-09-02 08:00,ppc_ru_TJM_sr_gen_a-all_exp-diff-login,ural,ON,1
2026-09-02,2026-09-02 04:00,2026-09-02 08:00,ppc_ru_UFA_sr_dsa_a-all_exp-diff-login,UFA,OFF,0
2026-09-02,2026-09-02 04:00,2026-09-02 08:00,ppc_ru_UFA_sr_gen_a-all_exp-diff-login,UFA,OFF,0
2026-09-02,2026-09-02 04:00,2026-09-02 08:00,ppc_ru_centr_sr_dsa_a-all_exp-diff-login,centr,ON,1
2026-09-02,2026-09-02 04:00,2026-09-02 08:00,ppc_ru_centr_sr_gen_a-all_exp-diff-login,centr,ON,1
2026-09-02,2026-09-02 04:00,2026-09-02 08:00,ppc_ru_sibir_sr_dsa_a-all_exp-diff-login,sibir,ON,1
2026-09-02,2026-09-02 04:00,2026-09-02 08:00,ppc_ru_sibir_sr_gen_a-all_exp-diff-login,sibir,ON,1
2026-09-02,2026-09-02 04:00,2026-09-02 08:00,ppc_ru_ural_sr_dsa_a-all_exp-diff-login,ural,ON,1
2026-09-02,2026-09-02 04:00,2026-09-02 08:00,ppc_ru_ural_sr_gen_a-all_exp-diff-login,ural,ON,1
2026-09-02,2026-09-02 04:00,2026-09-02 08:00,ppc_ru_ural_sr_s-auto_a-all_exp-diff-login,ural,ON,1
2026-09-02,2026-09-02 08:00,2026-09-02 12:00,ppc_ru_IKT_sr_gen_a-all_exp-diff-login,sibir,OFF,0
2026-09-02,2026-09-02 08:00,2026-09-02 12:00,ppc_ru_KJA_sr_dsa_a-all_exp-diff-login,KJA,OFF,0
2026-09-02,2026-09-02 08:00,2026-09-02 12:00,ppc_ru_KJA_sr_gen_a-all_exp-diff-login,KJA,OFF,0
2026-09-02,2026-09-02 08:00,2026-09-02 12:00,ppc_ru_KRR_sr_dsa_a-all_exp-diff-login,KRR,ON,1
2026-09-02,2026-09-02 08:00,2026-09-02 12:00,ppc_ru_KRR_sr_gen_a-all_exp-diff-login,KRR,ON,1
2026-09-02,2026-09-02 08:00,2026-09-02 12:00,ppc_ru_KRR_sr_s-auto_a-all_exp-diff-login,KRR,ON,1
2026-09-02,2026-09-02 08:00,2026-09-02 12:00,ppc_ru_KVKZ_sr_gen_a-all_exp-diff-login,KVKZ,ON,1
2026-09-02,2026-09-02 08:00,2026-09-02 12:00,ppc_ru_KVKZ_sr_s-auto_a-all_exp-diff-login,KVKZ,ON,1
2026-09-02,2026-09-02 08:00,2026-09-02 12:00,ppc_ru_KZN_sr_gen_a-all_exp-diff-login,KZN,ON,1
2026-09-02,2026-09-02 08:00,2026-09-02 12:00,ppc_ru_KZN_sr_s-auto_a-all_exp-diff-login,KZN,ON,1
2026-09-02,2026-09-02 08:00,2026-09-02 12:00,ppc_ru_LED_sr_dsa_a-all_exp-diff-login,LED,ON,1
2026-09-02,2026-09-02 08:00,2026-09-02 12:00,ppc_ru_LED_sr_gen_a-all_exp-diff-login,LED,ON,1
2026-09-02,2026-09-02 08:00,2026-09-02 12:00,ppc_ru_LED_sr_s-auto_a-all_exp-diff-login,LED,ON,1
2026-09-02,2026-09-02 08:00,2026-09-02 12:00,ppc_ru_MOW_sr_dsa_a-all_exp-diff-login,MOW,ON,1
2026-09-02,2026-09-02 08:00,2026-09-02 12:00,ppc_ru_MOW_sr_gen_a-all_exp-diff-login,MOW,ON,1
2026-09-02,2026-09-02 08:00,2026-09-02 12:00,ppc_ru_MOW_sr_s-auto_a-all_exp-diff-login,MOW,ON,1
2026-09-02,2026-09-02 08:00,2026-09-02 12:00,ppc_ru_MOW_sr_s-auto_a-all_exp-diff-login_exp_travel-aud,MOW,ON,1
2026-09-02,2026-09-02 08:00,2026-09-02 12:00,ppc_ru_OVB_sr_dsa_a-all_exp-diff-login,OVB,OFF,0
2026-09-02,2026-09-02 08:00,2026-09-02 12:00,ppc_ru_OVB_sr_gen_a-all_exp-diff-login,OVB,OFF,0
2026-09-02,2026-09-02 08:00,2026-09-02 12:00,ppc_ru_SVX_sr_dsa_a-all_exp-diff-login,ural,ON,1
2026-09-02,2026-09-02 08:00,2026-09-02 12:00,ppc_ru_SVX_sr_gen_a-all_exp-diff-login,ural,ON,1
2026-09-02,2026-09-02 08:00,2026-09-02 12:00,ppc_ru_TJM_sr_dsa_a-all_exp-diff-login,ural,ON,1
2026-09-02,2026-09-02 08:00,2026-09-02 12:00,ppc_ru_TJM_sr_gen_a-all_exp-diff-login,ural,ON,1
2026-09-02,2026-09-02 08:00,2026-09-02 12:00,ppc_ru_UFA_sr_dsa_a-all_exp-diff-login,UFA,OFF,0
2026-09-02,2026-09-02 08:00,2026-09-02 12:00,ppc_ru_UFA_sr_gen_a-all_exp-diff-login,UFA,OFF,0
2026-09-02,2026-09-02 08:00,2026-09-02 12:00,ppc_ru_centr_sr_dsa_a-all_exp-diff-login,centr,OFF,0
2026-09-02,2026-09-02 08:00,2026-09-02 12:00,ppc_ru_centr_sr_gen_a-all_exp-diff-login,centr,OFF,0
2026-09-02,2026-09-02 08:00,2026-09-02 12:00,ppc_ru_sibir_sr_dsa_a-all_exp-diff-login,sibir,OFF,0
2026-09-02,2026-09-02 08:00,2026-09-02 12:00,ppc_ru_sibir_sr_gen_a-all_exp-diff-login,sibir,OFF,0
2026-09-02,2026-09-02 08:00,2026-09-02 12:00,ppc_ru_ural_sr_dsa_a-all_exp-diff-login,ural,ON,1
2026-09-02,2026-09-02 08:00,2026-09-02 12:00,ppc_ru_ural_sr_gen_a-all_exp-diff-login,ural,ON,1
2026-09-02,2026-09-02 08:00,2026-09-02 12:00,ppc_ru_ural_sr_s-auto_a-all_exp-diff-login,ural,ON,1
2026-09-02,2026-09-02 12:00,2026-09-02 16:00,ppc_ru_IKT_sr_gen_a-all_exp-diff-login,sibir,ON,1
2026-09-02,2026-09-02 12:00,2026-09-02 16:00,ppc_ru_KJA_sr_dsa_a-all_exp-diff-login,KJA,OFF,0
2026-09-02,2026-09-02 12:00,2026-09-02 16:00,ppc_ru_KJA_sr_gen_a-all_exp-diff-login,KJA,OFF,0
2026-09-02,2026-09-02 12:00,2026-09-02 16:00,ppc_ru_KRR_sr_dsa_a-all_exp-diff-login,KRR,OFF,0
2026-09-02,2026-09-02 12:00,2026-09-02 16:00,ppc_ru_KRR_sr_gen_a-all_exp-diff-login,KRR,OFF,0
2026-09-02,2026-09-02 12:00,2026-09-02 16:00,ppc_ru_KRR_sr_s-auto_a-all_exp-diff-login,KRR,OFF,0
2026-09-02,2026-09-02 12:00,2026-09-02 16:00,ppc_ru_KVKZ_sr_gen_a-all_exp-diff-login,KVKZ,OFF,0
2026-09-02,2026-09-02 12:00,2026-09-02 16:00,ppc_ru_KVKZ_sr_s-auto_a-all_exp-diff-login,KVKZ,OFF,0
2026-09-02,2026-09-02 12:00,2026-09-02 16:00,ppc_ru_KZN_sr_gen_a-all_exp-diff-login,KZN,ON,1
2026-09-02,2026-09-02 12:00,2026-09-02 16:00,ppc_ru_KZN_sr_s-auto_a-all_exp-diff-login,KZN,ON,1
2026-09-02,2026-09-02 12:00,2026-09-02 16:00,ppc_ru_LED_sr_dsa_a-all_exp-diff-login,LED,OFF,0
2026-09-02,2026-09-02 12:00,2026-09-02 16:00,ppc_ru_LED_sr_gen_a-all_exp-diff-login,LED,OFF,0
2026-09-02,2026-09-02 12:00,2026-09-02 16:00,ppc_ru_LED_sr_s-auto_a-all_exp-diff-login,LED,OFF,0
2026-09-02,2026-09-02 12:00,2026-09-02 16:00,ppc_ru_MOW_sr_dsa_a-all_exp-diff-login,MOW,OFF,0
2026-09-02,2026-09-02 12:00,2026-09-02 16:00,ppc_ru_MOW_sr_gen_a-all_exp-diff-login,MOW,OFF,0
2026-09-02,2026-09-02 12:00,2026-09-02 16:00,ppc_ru_MOW_sr_s-auto_a-all_exp-diff-login,MOW,OFF,0
2026-09-02,2026-09-02 12:00,2026-09-02 16:00,ppc_ru_MOW_sr_s-auto_a-all_exp-diff-login_exp_travel-aud,MOW,OFF,0
2026-09-02,2026-09-02 12:00,2026-09-02 16:00,ppc_ru_OVB_sr_dsa_a-all_exp-diff-login,OVB,ON,1
2026-09-02,2026-09-02 12:00,2026-09-02 16:00,ppc_ru_OVB_sr_gen_a-all_exp-diff-login,OVB,ON,1
2026-09-02,2026-09-02 12:00,2026-09-02 16:00,ppc_ru_SVX_sr_dsa_a-all_exp-diff-login,ural,OFF,0
2026-09-02,2026-09-02 12:00,2026-09-02 16:00,ppc_ru_SVX_sr_gen_a-all_exp-diff-login,ural,OFF,0
2026-09-02,2026-09-02 12:00,2026-09-02 16:00,ppc_ru_TJM_sr_dsa_a-all_exp-diff-login,ural,OFF,0
2026-09-02,2026-09-02 12:00,2026-09-02 16:00,ppc_ru_TJM_sr_gen_a-all_exp-diff-login,ural,OFF,0
2026-09-02,2026-09-02 12:00,2026-09-02 16:00,ppc_ru_UFA_sr_dsa_a-all_exp-diff-login,UFA,ON,1
2026-09-02,2026-09-02 12:00,2026-09-02 16:00,ppc_ru_UFA_sr_gen_a-all_exp-diff-login,UFA,ON,1
2026-09-02,2026-09-02 12:00,2026-09-02 16:00,ppc_ru_centr_sr_dsa_a-all_exp-diff-login,centr,ON,1
2026-09-02,2026-09-02 12:00,2026-09-02 16:00,ppc_ru_centr_sr_gen_a-all_exp-diff-login,centr,ON,1
2026-09-02,2026-09-02 12:00,2026-09-02 16:00,ppc_ru_sibir_sr_dsa_a-all_exp-diff-login,sibir,ON,1
2026-09-02,2026-09-02 12:00,2026-09-02 16:00,ppc_ru_sibir_sr_gen_a-all_exp-diff-login,sibir,ON,1
2026-09-02,2026-09-02 12:00,2026-09-02 16:00,ppc_ru_ural_sr_dsa_a-all_exp-diff-login,ural,OFF,0
2026-09-02,2026-09-02 12:00,2026-09-02 16:00,ppc_ru_ural_sr_gen_a-all_exp-diff-login,ural,OFF,0
2026-09-02,2026-09-02 12:00,2026-09-02 16:00,ppc_ru_ural_sr_s-auto_a-all_exp-diff-login,ural,OFF,0
2026-09-02,2026-09-02 16:00,2026-09-02 20:00,ppc_ru_IKT_sr_gen_a-all_exp-diff-login,sibir,OFF,0
2026-09-02,2026-09-02 16:00,2026-09-02 20:00,ppc_ru_KJA_sr_dsa_a-all_exp-diff-login,KJA,ON,1
2026-09-02,2026-09-02 16:00,2026-09-02 20:00,ppc_ru_KJA_sr_gen_a-all_exp-diff-login,KJA,ON,1
2026-09-02,2026-09-02 16:00,2026-09-02 20:00,ppc_ru_KRR_sr_dsa_a-all_exp-diff-login,KRR,ON,1
2026-09-02,2026-09-02 16:00,2026-09-02 20:00,ppc_ru_KRR_sr_gen_a-all_exp-diff-login,KRR,ON,1
2026-09-02,2026-09-02 16:00,2026-09-02 20:00,ppc_ru_KRR_sr_s-auto_a-all_exp-diff-login,KRR,ON,1
2026-09-02,2026-09-02 16:00,2026-09-02 20:00,ppc_ru_KVKZ_sr_gen_a-all_exp-diff-login,KVKZ,ON,1
2026-09-02,2026-09-02 16:00,2026-09-02 20:00,ppc_ru_KVKZ_sr_s-auto_a-all_exp-diff-login,KVKZ,ON,1
2026-09-02,2026-09-02 16:00,2026-09-02 20:00,ppc_ru_KZN_sr_gen_a-all_exp-diff-login,KZN,OFF,0
2026-09-02,2026-09-02 16:00,2026-09-02 20:00,ppc_ru_KZN_sr_s-auto_a-all_exp-diff-login,KZN,OFF,0
2026-09-02,2026-09-02 16:00,2026-09-02 20:00,ppc_ru_LED_sr_dsa_a-all_exp-diff-login,LED,ON,1
2026-09-02,2026-09-02 16:00,2026-09-02 20:00,ppc_ru_LED_sr_gen_a-all_exp-diff-login,LED,ON,1
2026-09-02,2026-09-02 16:00,2026-09-02 20:00,ppc_ru_LED_sr_s-auto_a-all_exp-diff-login,LED,ON,1
2026-09-02,2026-09-02 16:00,2026-09-02 20:00,ppc_ru_MOW_sr_dsa_a-all_exp-diff-login,MOW,ON,1
2026-09-02,2026-09-02 16:00,2026-09-02 20:00,ppc_ru_MOW_sr_gen_a-all_exp-diff-login,MOW,ON,1
2026-09-02,2026-09-02 16:00,2026-09-02 20:00,ppc_ru_MOW_sr_s-auto_a-all_exp-diff-login,MOW,ON,1
2026-09-02,2026-09-02 16:00,2026-09-02 20:00,ppc_ru_MOW_sr_s-auto_a-all_exp-diff-login_exp_travel-aud,MOW,ON,1
2026-09-02,2026-09-02 16:00,2026-09-02 20:00,ppc_ru_OVB_sr_dsa_a-all_exp-diff-login,OVB,OFF,0
2026-09-02,2026-09-02 16:00,2026-09-02 20:00,ppc_ru_OVB_sr_gen_a-all_exp-diff-login,OVB,OFF,0
2026-09-02,2026-09-02 16:00,2026-09-02 20:00,ppc_ru_SVX_sr_dsa_a-all_exp-diff-login,ural,OFF,0
2026-09-02,2026-09-02 16:00,2026-09-02 20:00,ppc_ru_SVX_sr_gen_a-all_exp-diff-login,ural,OFF,0
2026-09-02,2026-09-02 16:00,2026-09-02 20:00,ppc_ru_TJM_sr_dsa_a-all_exp-diff-login,ural,OFF,0
2026-09-02,2026-09-02 16:00,2026-09-02 20:00,ppc_ru_TJM_sr_gen_a-all_exp-diff-login,ural,OFF,0
2026-09-02,2026-09-02 16:00,2026-09-02 20:00,ppc_ru_UFA_sr_dsa_a-all_exp-diff-login,UFA,ON,1
2026-09-02,2026-09-02 16:00,2026-09-02 20:00,ppc_ru_UFA_sr_gen_a-all_exp-diff-login,UFA,ON,1
2026-09-02,2026-09-02 16:00,2026-09-02 20:00,ppc_ru_centr_sr_dsa_a-all_exp-diff-login,centr,OFF,0
2026-09-02,2026-09-02 16:00,2026-09-02 20:00,ppc_ru_centr_sr_gen_a-all_exp-diff-login,centr,OFF,0
2026-09-02,2026-09-02 16:00,2026-09-02 20:00,ppc_ru_sibir_sr_dsa_a-all_exp-diff-login,sibir,OFF,0
2026-09-02,2026-09-02 16:00,2026-09-02 20:00,ppc_ru_sibir_sr_gen_a-all_exp-diff-login,sibir,OFF,0
2026-09-02,2026-09-02 16:00,2026-09-02 20:00,ppc_ru_ural_sr_dsa_a-all_exp-diff-login,ural,OFF,0
2026-09-02,2026-09-02 16:00,2026-09-02 20:00,ppc_ru_ural_sr_gen_a-all_exp-diff-login,ural,OFF,0
2026-09-02,2026-09-02 16:00,2026-09-02 20:00,ppc_ru_ural_sr_s-auto_a-all_exp-diff-login,ural,OFF,0
2026-09-02,2026-09-02 20:00,2026-09-03 00:00,ppc_ru_IKT_sr_gen_a-all_exp-diff-login,sibir,OFF,0
2026-09-02,2026-09-02 20:00,2026-09-03 00:00,ppc_ru_KJA_sr_dsa_a-all_exp-diff-login,KJA,ON,1
2026-09-02,2026-09-02 20:00,2026-09-03 00:00,ppc_ru_KJA_sr_gen_a-all_exp-diff-login,KJA,ON,1
2026-09-02,2026-09-02 20:00,2026-09-03 00:00,ppc_ru_KRR_sr_dsa_a-all_exp-diff-login,KRR,OFF,0
2026-09-02,2026-09-02 20:00,2026-09-03 00:00,ppc_ru_KRR_sr_gen_a-all_exp-diff-login,KRR,OFF,0
2026-09-02,2026-09-02 20:00,2026-09-03 00:00,ppc_ru_KRR_sr_s-auto_a-all_exp-diff-login,KRR,OFF,0
2026-09-02,2026-09-02 20:00,2026-09-03 00:00,ppc_ru_KVKZ_sr_gen_a-all_exp-diff-login,KVKZ,OFF,0
2026-09-02,2026-09-02 20:00,2026-09-03 00:00,ppc_ru_KVKZ_sr_s-auto_a-all_exp-diff-login,KVKZ,OFF,0
2026-09-02,2026-09-02 20:00,2026-09-03 00:00,ppc_ru_KZN_sr_gen_a-all_exp-diff-login,KZN,OFF,0
2026-09-02,2026-09-02 20:00,2026-09-03 00:00,ppc_ru_KZN_sr_s-auto_a-all_exp-diff-login,KZN,OFF,0
2026-09-02,2026-09-02 20:00,2026-09-03 00:00,ppc_ru_LED_sr_dsa_a-all_exp-diff-login,LED,ON,1
2026-09-02,2026-09-02 20:00,2026-09-03 00:00,ppc_ru_LED_sr_gen_a-all_exp-diff-login,LED,ON,1
2026-09-02,2026-09-02 20:00,2026-09-03 00:00,ppc_ru_LED_sr_s-auto_a-all_exp-diff-login,LED,ON,1
2026-09-02,2026-09-02 20:00,2026-09-03 00:00,ppc_ru_MOW_sr_dsa_a-all_exp-diff-login,MOW,OFF,0
2026-09-02,2026-09-02 20:00,2026-09-03 00:00,ppc_ru_MOW_sr_gen_a-all_exp-diff-login,MOW,OFF,0
2026-09-02,2026-09-02 20:00,2026-09-03 00:00,ppc_ru_MOW_sr_s-auto_a-all_exp-diff-login,MOW,OFF,0
2026-09-02,2026-09-02 20:00,2026-09-03 00:00,ppc_ru_MOW_sr_s-auto_a-all_exp-diff-login_exp_travel-aud,MOW,OFF,0
2026-09-02,2026-09-02 20:00,2026-09-03 00:00,ppc_ru_OVB_sr_dsa_a-all_exp-diff-login,OVB,OFF,0
2026-09-02,2026-09-02 20:00,2026-09-03 00:00,ppc_ru_OVB_sr_gen_a-all_exp-diff-login,OVB,OFF,0
2026-09-02,2026-09-02 20:00,2026-09-03 00:00,ppc_ru_SVX_sr_dsa_a-all_exp-diff-login,ural,OFF,0
2026-09-02,2026-09-02 20:00,2026-09-03 00:00,ppc_ru_SVX_sr_gen_a-all_exp-diff-login,ural,OFF,0
2026-09-02,2026-09-02 20:00,2026-09-03 00:00,ppc_ru_TJM_sr_dsa_a-all_exp-diff-login,ural,OFF,0
2026-09-02,2026-09-02 20:00,2026-09-03 00:00,ppc_ru_TJM_sr_gen_a-all_exp-diff-login,ural,OFF,0
2026-09-02,2026-09-02 20:00,2026-09-03 00:00,ppc_ru_UFA_sr_dsa_a-all_exp-diff-login,UFA,OFF,0
2026-09-02,2026-09-02 20:00,2026-09-03 00:00,ppc_ru_UFA_sr_gen_a-all_exp-diff-login,UFA,OFF,0
2026-09-02,2026-09-02 20:00,2026-09-03 00:00,ppc_ru_centr_sr_dsa_a-all_exp-diff-login,centr,OFF,0
2026-09-02,2026-09-02 20:00,2026-09-03 00:00,ppc_ru_centr_sr_gen_a-all_exp-diff-login,centr,OFF,0
2026-09-02,2026-09-02 20:00,2026-09-03 00:00,ppc_ru_sibir_sr_dsa_a-all_exp-diff-login,sibir,OFF,0
2026-09-02,2026-09-02 20:00,2026-09-03 00:00,ppc_ru_sibir_sr_gen_a-all_exp-diff-login,sibir,OFF,0
2026-09-02,2026-09-02 20:00,2026-09-03 00:00,ppc_ru_ural_sr_dsa_a-all_exp-diff-login,ural,OFF,0
2026-09-02,2026-09-02 20:00,2026-09-03 00:00,ppc_ru_ural_sr_gen_a-all_exp-diff-login,ural,OFF,0
2026-09-02,2026-09-02 20:00,2026-09-03 00:00,ppc_ru_ural_sr_s-auto_a-all_exp-diff-login,ural,OFF,0
2026-09-03,2026-09-03 00:00,2026-09-03 04:00,ppc_ru_IKT_sr_gen_a-all_exp-diff-login,sibir,ON,1
2026-09-03,2026-09-03 00:00,2026-09-03 04:00,ppc_ru_KJA_sr_dsa_a-all_exp-diff-login,KJA,OFF,0
2026-09-03,2026-09-03 00:00,2026-09-03 04:00,ppc_ru_KJA_sr_gen_a-all_exp-diff-login,KJA,OFF,0
2026-09-03,2026-09-03 00:00,2026-09-03 04:00,ppc_ru_KRR_sr_dsa_a-all_exp-diff-login,KRR,ON,1
2026-09-03,2026-09-03 00:00,2026-09-03 04:00,ppc_ru_KRR_sr_gen_a-all_exp-diff-login,KRR,ON,1
2026-09-03,2026-09-03 00:00,2026-09-03 04:00,ppc_ru_KRR_sr_s-auto_a-all_exp-diff-login,KRR,ON,1
2026-09-03,2026-09-03 00:00,2026-09-03 04:00,ppc_ru_KVKZ_sr_gen_a-all_exp-diff-login,KVKZ,OFF,0
2026-09-03,2026-09-03 00:00,2026-09-03 04:00,ppc_ru_KVKZ_sr_s-auto_a-all_exp-diff-login,KVKZ,OFF,0
2026-09-03,2026-09-03 00:00,2026-09-03 04:00,ppc_ru_KZN_sr_gen_a-all_exp-diff-login,KZN,ON,1
2026-09-03,2026-09-03 00:00,2026-09-03 04:00,ppc_ru_KZN_sr_s-auto_a-all_exp-diff-login,KZN,ON,1
2026-09-03,2026-09-03 00:00,2026-09-03 04:00,ppc_ru_LED_sr_dsa_a-all_exp-diff-login,LED,ON,1
2026-09-03,2026-09-03 00:00,2026-09-03 04:00,ppc_ru_LED_sr_gen_a-all_exp-diff-login,LED,ON,1
2026-09-03,2026-09-03 00:00,2026-09-03 04:00,ppc_ru_LED_sr_s-auto_a-all_exp-diff-login,LED,ON,1
2026-09-03,2026-09-03 00:00,2026-09-03 04:00,ppc_ru_MOW_sr_dsa_a-all_exp-diff-login,MOW,ON,1
2026-09-03,2026-09-03 00:00,2026-09-03 04:00,ppc_ru_MOW_sr_gen_a-all_exp-diff-login,MOW,ON,1
2026-09-03,2026-09-03 00:00,2026-09-03 04:00,ppc_ru_MOW_sr_s-auto_a-all_exp-diff-login,MOW,ON,1
2026-09-03,2026-09-03 00:00,2026-09-03 04:00,ppc_ru_MOW_sr_s-auto_a-all_exp-diff-login_exp_travel-aud,MOW,ON,1
2026-09-03,2026-09-03 00:00,2026-09-03 04:00,ppc_ru_OVB_sr_dsa_a-all_exp-diff-login,OVB,ON,1
2026-09-03,2026-09-03 00:00,2026-09-03 04:00,ppc_ru_OVB_sr_gen_a-all_exp-diff-login,OVB,ON,1
2026-09-03,2026-09-03 00:00,2026-09-03 04:00,ppc_ru_SVX_sr_dsa_a-all_exp-diff-login,ural,OFF,0
2026-09-03,2026-09-03 00:00,2026-09-03 04:00,ppc_ru_SVX_sr_gen_a-all_exp-diff-login,ural,OFF,0
2026-09-03,2026-09-03 00:00,2026-09-03 04:00,ppc_ru_TJM_sr_dsa_a-all_exp-diff-login,ural,OFF,0
2026-09-03,2026-09-03 00:00,2026-09-03 04:00,ppc_ru_TJM_sr_gen_a-all_exp-diff-login,ural,OFF,0
2026-09-03,2026-09-03 00:00,2026-09-03 04:00,ppc_ru_UFA_sr_dsa_a-all_exp-diff-login,UFA,ON,1
2026-09-03,2026-09-03 00:00,2026-09-03 04:00,ppc_ru_UFA_sr_gen_a-all_exp-diff-login,UFA,ON,1
2026-09-03,2026-09-03 00:00,2026-09-03 04:00,ppc_ru_centr_sr_dsa_a-all_exp-diff-login,centr,OFF,0
2026-09-03,2026-09-03 00:00,2026-09-03 04:00,ppc_ru_centr_sr_gen_a-all_exp-diff-login,centr,OFF,0
2026-09-03,2026-09-03 00:00,2026-09-03 04:00,ppc_ru_sibir_sr_dsa_a-all_exp-diff-login,sibir,ON,1
2026-09-03,2026-09-03 00:00,2026-09-03 04:00,ppc_ru_sibir_sr_gen_a-all_exp-diff-login,sibir,ON,1
2026-09-03,2026-09-03 00:00,2026-09-03 04:00,ppc_ru_ural_sr_dsa_a-all_exp-diff-login,ural,OFF,0
2026-09-03,2026-09-03 00:00,2026-09-03 04:00,ppc_ru_ural_sr_gen_a-all_exp-diff-login,ural,OFF,0
2026-09-03,2026-09-03 00:00,2026-09-03 04:00,ppc_ru_ural_sr_s-auto_a-all_exp-diff-login,ural,OFF,0
2026-09-03,2026-09-03 04:00,2026-09-03 08:00,ppc_ru_IKT_sr_gen_a-all_exp-diff-login,sibir,OFF,0
2026-09-03,2026-09-03 04:00,2026-09-03 08:00,ppc_ru_KJA_sr_dsa_a-all_exp-diff-login,KJA,OFF,0
2026-09-03,2026-09-03 04:00,2026-09-03 08:00,ppc_ru_KJA_sr_gen_a-all_exp-diff-login,KJA,OFF,0
2026-09-03,2026-09-03 04:00,2026-09-03 08:00,ppc_ru_KRR_sr_dsa_a-all_exp-diff-login,KRR,OFF,0
2026-09-03,2026-09-03 04:00,2026-09-03 08:00,ppc_ru_KRR_sr_gen_a-all_exp-diff-login,KRR,OFF,0
2026-09-03,2026-09-03 04:00,2026-09-03 08:00,ppc_ru_KRR_sr_s-auto_a-all_exp-diff-login,KRR,OFF,0
2026-09-03,2026-09-03 04:00,2026-09-03 08:00,ppc_ru_KVKZ_sr_gen_a-all_exp-diff-login,KVKZ,OFF,0
2026-09-03,2026-09-03 04:00,2026-09-03 08:00,ppc_ru_KVKZ_sr_s-auto_a-all_exp-diff-login,KVKZ,OFF,0
2026-09-03,2026-09-03 04:00,2026-09-03 08:00,ppc_ru_KZN_sr_gen_a-all_exp-diff-login,KZN,OFF,0
2026-09-03,2026-09-03 04:00,2026-09-03 08:00,ppc_ru_KZN_sr_s-auto_a-all_exp-diff-login,KZN,OFF,0
2026-09-03,2026-09-03 04:00,2026-09-03 08:00,ppc_ru_LED_sr_dsa_a-all_exp-diff-login,LED,OFF,0
2026-09-03,2026-09-03 04:00,2026-09-03 08:00,ppc_ru_LED_sr_gen_a-all_exp-diff-login,LED,OFF,0
2026-09-03,2026-09-03 04:00,2026-09-03 08:00,ppc_ru_LED_sr_s-auto_a-all_exp-diff-login,LED,OFF,0
2026-09-03,2026-09-03 04:00,2026-09-03 08:00,ppc_ru_MOW_sr_dsa_a-all_exp-diff-login,MOW,ON,1
2026-09-03,2026-09-03 04:00,2026-09-03 08:00,ppc_ru_MOW_sr_gen_a-all_exp-diff-login,MOW,ON,1
2026-09-03,2026-09-03 04:00,2026-09-03 08:00,ppc_ru_MOW_sr_s-auto_a-all_exp-diff-login,MOW,ON,1
2026-09-03,2026-09-03 04:00,2026-09-03 08:00,ppc_ru_MOW_sr_s-auto_a-all_exp-diff-login_exp_travel-aud,MOW,ON,1
2026-09-03,2026-09-03 04:00,2026-09-03 08:00,ppc_ru_OVB_sr_dsa_a-all_exp-diff-login,OVB,OFF,0
2026-09-03,2026-09-03 04:00,2026-09-03 08:00,ppc_ru_OVB_sr_gen_a-all_exp-diff-login,OVB,OFF,0
2026-09-03,2026-09-03 04:00,2026-09-03 08:00,ppc_ru_SVX_sr_dsa_a-all_exp-diff-login,ural,OFF,0
2026-09-03,2026-09-03 04:00,2026-09-03 08:00,ppc_ru_SVX_sr_gen_a-all_exp-diff-login,ural,OFF,0
2026-09-03,2026-09-03 04:00,2026-09-03 08:00,ppc_ru_TJM_sr_dsa_a-all_exp-diff-login,ural,OFF,0
2026-09-03,2026-09-03 04:00,2026-09-03 08:00,ppc_ru_TJM_sr_gen_a-all_exp-diff-login,ural,OFF,0
2026-09-03,2026-09-03 04:00,2026-09-03 08:00,ppc_ru_UFA_sr_dsa_a-all_exp-diff-login,UFA,OFF,0
2026-09-03,2026-09-03 04:00,2026-09-03 08:00,ppc_ru_UFA_sr_gen_a-all_exp-diff-login,UFA,OFF,0
2026-09-03,2026-09-03 04:00,2026-09-03 08:00,ppc_ru_centr_sr_dsa_a-all_exp-diff-login,centr,OFF,0
2026-09-03,2026-09-03 04:00,2026-09-03 08:00,ppc_ru_centr_sr_gen_a-all_exp-diff-login,centr,OFF,0
2026-09-03,2026-09-03 04:00,2026-09-03 08:00,ppc_ru_sibir_sr_dsa_a-all_exp-diff-login,sibir,OFF,0
2026-09-03,2026-09-03 04:00,2026-09-03 08:00,ppc_ru_sibir_sr_gen_a-all_exp-diff-login,sibir,OFF,0
2026-09-03,2026-09-03 04:00,2026-09-03 08:00,ppc_ru_ural_sr_dsa_a-all_exp-diff-login,ural,OFF,0
2026-09-03,2026-09-03 04:00,2026-09-03 08:00,ppc_ru_ural_sr_gen_a-all_exp-diff-login,ural,OFF,0
2026-09-03,2026-09-03 04:00,2026-09-03 08:00,ppc_ru_ural_sr_s-auto_a-all_exp-diff-login,ural,OFF,0
2026-09-03,2026-09-03 08:00,2026-09-03 12:00,ppc_ru_IKT_sr_gen_a-all_exp-diff-login,sibir,ON,1
2026-09-03,2026-09-03 08:00,2026-09-03 12:00,ppc_ru_KJA_sr_dsa_a-all_exp-diff-login,KJA,ON,1
2026-09-03,2026-09-03 08:00,2026-09-03 12:00,ppc_ru_KJA_sr_gen_a-all_exp-diff-login,KJA,ON,1
2026-09-03,2026-09-03 08:00,2026-09-03 12:00,ppc_ru_KRR_sr_dsa_a-all_exp-diff-login,KRR,OFF,0
2026-09-03,2026-09-03 08:00,2026-09-03 12:00,ppc_ru_KRR_sr_gen_a-all_exp-diff-login,KRR,OFF,0
2026-09-03,2026-09-03 08:00,2026-09-03 12:00,ppc_ru_KRR_sr_s-auto_a-all_exp-diff-login,KRR,OFF,0
2026-09-03,2026-09-03 08:00,2026-09-03 12:00,ppc_ru_KVKZ_sr_gen_a-all_exp-diff-login,KVKZ,ON,1
2026-09-03,2026-09-03 08:00,2026-09-03 12:00,ppc_ru_KVKZ_sr_s-auto_a-all_exp-diff-login,KVKZ,ON,1
2026-09-03,2026-09-03 08:00,2026-09-03 12:00,ppc_ru_KZN_sr_gen_a-all_exp-diff-login,KZN,OFF,0
2026-09-03,2026-09-03 08:00,2026-09-03 12:00,ppc_ru_KZN_sr_s-auto_a-all_exp-diff-login,KZN,OFF,0
2026-09-03,2026-09-03 08:00,2026-09-03 12:00,ppc_ru_LED_sr_dsa_a-all_exp-diff-login,LED,OFF,0
2026-09-03,2026-09-03 08:00,2026-09-03 12:00,ppc_ru_LED_sr_gen_a-all_exp-diff-login,LED,OFF,0
2026-09-03,2026-09-03 08:00,2026-09-03 12:00,ppc_ru_LED_sr_s-auto_a-all_exp-diff-login,LED,OFF,0
2026-09-03,2026-09-03 08:00,2026-09-03 12:00,ppc_ru_MOW_sr_dsa_a-all_exp-diff-login,MOW,ON,1
2026-09-03,2026-09-03 08:00,2026-09-03 12:00,ppc_ru_MOW_sr_gen_a-all_exp-diff-login,MOW,ON,1
2026-09-03,2026-09-03 08:00,2026-09-03 12:00,ppc_ru_MOW_sr_s-auto_a-all_exp-diff-login,MOW,ON,1
2026-09-03,2026-09-03 08:00,2026-09-03 12:00,ppc_ru_MOW_sr_s-auto_a-all_exp-diff-login_exp_travel-aud,MOW,ON,1
2026-09-03,2026-09-03 08:00,2026-09-03 12:00,ppc_ru_OVB_sr_dsa_a-all_exp-diff-login,OVB,OFF,0
2026-09-03,2026-09-03 08:00,2026-09-03 12:00,ppc_ru_OVB_sr_gen_a-all_exp-diff-login,OVB,OFF,0
2026-09-03,2026-09-03 08:00,2026-09-03 12:00,ppc_ru_SVX_sr_dsa_a-all_exp-diff-login,ural,ON,1
2026-09-03,2026-09-03 08:00,2026-09-03 12:00,ppc_ru_SVX_sr_gen_a-all_exp-diff-login,ural,ON,1
2026-09-03,2026-09-03 08:00,2026-09-03 12:00,ppc_ru_TJM_sr_dsa_a-all_exp-diff-login,ural,ON,1
2026-09-03,2026-09-03 08:00,2026-09-03 12:00,ppc_ru_TJM_sr_gen_a-all_exp-diff-login,ural,ON,1
2026-09-03,2026-09-03 08:00,2026-09-03 12:00,ppc_ru_UFA_sr_dsa_a-all_exp-diff-login,UFA,ON,1
2026-09-03,2026-09-03 08:00,2026-09-03 12:00,ppc_ru_UFA_sr_gen_a-all_exp-diff-login,UFA,ON,1
2026-09-03,2026-09-03 08:00,2026-09-03 12:00,ppc_ru_centr_sr_dsa_a-all_exp-diff-login,centr,ON,1
2026-09-03,2026-09-03 08:00,2026-09-03 12:00,ppc_ru_centr_sr_gen_a-all_exp-diff-login,centr,ON,1
2026-09-03,2026-09-03 08:00,2026-09-03 12:00,ppc_ru_sibir_sr_dsa_a-all_exp-diff-login,sibir,ON,1
2026-09-03,2026-09-03 08:00,2026-09-03 12:00,ppc_ru_sibir_sr_gen_a-all_exp-diff-login,sibir,ON,1
2026-09-03,2026-09-03 08:00,2026-09-03 12:00,ppc_ru_ural_sr_dsa_a-all_exp-diff-login,ural,ON,1
2026-09-03,2026-09-03 08:00,2026-09-03 12:00,ppc_ru_ural_sr_gen_a-all_exp-diff-login,ural,ON,1
2026-09-03,2026-09-03 08:00,2026-09-03 12:00,ppc_ru_ural_sr_s-auto_a-all_exp-diff-login,ural,ON,1
2026-09-03,2026-09-03 12:00,2026-09-03 16:00,ppc_ru_IKT_sr_gen_a-all_exp-diff-login,sibir,OFF,0
2026-09-03,2026-09-03 12:00,2026-09-03 16:00,ppc_ru_KJA_sr_dsa_a-all_exp-diff-login,KJA,OFF,0
2026-09-03,2026-09-03 12:00,2026-09-03 16:00,ppc_ru_KJA_sr_gen_a-all_exp-diff-login,KJA,OFF,0
2026-09-03,2026-09-03 12:00,2026-09-03 16:00,ppc_ru_KRR_sr_dsa_a-all_exp-diff-login,KRR,ON,1
2026-09-03,2026-09-03 12:00,2026-09-03 16:00,ppc_ru_KRR_sr_gen_a-all_exp-diff-login,KRR,ON,1
2026-09-03,2026-09-03 12:00,2026-09-03 16:00,ppc_ru_KRR_sr_s-auto_a-all_exp-diff-login,KRR,ON,1
2026-09-03,2026-09-03 12:00,2026-09-03 16:00,ppc_ru_KVKZ_sr_gen_a-all_exp-diff-login,KVKZ,ON,1
2026-09-03,2026-09-03 12:00,2026-09-03 16:00,ppc_ru_KVKZ_sr_s-auto_a-all_exp-diff-login,KVKZ,ON,1
2026-09-03,2026-09-03 12:00,2026-09-03 16:00,ppc_ru_KZN_sr_gen_a-all_exp-diff-login,KZN,ON,1
2026-09-03,2026-09-03 12:00,2026-09-03 16:00,ppc_ru_KZN_sr_s-auto_a-all_exp-diff-login,KZN,ON,1
2026-09-03,2026-09-03 12:00,2026-09-03 16:00,ppc_ru_LED_sr_dsa_a-all_exp-diff-login,LED,OFF,0
2026-09-03,2026-09-03 12:00,2026-09-03 16:00,ppc_ru_LED_sr_gen_a-all_exp-diff-login,LED,OFF,0
2026-09-03,2026-09-03 12:00,2026-09-03 16:00,ppc_ru_LED_sr_s-auto_a-all_exp-diff-login,LED,OFF,0
2026-09-03,2026-09-03 12:00,2026-09-03 16:00,ppc_ru_MOW_sr_dsa_a-all_exp-diff-login,MOW,OFF,0
2026-09-03,2026-09-03 12:00,2026-09-03 16:00,ppc_ru_MOW_sr_gen_a-all_exp-diff-login,MOW,OFF,0
2026-09-03,2026-09-03 12:00,2026-09-03 16:00,ppc_ru_MOW_sr_s-auto_a-all_exp-diff-login,MOW,OFF,0
2026-09-03,2026-09-03 12:00,2026-09-03 16:00,ppc_ru_MOW_sr_s-auto_a-all_exp-diff-login_exp_travel-aud,MOW,OFF,0
2026-09-03,2026-09-03 12:00,2026-09-03 16:00,ppc_ru_OVB_sr_dsa_a-all_exp-diff-login,OVB,ON,1
2026-09-03,2026-09-03 12:00,2026-09-03 16:00,ppc_ru_OVB_sr_gen_a-all_exp-diff-login,OVB,ON,1
2026-09-03,2026-09-03 12:00,2026-09-03 16:00,ppc_ru_SVX_sr_dsa_a-all_exp-diff-login,ural,ON,1
2026-09-03,2026-09-03 12:00,2026-09-03 16:00,ppc_ru_SVX_sr_gen_a-all_exp-diff-login,ural,ON,1
2026-09-03,2026-09-03 12:00,2026-09-03 16:00,ppc_ru_TJM_sr_dsa_a-all_exp-diff-login,ural,ON,1
2026-09-03,2026-09-03 12:00,2026-09-03 16:00,ppc_ru_TJM_sr_gen_a-all_exp-diff-login,ural,ON,1
2026-09-03,2026-09-03 12:00,2026-09-03 16:00,ppc_ru_UFA_sr_dsa_a-all_exp-diff-login,UFA,ON,1
2026-09-03,2026-09-03 12:00,2026-09-03 16:00,ppc_ru_UFA_sr_gen_a-all_exp-diff-login,UFA,ON,1
2026-09-03,2026-09-03 12:00,2026-09-03 16:00,ppc_ru_centr_sr_dsa_a-all_exp-diff-login,centr,ON,1
2026-09-03,2026-09-03 12:00,2026-09-03 16:00,ppc_ru_centr_sr_gen_a-all_exp-diff-login,centr,ON,1
2026-09-03,2026-09-03 12:00,2026-09-03 16:00,ppc_ru_sibir_sr_dsa_a-all_exp-diff-login,sibir,OFF,0
2026-09-03,2026-09-03 12:00,2026-09-03 16:00,ppc_ru_sibir_sr_gen_a-all_exp-diff-login,sibir,OFF,0
2026-09-03,2026-09-03 12:00,2026-09-03 16:00,ppc_ru_ural_sr_dsa_a-all_exp-diff-login,ural,ON,1
2026-09-03,2026-09-03 12:00,2026-09-03 16:00,ppc_ru_ural_sr_gen_a-all_exp-diff-login,ural,ON,1
2026-09-03,2026-09-03 12:00,2026-09-03 16:00,ppc_ru_ural_sr_s-auto_a-all_exp-diff-login,ural,ON,1
2026-09-03,2026-09-03 16:00,2026-09-03 20:00,ppc_ru_IKT_sr_gen_a-all_exp-diff-login,sibir,OFF,0
2026-09-03,2026-09-03 16:00,2026-09-03 20:00,ppc_ru_KJA_sr_dsa_a-all_exp-diff-login,KJA,ON,1
2026-09-03,2026-09-03 16:00,2026-09-03 20:00,ppc_ru_KJA_sr_gen_a-all_exp-diff-login,KJA,ON,1
2026-09-03,2026-09-03 16:00,2026-09-03 20:00,ppc_ru_KRR_sr_dsa_a-all_exp-diff-login,KRR,OFF,0
2026-09-03,2026-09-03 16:00,2026-09-03 20:00,ppc_ru_KRR_sr_gen_a-all_exp-diff-login,KRR,OFF,0
2026-09-03,2026-09-03 16:00,2026-09-03 20:00,ppc_ru_KRR_sr_s-auto_a-all_exp-diff-login,KRR,OFF,0
2026-09-03,2026-09-03 16:00,2026-09-03 20:00,ppc_ru_KVKZ_sr_gen_a-all_exp-diff-login,KVKZ,ON,1
2026-09-03,2026-09-03 16:00,2026-09-03 20:00,ppc_ru_KVKZ_sr_s-auto_a-all_exp-diff-login,KVKZ,ON,1
2026-09-03,2026-09-03 16:00,2026-09-03 20:00,ppc_ru_KZN_sr_gen_a-all_exp-diff-login,KZN,OFF,0
2026-09-03,2026-09-03 16:00,2026-09-03 20:00,ppc_ru_KZN_sr_s-auto_a-all_exp-diff-login,KZN,OFF,0
2026-09-03,2026-09-03 16:00,2026-09-03 20:00,ppc_ru_LED_sr_dsa_a-all_exp-diff-login,LED,ON,1
2026-09-03,2026-09-03 16:00,2026-09-03 20:00,ppc_ru_LED_sr_gen_a-all_exp-diff-login,LED,ON,1
2026-09-03,2026-09-03 16:00,2026-09-03 20:00,ppc_ru_LED_sr_s-auto_a-all_exp-diff-login,LED,ON,1
2026-09-03,2026-09-03 16:00,2026-09-03 20:00,ppc_ru_MOW_sr_dsa_a-all_exp-diff-login,MOW,OFF,0
2026-09-03,2026-09-03 16:00,2026-09-03 20:00,ppc_ru_MOW_sr_gen_a-all_exp-diff-login,MOW,OFF,0
2026-09-03,2026-09-03 16:00,2026-09-03 20:00,ppc_ru_MOW_sr_s-auto_a-all_exp-diff-login,MOW,OFF,0
2026-09-03,2026-09-03 16:00,2026-09-03 20:00,ppc_ru_MOW_sr_s-auto_a-all_exp-diff-login_exp_travel-aud,MOW,OFF,0
2026-09-03,2026-09-03 16:00,2026-09-03 20:00,ppc_ru_OVB_sr_dsa_a-all_exp-diff-login,OVB,OFF,0
2026-09-03,2026-09-03 16:00,2026-09-03 20:00,ppc_ru_OVB_sr_gen_a-all_exp-diff-login,OVB,OFF,0
2026-09-03,2026-09-03 16:00,2026-09-03 20:00,ppc_ru_SVX_sr_dsa_a-all_exp-diff-login,ural,OFF,0
2026-09-03,2026-09-03 16:00,2026-09-03 20:00,ppc_ru_SVX_sr_gen_a-all_exp-diff-login,ural,OFF,0
2026-09-03,2026-09-03 16:00,2026-09-03 20:00,ppc_ru_TJM_sr_dsa_a-all_exp-diff-login,ural,OFF,0
2026-09-03,2026-09-03 16:00,2026-09-03 20:00,ppc_ru_TJM_sr_gen_a-all_exp-diff-login,ural,OFF,0
2026-09-03,2026-09-03 16:00,2026-09-03 20:00,ppc_ru_UFA_sr_dsa_a-all_exp-diff-login,UFA,OFF,0
2026-09-03,2026-09-03 16:00,2026-09-03 20:00,ppc_ru_UFA_sr_gen_a-all_exp-diff-login,UFA,OFF,0
2026-09-03,2026-09-03 16:00,2026-09-03 20:00,ppc_ru_centr_sr_dsa_a-all_exp-diff-login,centr,ON,1
2026-09-03,2026-09-03 16:00,2026-09-03 20:00,ppc_ru_centr_sr_gen_a-all_exp-diff-login,centr,ON,1
2026-09-03,2026-09-03 16:00,2026-09-03 20:00,ppc_ru_sibir_sr_dsa_a-all_exp-diff-login,sibir,OFF,0
2026-09-03,2026-09-03 16:00,2026-09-03 20:00,ppc_ru_sibir_sr_gen_a-all_exp-diff-login,sibir,OFF,0
2026-09-03,2026-09-03 16:00,2026-09-03 20:00,ppc_ru_ural_sr_dsa_a-all_exp-diff-login,ural,OFF,0
2026-09-03,2026-09-03 16:00,2026-09-03 20:00,ppc_ru_ural_sr_gen_a-all_exp-diff-login,ural,OFF,0
2026-09-03,2026-09-03 16:00,2026-09-03 20:00,ppc_ru_ural_sr_s-auto_a-all_exp-diff-login,ural,OFF,0
2026-09-03,2026-09-03 20:00,2026-09-04 00:00,ppc_ru_IKT_sr_gen_a-all_exp-diff-login,sibir,ON,1
2026-09-03,2026-09-03 20:00,2026-09-04 00:00,ppc_ru_KJA_sr_dsa_a-all_exp-diff-login,KJA,ON,1
2026-09-03,2026-09-03 20:00,2026-09-04 00:00,ppc_ru_KJA_sr_gen_a-all_exp-diff-login,KJA,ON,1
2026-09-03,2026-09-03 20:00,2026-09-04 00:00,ppc_ru_KRR_sr_dsa_a-all_exp-diff-login,KRR,ON,1
2026-09-03,2026-09-03 20:00,2026-09-04 00:00,ppc_ru_KRR_sr_gen_a-all_exp-diff-login,KRR,ON,1
2026-09-03,2026-09-03 20:00,2026-09-04 00:00,ppc_ru_KRR_sr_s-auto_a-all_exp-diff-login,KRR,ON,1
2026-09-03,2026-09-03 20:00,2026-09-04 00:00,ppc_ru_KVKZ_sr_gen_a-all_exp-diff-login,KVKZ,OFF,0
2026-09-03,2026-09-03 20:00,2026-09-04 00:00,ppc_ru_KVKZ_sr_s-auto_a-all_exp-diff-login,KVKZ,OFF,0
2026-09-03,2026-09-03 20:00,2026-09-04 00:00,ppc_ru_KZN_sr_gen_a-all_exp-diff-login,KZN,ON,1
2026-09-03,2026-09-03 20:00,2026-09-04 00:00,ppc_ru_KZN_sr_s-auto_a-all_exp-diff-login,KZN,ON,1
2026-09-03,2026-09-03 20:00,2026-09-04 00:00,ppc_ru_LED_sr_dsa_a-all_exp-diff-login,LED,ON,1
2026-09-03,2026-09-03 20:00,2026-09-04 00:00,ppc_ru_LED_sr_gen_a-all_exp-diff-login,LED,ON,1
2026-09-03,2026-09-03 20:00,2026-09-04 00:00,ppc_ru_LED_sr_s-auto_a-all_exp-diff-login,LED,ON,1
2026-09-03,2026-09-03 20:00,2026-09-04 00:00,ppc_ru_MOW_sr_dsa_a-all_exp-diff-login,MOW,OFF,0
2026-09-03,2026-09-03 20:00,2026-09-04 00:00,ppc_ru_MOW_sr_gen_a-all_exp-diff-login,MOW,OFF,0
2026-09-03,2026-09-03 20:00,2026-09-04 00:00,ppc_ru_MOW_sr_s-auto_a-all_exp-diff-login,MOW,OFF,0
2026-09-03,2026-09-03 20:00,2026-09-04 00:00,ppc_ru_MOW_sr_s-auto_a-all_exp-diff-login_exp_travel-aud,MOW,OFF,0
2026-09-03,2026-09-03 20:00,2026-09-04 00:00,ppc_ru_OVB_sr_dsa_a-all_exp-diff-login,OVB,ON,1
2026-09-03,2026-09-03 20:00,2026-09-04 00:00,ppc_ru_OVB_sr_gen_a-all_exp-diff-login,OVB,ON,1
2026-09-03,2026-09-03 20:00,2026-09-04 00:00,ppc_ru_SVX_sr_dsa_a-all_exp-diff-login,ural,ON,1
2026-09-03,2026-09-03 20:00,2026-09-04 00:00,ppc_ru_SVX_sr_gen_a-all_exp-diff-login,ural,ON,1
2026-09-03,2026-09-03 20:00,2026-09-04 00:00,ppc_ru_TJM_sr_dsa_a-all_exp-diff-login,ural,ON,1
2026-09-03,2026-09-03 20:00,2026-09-04 00:00,ppc_ru_TJM_sr_gen_a-all_exp-diff-login,ural,ON,1
2026-09-03,2026-09-03 20:00,2026-09-04 00:00,ppc_ru_UFA_sr_dsa_a-all_exp-diff-login,UFA,OFF,0
2026-09-03,2026-09-03 20:00,2026-09-04 00:00,ppc_ru_UFA_sr_gen_a-all_exp-diff-login,UFA,OFF,0
2026-09-03,2026-09-03 20:00,2026-09-04 00:00,ppc_ru_centr_sr_dsa_a-all_exp-diff-login,centr,OFF,0
2026-09-03,2026-09-03 20:00,2026-09-04 00:00,ppc_ru_centr_sr_gen_a-all_exp-diff-login,centr,OFF,0
2026-09-03,2026-09-03 20:00,2026-09-04 00:00,ppc_ru_sibir_sr_dsa_a-all_exp-diff-login,sibir,ON,1
2026-09-03,2026-09-03 20:00,2026-09-04 00:00,ppc_ru_sibir_sr_gen_a-all_exp-diff-login,sibir,ON,1
2026-09-03,2026-09-03 20:00,2026-09-04 00:00,ppc_ru_ural_sr_dsa_a-all_exp-diff-login,ural,ON,1
2026-09-03,2026-09-03 20:00,2026-09-04 00:00,ppc_ru_ural_sr_gen_a-all_exp-diff-login,ural,ON,1
2026-09-03,2026-09-03 20:00,2026-09-04 00:00,ppc_ru_ural_sr_s-auto_a-all_exp-diff-login,ural,ON,1
2026-09-04,2026-09-04 00:00,2026-09-04 04:00,ppc_ru_IKT_sr_gen_a-all_exp-diff-login,sibir,OFF,0
2026-09-04,2026-09-04 00:00,2026-09-04 04:00,ppc_ru_KJA_sr_dsa_a-all_exp-diff-login,KJA,OFF,0
2026-09-04,2026-09-04 00:00,2026-09-04 04:00,ppc_ru_KJA_sr_gen_a-all_exp-diff-login,KJA,OFF,0
2026-09-04,2026-09-04 00:00,2026-09-04 04:00,ppc_ru_KRR_sr_dsa_a-all_exp-diff-login,KRR,OFF,0
2026-09-04,2026-09-04 00:00,2026-09-04 04:00,ppc_ru_KRR_sr_gen_a-all_exp-diff-login,KRR,OFF,0
2026-09-04,2026-09-04 00:00,2026-09-04 04:00,ppc_ru_KRR_sr_s-auto_a-all_exp-diff-login,KRR,OFF,0
2026-09-04,2026-09-04 00:00,2026-09-04 04:00,ppc_ru_KVKZ_sr_gen_a-all_exp-diff-login,KVKZ,OFF,0
2026-09-04,2026-09-04 00:00,2026-09-04 04:00,ppc_ru_KVKZ_sr_s-auto_a-all_exp-diff-login,KVKZ,OFF,0
2026-09-04,2026-09-04 00:00,2026-09-04 04:00,ppc_ru_KZN_sr_gen_a-all_exp-diff-login,KZN,ON,1
2026-09-04,2026-09-04 00:00,2026-09-04 04:00,ppc_ru_KZN_sr_s-auto_a-all_exp-diff-login,KZN,ON,1
2026-09-04,2026-09-04 00:00,2026-09-04 04:00,ppc_ru_LED_sr_dsa_a-all_exp-diff-login,LED,OFF,0
2026-09-04,2026-09-04 00:00,2026-09-04 04:00,ppc_ru_LED_sr_gen_a-all_exp-diff-login,LED,OFF,0
2026-09-04,2026-09-04 00:00,2026-09-04 04:00,ppc_ru_LED_sr_s-auto_a-all_exp-diff-login,LED,OFF,0
2026-09-04,2026-09-04 00:00,2026-09-04 04:00,ppc_ru_MOW_sr_dsa_a-all_exp-diff-login,MOW,OFF,0
2026-09-04,2026-09-04 00:00,2026-09-04 04:00,ppc_ru_MOW_sr_gen_a-all_exp-diff-login,MOW,OFF,0
2026-09-04,2026-09-04 00:00,2026-09-04 04:00,ppc_ru_MOW_sr_s-auto_a-all_exp-diff-login,MOW,OFF,0
2026-09-04,2026-09-04 00:00,2026-09-04 04:00,ppc_ru_MOW_sr_s-auto_a-all_exp-diff-login_exp_travel-aud,MOW,OFF,0
2026-09-04,2026-09-04 00:00,2026-09-04 04:00,ppc_ru_OVB_sr_dsa_a-all_exp-diff-login,OVB,ON,1
2026-09-04,2026-09-04 00:00,2026-09-04 04:00,ppc_ru_OVB_sr_gen_a-all_exp-diff-login,OVB,ON,1
2026-09-04,2026-09-04 00:00,2026-09-04 04:00,ppc_ru_SVX_sr_dsa_a-all_exp-diff-login,ural,ON,1
2026-09-04,2026-09-04 00:00,2026-09-04 04:00,ppc_ru_SVX_sr_gen_a-all_exp-diff-login,ural,ON,1
2026-09-04,2026-09-04 00:00,2026-09-04 04:00,ppc_ru_TJM_sr_dsa_a-all_exp-diff-login,ural,ON,1
2026-09-04,2026-09-04 00:00,2026-09-04 04:00,ppc_ru_TJM_sr_gen_a-all_exp-diff-login,ural,ON,1
2026-09-04,2026-09-04 00:00,2026-09-04 04:00,ppc_ru_UFA_sr_dsa_a-all_exp-diff-login,UFA,ON,1
2026-09-04,2026-09-04 00:00,2026-09-04 04:00,ppc_ru_UFA_sr_gen_a-all_exp-diff-login,UFA,ON,1
2026-09-04,2026-09-04 00:00,2026-09-04 04:00,ppc_ru_centr_sr_dsa_a-all_exp-diff-login,centr,ON,1
2026-09-04,2026-09-04 00:00,2026-09-04 04:00,ppc_ru_centr_sr_gen_a-all_exp-diff-login,centr,ON,1
2026-09-04,2026-09-04 00:00,2026-09-04 04:00,ppc_ru_sibir_sr_dsa_a-all_exp-diff-login,sibir,OFF,0
2026-09-04,2026-09-04 00:00,2026-09-04 04:00,ppc_ru_sibir_sr_gen_a-all_exp-diff-login,sibir,OFF,0
2026-09-04,2026-09-04 00:00,2026-09-04 04:00,ppc_ru_ural_sr_dsa_a-all_exp-diff-login,ural,ON,1
2026-09-04,2026-09-04 00:00,2026-09-04 04:00,ppc_ru_ural_sr_gen_a-all_exp-diff-login,ural,ON,1
2026-09-04,2026-09-04 00:00,2026-09-04 04:00,ppc_ru_ural_sr_s-auto_a-all_exp-diff-login,ural,ON,1
2026-09-04,2026-09-04 04:00,2026-09-04 08:00,ppc_ru_IKT_sr_gen_a-all_exp-diff-login,sibir,OFF,0
2026-09-04,2026-09-04 04:00,2026-09-04 08:00,ppc_ru_KJA_sr_dsa_a-all_exp-diff-login,KJA,ON,1
2026-09-04,2026-09-04 04:00,2026-09-04 08:00,ppc_ru_KJA_sr_gen_a-all_exp-diff-login,KJA,ON,1
2026-09-04,2026-09-04 04:00,2026-09-04 08:00,ppc_ru_KRR_sr_dsa_a-all_exp-diff-login,KRR,OFF,0
2026-09-04,2026-09-04 04:00,2026-09-04 08:00,ppc_ru_KRR_sr_gen_a-all_exp-diff-login,KRR,OFF,0
2026-09-04,2026-09-04 04:00,2026-09-04 08:00,ppc_ru_KRR_sr_s-auto_a-all_exp-diff-login,KRR,OFF,0
2026-09-04,2026-09-04 04:00,2026-09-04 08:00,ppc_ru_KVKZ_sr_gen_a-all_exp-diff-login,KVKZ,OFF,0
2026-09-04,2026-09-04 04:00,2026-09-04 08:00,ppc_ru_KVKZ_sr_s-auto_a-all_exp-diff-login,KVKZ,OFF,0
2026-09-04,2026-09-04 04:00,2026-09-04 08:00,ppc_ru_KZN_sr_gen_a-all_exp-diff-login,KZN,ON,1
2026-09-04,2026-09-04 04:00,2026-09-04 08:00,ppc_ru_KZN_sr_s-auto_a-all_exp-diff-login,KZN,ON,1
2026-09-04,2026-09-04 04:00,2026-09-04 08:00,ppc_ru_LED_sr_dsa_a-all_exp-diff-login,LED,ON,1
2026-09-04,2026-09-04 04:00,2026-09-04 08:00,ppc_ru_LED_sr_gen_a-all_exp-diff-login,LED,ON,1
2026-09-04,2026-09-04 04:00,2026-09-04 08:00,ppc_ru_LED_sr_s-auto_a-all_exp-diff-login,LED,ON,1
2026-09-04,2026-09-04 04:00,2026-09-04 08:00,ppc_ru_MOW_sr_dsa_a-all_exp-diff-login,MOW,ON,1
2026-09-04,2026-09-04 04:00,2026-09-04 08:00,ppc_ru_MOW_sr_gen_a-all_exp-diff-login,MOW,ON,1
2026-09-04,2026-09-04 04:00,2026-09-04 08:00,ppc_ru_MOW_sr_s-auto_a-all_exp-diff-login,MOW,ON,1
2026-09-04,2026-09-04 04:00,2026-09-04 08:00,ppc_ru_MOW_sr_s-auto_a-all_exp-diff-login_exp_travel-aud,MOW,ON,1
2026-09-04,2026-09-04 04:00,2026-09-04 08:00,ppc_ru_OVB_sr_dsa_a-all_exp-diff-login,OVB,OFF,0
2026-09-04,2026-09-04 04:00,2026-09-04 08:00,ppc_ru_OVB_sr_gen_a-all_exp-diff-login,OVB,OFF,0
2026-09-04,2026-09-04 04:00,2026-09-04 08:00,ppc_ru_SVX_sr_dsa_a-all_exp-diff-login,ural,ON,1
2026-09-04,2026-09-04 04:00,2026-09-04 08:00,ppc_ru_SVX_sr_gen_a-all_exp-diff-login,ural,ON,1
2026-09-04,2026-09-04 04:00,2026-09-04 08:00,ppc_ru_TJM_sr_dsa_a-all_exp-diff-login,ural,ON,1
2026-09-04,2026-09-04 04:00,2026-09-04 08:00,ppc_ru_TJM_sr_gen_a-all_exp-diff-login,ural,ON,1
2026-09-04,2026-09-04 04:00,2026-09-04 08:00,ppc_ru_UFA_sr_dsa_a-all_exp-diff-login,UFA,ON,1
2026-09-04,2026-09-04 04:00,2026-09-04 08:00,ppc_ru_UFA_sr_gen_a-all_exp-diff-login,UFA,ON,1
2026-09-04,2026-09-04 04:00,2026-09-04 08:00,ppc_ru_centr_sr_dsa_a-all_exp-diff-login,centr,ON,1
2026-09-04,2026-09-04 04:00,2026-09-04 08:00,ppc_ru_centr_sr_gen_a-all_exp-diff-login,centr,ON,1
2026-09-04,2026-09-04 04:00,2026-09-04 08:00,ppc_ru_sibir_sr_dsa_a-all_exp-diff-login,sibir,OFF,0
2026-09-04,2026-09-04 04:00,2026-09-04 08:00,ppc_ru_sibir_sr_gen_a-all_exp-diff-login,sibir,OFF,0
2026-09-04,2026-09-04 04:00,2026-09-04 08:00,ppc_ru_ural_sr_dsa_a-all_exp-diff-login,ural,ON,1
2026-09-04,2026-09-04 04:00,2026-09-04 08:00,ppc_ru_ural_sr_gen_a-all_exp-diff-login,ural,ON,1
2026-09-04,2026-09-04 04:00,2026-09-04 08:00,ppc_ru_ural_sr_s-auto_a-all_exp-diff-login,ural,ON,1
2026-09-04,2026-09-04 08:00,2026-09-04 12:00,ppc_ru_IKT_sr_gen_a-all_exp-diff-login,sibir,ON,1
2026-09-04,2026-09-04 08:00,2026-09-04 12:00,ppc_ru_KJA_sr_dsa_a-all_exp-diff-login,KJA,OFF,0
2026-09-04,2026-09-04 08:00,2026-09-04 12:00,ppc_ru_KJA_sr_gen_a-all_exp-diff-login,KJA,OFF,0
2026-09-04,2026-09-04 08:00,2026-09-04 12:00,ppc_ru_KRR_sr_dsa_a-all_exp-diff-login,KRR,ON,1
2026-09-04,2026-09-04 08:00,2026-09-04 12:00,ppc_ru_KRR_sr_gen_a-all_exp-diff-login,KRR,ON,1
2026-09-04,2026-09-04 08:00,2026-09-04 12:00,ppc_ru_KRR_sr_s-auto_a-all_exp-diff-login,KRR,ON,1
2026-09-04,2026-09-04 08:00,2026-09-04 12:00,ppc_ru_KVKZ_sr_gen_a-all_exp-diff-login,KVKZ,ON,1
2026-09-04,2026-09-04 08:00,2026-09-04 12:00,ppc_ru_KVKZ_sr_s-auto_a-all_exp-diff-login,KVKZ,ON,1
2026-09-04,2026-09-04 08:00,2026-09-04 12:00,ppc_ru_KZN_sr_gen_a-all_exp-diff-login,KZN,ON,1
2026-09-04,2026-09-04 08:00,2026-09-04 12:00,ppc_ru_KZN_sr_s-auto_a-all_exp-diff-login,KZN,ON,1
2026-09-04,2026-09-04 08:00,2026-09-04 12:00,ppc_ru_LED_sr_dsa_a-all_exp-diff-login,LED,OFF,0
2026-09-04,2026-09-04 08:00,2026-09-04 12:00,ppc_ru_LED_sr_gen_a-all_exp-diff-login,LED,OFF,0
2026-09-04,2026-09-04 08:00,2026-09-04 12:00,ppc_ru_LED_sr_s-auto_a-all_exp-diff-login,LED,OFF,0
2026-09-04,2026-09-04 08:00,2026-09-04 12:00,ppc_ru_MOW_sr_dsa_a-all_exp-diff-login,MOW,ON,1
2026-09-04,2026-09-04 08:00,2026-09-04 12:00,ppc_ru_MOW_sr_gen_a-all_exp-diff-login,MOW,ON,1
2026-09-04,2026-09-04 08:00,2026-09-04 12:00,ppc_ru_MOW_sr_s-auto_a-all_exp-diff-login,MOW,ON,1
2026-09-04,2026-09-04 08:00,2026-09-04 12:00,ppc_ru_MOW_sr_s-auto_a-all_exp-diff-login_exp_travel-aud,MOW,ON,1
2026-09-04,2026-09-04 08:00,2026-09-04 12:00,ppc_ru_OVB_sr_dsa_a-all_exp-diff-login,OVB,OFF,0
2026-09-04,2026-09-04 08:00,2026-09-04 12:00,ppc_ru_OVB_sr_gen_a-all_exp-diff-login,OVB,OFF,0
2026-09-04,2026-09-04 08:00,2026-09-04 12:00,ppc_ru_SVX_sr_dsa_a-all_exp-diff-login,ural,ON,1
2026-09-04,2026-09-04 08:00,2026-09-04 12:00,ppc_ru_SVX_sr_gen_a-all_exp-diff-login,ural,ON,1
2026-09-04,2026-09-04 08:00,2026-09-04 12:00,ppc_ru_TJM_sr_dsa_a-all_exp-diff-login,ural,ON,1
2026-09-04,2026-09-04 08:00,2026-09-04 12:00,ppc_ru_TJM_sr_gen_a-all_exp-diff-login,ural,ON,1
2026-09-04,2026-09-04 08:00,2026-09-04 12:00,ppc_ru_UFA_sr_dsa_a-all_exp-diff-login,UFA,OFF,0
2026-09-04,2026-09-04 08:00,2026-09-04 12:00,ppc_ru_UFA_sr_gen_a-all_exp-diff-login,UFA,OFF,0
2026-09-04,2026-09-04 08:00,2026-09-04 12:00,ppc_ru_centr_sr_dsa_a-all_exp-diff-login,centr,OFF,0
2026-09-04,2026-09-04 08:00,2026-09-04 12:00,ppc_ru_centr_sr_gen_a-all_exp-diff-login,centr,OFF,0
2026-09-04,2026-09-04 08:00,2026-09-04 12:00,ppc_ru_sibir_sr_dsa_a-all_exp-diff-login,sibir,ON,1
2026-09-04,2026-09-04 08:00,2026-09-04 12:00,ppc_ru_sibir_sr_gen_a-all_exp-diff-login,sibir,ON,1
2026-09-04,2026-09-04 08:00,2026-09-04 12:00,ppc_ru_ural_sr_dsa_a-all_exp-diff-login,ural,ON,1
2026-09-04,2026-09-04 08:00,2026-09-04 12:00,ppc_ru_ural_sr_gen_a-all_exp-diff-login,ural,ON,1
2026-09-04,2026-09-04 08:00,2026-09-04 12:00,ppc_ru_ural_sr_s-auto_a-all_exp-diff-login,ural,ON,1
2026-09-04,2026-09-04 12:00,2026-09-04 16:00,ppc_ru_IKT_sr_gen_a-all_exp-diff-login,sibir,ON,1
2026-09-04,2026-09-04 12:00,2026-09-04 16:00,ppc_ru_KJA_sr_dsa_a-all_exp-diff-login,KJA,ON,1
2026-09-04,2026-09-04 12:00,2026-09-04 16:00,ppc_ru_KJA_sr_gen_a-all_exp-diff-login,KJA,ON,1
2026-09-04,2026-09-04 12:00,2026-09-04 16:00,ppc_ru_KRR_sr_dsa_a-all_exp-diff-login,KRR,OFF,0
2026-09-04,2026-09-04 12:00,2026-09-04 16:00,ppc_ru_KRR_sr_gen_a-all_exp-diff-login,KRR,OFF,0
2026-09-04,2026-09-04 12:00,2026-09-04 16:00,ppc_ru_KRR_sr_s-auto_a-all_exp-diff-login,KRR,OFF,0
2026-09-04,2026-09-04 12:00,2026-09-04 16:00,ppc_ru_KVKZ_sr_gen_a-all_exp-diff-login,KVKZ,OFF,0
2026-09-04,2026-09-04 12:00,2026-09-04 16:00,ppc_ru_KVKZ_sr_s-auto_a-all_exp-diff-login,KVKZ,OFF,0
2026-09-04,2026-09-04 12:00,2026-09-04 16:00,ppc_ru_KZN_sr_gen_a-all_exp-diff-login,KZN,OFF,0
2026-09-04,2026-09-04 12:00,2026-09-04 16:00,ppc_ru_KZN_sr_s-auto_a-all_exp-diff-login,KZN,OFF,0
2026-09-04,2026-09-04 12:00,2026-09-04 16:00,ppc_ru_LED_sr_dsa_a-all_exp-diff-login,LED,ON,1
2026-09-04,2026-09-04 12:00,2026-09-04 16:00,ppc_ru_LED_sr_gen_a-all_exp-diff-login,LED,ON,1
2026-09-04,2026-09-04 12:00,2026-09-04 16:00,ppc_ru_LED_sr_s-auto_a-all_exp-diff-login,LED,ON,1
2026-09-04,2026-09-04 12:00,2026-09-04 16:00,ppc_ru_MOW_sr_dsa_a-all_exp-diff-login,MOW,ON,1
2026-09-04,2026-09-04 12:00,2026-09-04 16:00,ppc_ru_MOW_sr_gen_a-all_exp-diff-login,MOW,ON,1
2026-09-04,2026-09-04 12:00,2026-09-04 16:00,ppc_ru_MOW_sr_s-auto_a-all_exp-diff-login,MOW,ON,1
2026-09-04,2026-09-04 12:00,2026-09-04 16:00,ppc_ru_MOW_sr_s-auto_a-all_exp-diff-login_exp_travel-aud,MOW,ON,1
2026-09-04,2026-09-04 12:00,2026-09-04 16:00,ppc_ru_OVB_sr_dsa_a-all_exp-diff-login,OVB,ON,1
2026-09-04,2026-09-04 12:00,2026-09-04 16:00,ppc_ru_OVB_sr_gen_a-all_exp-diff-login,OVB,ON,1
2026-09-04,2026-09-04 12:00,2026-09-04 16:00,ppc_ru_SVX_sr_dsa_a-all_exp-diff-login,ural,OFF,0
2026-09-04,2026-09-04 12:00,2026-09-04 16:00,ppc_ru_SVX_sr_gen_a-all_exp-diff-login,ural,OFF,0
2026-09-04,2026-09-04 12:00,2026-09-04 16:00,ppc_ru_TJM_sr_dsa_a-all_exp-diff-login,ural,OFF,0
2026-09-04,2026-09-04 12:00,2026-09-04 16:00,ppc_ru_TJM_sr_gen_a-all_exp-diff-login,ural,OFF,0
2026-09-04,2026-09-04 12:00,2026-09-04 16:00,ppc_ru_UFA_sr_dsa_a-all_exp-diff-login,UFA,OFF,0
2026-09-04,2026-09-04 12:00,2026-09-04 16:00,ppc_ru_UFA_sr_gen_a-all_exp-diff-login,UFA,OFF,0
2026-09-04,2026-09-04 12:00,2026-09-04 16:00,ppc_ru_centr_sr_dsa_a-all_exp-diff-login,centr,ON,1
2026-09-04,2026-09-04 12:00,2026-09-04 16:00,ppc_ru_centr_sr_gen_a-all_exp-diff-login,centr,ON,1
2026-09-04,2026-09-04 12:00,2026-09-04 16:00,ppc_ru_sibir_sr_dsa_a-all_exp-diff-login,sibir,ON,1
2026-09-04,2026-09-04 12:00,2026-09-04 16:00,ppc_ru_sibir_sr_gen_a-all_exp-diff-login,sibir,ON,1
2026-09-04,2026-09-04 12:00,2026-09-04 16:00,ppc_ru_ural_sr_dsa_a-all_exp-diff-login,ural,OFF,0
2026-09-04,2026-09-04 12:00,2026-09-04 16:00,ppc_ru_ural_sr_gen_a-all_exp-diff-login,ural,OFF,0
2026-09-04,2026-09-04 12:00,2026-09-04 16:00,ppc_ru_ural_sr_s-auto_a-all_exp-diff-login,ural,OFF,0
2026-09-04,2026-09-04 16:00,2026-09-04 20:00,ppc_ru_IKT_sr_gen_a-all_exp-diff-login,sibir,OFF,0
2026-09-04,2026-09-04 16:00,2026-09-04 20:00,ppc_ru_KJA_sr_dsa_a-all_exp-diff-login,KJA,ON,1
2026-09-04,2026-09-04 16:00,2026-09-04 20:00,ppc_ru_KJA_sr_gen_a-all_exp-diff-login,KJA,ON,1
2026-09-04,2026-09-04 16:00,2026-09-04 20:00,ppc_ru_KRR_sr_dsa_a-all_exp-diff-login,KRR,ON,1
2026-09-04,2026-09-04 16:00,2026-09-04 20:00,ppc_ru_KRR_sr_gen_a-all_exp-diff-login,KRR,ON,1
2026-09-04,2026-09-04 16:00,2026-09-04 20:00,ppc_ru_KRR_sr_s-auto_a-all_exp-diff-login,KRR,ON,1
2026-09-04,2026-09-04 16:00,2026-09-04 20:00,ppc_ru_KVKZ_sr_gen_a-all_exp-diff-login,KVKZ,ON,1
2026-09-04,2026-09-04 16:00,2026-09-04 20:00,ppc_ru_KVKZ_sr_s-auto_a-all_exp-diff-login,KVKZ,ON,1
2026-09-04,2026-09-04 16:00,2026-09-04 20:00,ppc_ru_KZN_sr_gen_a-all_exp-diff-login,KZN,OFF,0
2026-09-04,2026-09-04 16:00,2026-09-04 20:00,ppc_ru_KZN_sr_s-auto_a-all_exp-diff-login,KZN,OFF,0
2026-09-04,2026-09-04 16:00,2026-09-04 20:00,ppc_ru_LED_sr_dsa_a-all_exp-diff-login,LED,OFF,0
2026-09-04,2026-09-04 16:00,2026-09-04 20:00,ppc_ru_LED_sr_gen_a-all_exp-diff-login,LED,OFF,0
2026-09-04,2026-09-04 16:00,2026-09-04 20:00,ppc_ru_LED_sr_s-auto_a-all_exp-diff-login,LED,OFF,0
2026-09-04,2026-09-04 16:00,2026-09-04 20:00,ppc_ru_MOW_sr_dsa_a-all_exp-diff-login,MOW,OFF,0
2026-09-04,2026-09-04 16:00,2026-09-04 20:00,ppc_ru_MOW_sr_gen_a-all_exp-diff-login,MOW,OFF,0
2026-09-04,2026-09-04 16:00,2026-09-04 20:00,ppc_ru_MOW_sr_s-auto_a-all_exp-diff-login,MOW,OFF,0
2026-09-04,2026-09-04 16:00,2026-09-04 20:00,ppc_ru_MOW_sr_s-auto_a-all_exp-diff-login_exp_travel-aud,MOW,OFF,0
2026-09-04,2026-09-04 16:00,2026-09-04 20:00,ppc_ru_OVB_sr_dsa_a-all_exp-diff-login,OVB,ON,1
2026-09-04,2026-09-04 16:00,2026-09-04 20:00,ppc_ru_OVB_sr_gen_a-all_exp-diff-login,OVB,ON,1
2026-09-04,2026-09-04 16:00,2026-09-04 20:00,ppc_ru_SVX_sr_dsa_a-all_exp-diff-login,ural,OFF,0
2026-09-04,2026-09-04 16:00,2026-09-04 20:00,ppc_ru_SVX_sr_gen_a-all_exp-diff-login,ural,OFF,0
2026-09-04,2026-09-04 16:00,2026-09-04 20:00,ppc_ru_TJM_sr_dsa_a-all_exp-diff-login,ural,OFF,0
2026-09-04,2026-09-04 16:00,2026-09-04 20:00,ppc_ru_TJM_sr_gen_a-all_exp-diff-login,ural,OFF,0
2026-09-04,2026-09-04 16:00,2026-09-04 20:00,ppc_ru_UFA_sr_dsa_a-all_exp-diff-login,UFA,OFF,0
2026-09-04,2026-09-04 16:00,2026-09-04 20:00,ppc_ru_UFA_sr_gen_a-all_exp-diff-login,UFA,OFF,0
2026-09-04,2026-09-04 16:00,2026-09-04 20:00,ppc_ru_centr_sr_dsa_a-all_exp-diff-login,centr,OFF,0
2026-09-04,2026-09-04 16:00,2026-09-04 20:00,ppc_ru_centr_sr_gen_a-all_exp-diff-login,centr,OFF,0
2026-09-04,2026-09-04 16:00,2026-09-04 20:00,ppc_ru_sibir_sr_dsa_a-all_exp-diff-login,sibir,OFF,0
2026-09-04,2026-09-04 16:00,2026-09-04 20:00,ppc_ru_sibir_sr_gen_a-all_exp-diff-login,sibir,OFF,0
2026-09-04,2026-09-04 16:00,2026-09-04 20:00,ppc_ru_ural_sr_dsa_a-all_exp-diff-login,ural,OFF,0
2026-09-04,2026-09-04 16:00,2026-09-04 20:00,ppc_ru_ural_sr_gen_a-all_exp-diff-login,ural,OFF,0
2026-09-04,2026-09-04 16:00,2026-09-04 20:00,ppc_ru_ural_sr_s-auto_a-all_exp-diff-login,ural,OFF,0
2026-09-04,2026-09-04 20:00,2026-09-05 00:00,ppc_ru_IKT_sr_gen_a-all_exp-diff-login,sibir,ON,1
2026-09-04,2026-09-04 20:00,2026-09-05 00:00,ppc_ru_KJA_sr_dsa_a-all_exp-diff-login,KJA,OFF,0
2026-09-04,2026-09-04 20:00,2026-09-05 00:00,ppc_ru_KJA_sr_gen_a-all_exp-diff-login,KJA,OFF,0
2026-09-04,2026-09-04 20:00,2026-09-05 00:00,ppc_ru_KRR_sr_dsa_a-all_exp-diff-login,KRR,ON,1
2026-09-04,2026-09-04 20:00,2026-09-05 00:00,ppc_ru_KRR_sr_gen_a-all_exp-diff-login,KRR,ON,1
2026-09-04,2026-09-04 20:00,2026-09-05 00:00,ppc_ru_KRR_sr_s-auto_a-all_exp-diff-login,KRR,ON,1
2026-09-04,2026-09-04 20:00,2026-09-05 00:00,ppc_ru_KVKZ_sr_gen_a-all_exp-diff-login,KVKZ,ON,1
2026-09-04,2026-09-04 20:00,2026-09-05 00:00,ppc_ru_KVKZ_sr_s-auto_a-all_exp-diff-login,KVKZ,ON,1
2026-09-04,2026-09-04 20:00,2026-09-05 00:00,ppc_ru_KZN_sr_gen_a-all_exp-diff-login,KZN,OFF,0
2026-09-04,2026-09-04 20:00,2026-09-05 00:00,ppc_ru_KZN_sr_s-auto_a-all_exp-diff-login,KZN,OFF,0
2026-09-04,2026-09-04 20:00,2026-09-05 00:00,ppc_ru_LED_sr_dsa_a-all_exp-diff-login,LED,ON,1
2026-09-04,2026-09-04 20:00,2026-09-05 00:00,ppc_ru_LED_sr_gen_a-all_exp-diff-login,LED,ON,1
2026-09-04,2026-09-04 20:00,2026-09-05 00:00,ppc_ru_LED_sr_s-auto_a-all_exp-diff-login,LED,ON,1
2026-09-04,2026-09-04 20:00,2026-09-05 00:00,ppc_ru_MOW_sr_dsa_a-all_exp-diff-login,MOW,OFF,0
2026-09-04,2026-09-04 20:00,2026-09-05 00:00,ppc_ru_MOW_sr_gen_a-all_exp-diff-login,MOW,OFF,0
2026-09-04,2026-09-04 20:00,2026-09-05 00:00,ppc_ru_MOW_sr_s-auto_a-all_exp-diff-login,MOW,OFF,0
2026-09-04,2026-09-04 20:00,2026-09-05 00:00,ppc_ru_MOW_sr_s-auto_a-all_exp-diff-login_exp_travel-aud,MOW,OFF,0
2026-09-04,2026-09-04 20:00,2026-09-05 00:00,ppc_ru_OVB_sr_dsa_a-all_exp-diff-login,OVB,OFF,0
2026-09-04,2026-09-04 20:00,2026-09-05 00:00,ppc_ru_OVB_sr_gen_a-all_exp-diff-login,OVB,OFF,0
2026-09-04,2026-09-04 20:00,2026-09-05 00:00,ppc_ru_SVX_sr_dsa_a-all_exp-diff-login,ural,OFF,0
2026-09-04,2026-09-04 20:00,2026-09-05 00:00,ppc_ru_SVX_sr_gen_a-all_exp-diff-login,ural,OFF,0
2026-09-04,2026-09-04 20:00,2026-09-05 00:00,ppc_ru_TJM_sr_dsa_a-all_exp-diff-login,ural,OFF,0
2026-09-04,2026-09-04 20:00,2026-09-05 00:00,ppc_ru_TJM_sr_gen_a-all_exp-diff-login,ural,OFF,0
2026-09-04,2026-09-04 20:00,2026-09-05 00:00,ppc_ru_UFA_sr_dsa_a-all_exp-diff-login,UFA,ON,1
2026-09-04,2026-09-04 20:00,2026-09-05 00:00,ppc_ru_UFA_sr_gen_a-all_exp-diff-login,UFA,ON,1
2026-09-04,2026-09-04 20:00,2026-09-05 00:00,ppc_ru_centr_sr_dsa_a-all_exp-diff-login,centr,OFF,0
2026-09-04,2026-09-04 20:00,2026-09-05 00:00,ppc_ru_centr_sr_gen_a-all_exp-diff-login,centr,OFF,0
2026-09-04,2026-09-04 20:00,2026-09-05 00:00,ppc_ru_sibir_sr_dsa_a-all_exp-diff-login,sibir,ON,1
2026-09-04,2026-09-04 20:00,2026-09-05 00:00,ppc_ru_sibir_sr_gen_a-all_exp-diff-login,sibir,ON,1
2026-09-04,2026-09-04 20:00,2026-09-05 00:00,ppc_ru_ural_sr_dsa_a-all_exp-diff-login,ural,OFF,0
2026-09-04,2026-09-04 20:00,2026-09-05 00:00,ppc_ru_ural_sr_gen_a-all_exp-diff-login,ural,OFF,0
2026-09-04,2026-09-04 20:00,2026-09-05 00:00,ppc_ru_ural_sr_s-auto_a-all_exp-diff-login,ural,OFF,0
2026-09-05,2026-09-05 00:00,2026-09-05 04:00,ppc_ru_IKT_sr_gen_a-all_exp-diff-login,sibir,ON,1
2026-09-05,2026-09-05 00:00,2026-09-05 04:00,ppc_ru_KJA_sr_dsa_a-all_exp-diff-login,KJA,ON,1
2026-09-05,2026-09-05 00:00,2026-09-05 04:00,ppc_ru_KJA_sr_gen_a-all_exp-diff-login,KJA,ON,1
2026-09-05,2026-09-05 00:00,2026-09-05 04:00,ppc_ru_KRR_sr_dsa_a-all_exp-diff-login,KRR,OFF,0
2026-09-05,2026-09-05 00:00,2026-09-05 04:00,ppc_ru_KRR_sr_gen_a-all_exp-diff-login,KRR,OFF,0
2026-09-05,2026-09-05 00:00,2026-09-05 04:00,ppc_ru_KRR_sr_s-auto_a-all_exp-diff-login,KRR,OFF,0
2026-09-05,2026-09-05 00:00,2026-09-05 04:00,ppc_ru_KVKZ_sr_gen_a-all_exp-diff-login,KVKZ,ON,1
2026-09-05,2026-09-05 00:00,2026-09-05 04:00,ppc_ru_KVKZ_sr_s-auto_a-all_exp-diff-login,KVKZ,ON,1
2026-09-05,2026-09-05 00:00,2026-09-05 04:00,ppc_ru_KZN_sr_gen_a-all_exp-diff-login,KZN,OFF,0
2026-09-05,2026-09-05 00:00,2026-09-05 04:00,ppc_ru_KZN_sr_s-auto_a-all_exp-diff-login,KZN,OFF,0
2026-09-05,2026-09-05 00:00,2026-09-05 04:00,ppc_ru_LED_sr_dsa_a-all_exp-diff-login,LED,OFF,0
2026-09-05,2026-09-05 00:00,2026-09-05 04:00,ppc_ru_LED_sr_gen_a-all_exp-diff-login,LED,OFF,0
2026-09-05,2026-09-05 00:00,2026-09-05 04:00,ppc_ru_LED_sr_s-auto_a-all_exp-diff-login,LED,OFF,0
2026-09-05,2026-09-05 00:00,2026-09-05 04:00,ppc_ru_MOW_sr_dsa_a-all_exp-diff-login,MOW,OFF,0
2026-09-05,2026-09-05 00:00,2026-09-05 04:00,ppc_ru_MOW_sr_gen_a-all_exp-diff-login,MOW,OFF,0
2026-09-05,2026-09-05 00:00,2026-09-05 04:00,ppc_ru_MOW_sr_s-auto_a-all_exp-diff-login,MOW,OFF,0
2026-09-05,2026-09-05 00:00,2026-09-05 04:00,ppc_ru_MOW_sr_s-auto_a-all_exp-diff-login_exp_travel-aud,MOW,OFF,0
2026-09-05,2026-09-05 00:00,2026-09-05 04:00,ppc_ru_OVB_sr_dsa_a-all_exp-diff-login,OVB,ON,1
2026-09-05,2026-09-05 00:00,2026-09-05 04:00,ppc_ru_OVB_sr_gen_a-all_exp-diff-login,OVB,ON,1
2026-09-05,2026-09-05 00:00,2026-09-05 04:00,ppc_ru_SVX_sr_dsa_a-all_exp-diff-login,ural,ON,1
2026-09-05,2026-09-05 00:00,2026-09-05 04:00,ppc_ru_SVX_sr_gen_a-all_exp-diff-login,ural,ON,1
2026-09-05,2026-09-05 00:00,2026-09-05 04:00,ppc_ru_TJM_sr_dsa_a-all_exp-diff-login,ural,ON,1
2026-09-05,2026-09-05 00:00,2026-09-05 04:00,ppc_ru_TJM_sr_gen_a-all_exp-diff-login,ural,ON,1
2026-09-05,2026-09-05 00:00,2026-09-05 04:00,ppc_ru_UFA_sr_dsa_a-all_exp-diff-login,UFA,ON,1
2026-09-05,2026-09-05 00:00,2026-09-05 04:00,ppc_ru_UFA_sr_gen_a-all_exp-diff-login,UFA,ON,1
2026-09-05,2026-09-05 00:00,2026-09-05 04:00,ppc_ru_centr_sr_dsa_a-all_exp-diff-login,centr,ON,1
2026-09-05,2026-09-05 00:00,2026-09-05 04:00,ppc_ru_centr_sr_gen_a-all_exp-diff-login,centr,ON,1
2026-09-05,2026-09-05 00:00,2026-09-05 04:00,ppc_ru_sibir_sr_dsa_a-all_exp-diff-login,sibir,ON,1
2026-09-05,2026-09-05 00:00,2026-09-05 04:00,ppc_ru_sibir_sr_gen_a-all_exp-diff-login,sibir,ON,1
2026-09-05,2026-09-05 00:00,2026-09-05 04:00,ppc_ru_ural_sr_dsa_a-all_exp-diff-login,ural,ON,1
2026-09-05,2026-09-05 00:00,2026-09-05 04:00,ppc_ru_ural_sr_gen_a-all_exp-diff-login,ural,ON,1
2026-09-05,2026-09-05 00:00,2026-09-05 04:00,ppc_ru_ural_sr_s-auto_a-all_exp-diff-login,ural,ON,1
2026-09-05,2026-09-05 04:00,2026-09-05 08:00,ppc_ru_IKT_sr_gen_a-all_exp-diff-login,sibir,ON,1
2026-09-05,2026-09-05 04:00,2026-09-05 08:00,ppc_ru_KJA_sr_dsa_a-all_exp-diff-login,KJA,ON,1
2026-09-05,2026-09-05 04:00,2026-09-05 08:00,ppc_ru_KJA_sr_gen_a-all_exp-diff-login,KJA,ON,1
2026-09-05,2026-09-05 04:00,2026-09-05 08:00,ppc_ru_KRR_sr_dsa_a-all_exp-diff-login,KRR,ON,1
2026-09-05,2026-09-05 04:00,2026-09-05 08:00,ppc_ru_KRR_sr_gen_a-all_exp-diff-login,KRR,ON,1
2026-09-05,2026-09-05 04:00,2026-09-05 08:00,ppc_ru_KRR_sr_s-auto_a-all_exp-diff-login,KRR,ON,1
2026-09-05,2026-09-05 04:00,2026-09-05 08:00,ppc_ru_KVKZ_sr_gen_a-all_exp-diff-login,KVKZ,ON,1
2026-09-05,2026-09-05 04:00,2026-09-05 08:00,ppc_ru_KVKZ_sr_s-auto_a-all_exp-diff-login,KVKZ,ON,1
2026-09-05,2026-09-05 04:00,2026-09-05 08:00,ppc_ru_KZN_sr_gen_a-all_exp-diff-login,KZN,ON,1
2026-09-05,2026-09-05 04:00,2026-09-05 08:00,ppc_ru_KZN_sr_s-auto_a-all_exp-diff-login,KZN,ON,1
2026-09-05,2026-09-05 04:00,2026-09-05 08:00,ppc_ru_LED_sr_dsa_a-all_exp-diff-login,LED,ON,1
2026-09-05,2026-09-05 04:00,2026-09-05 08:00,ppc_ru_LED_sr_gen_a-all_exp-diff-login,LED,ON,1
2026-09-05,2026-09-05 04:00,2026-09-05 08:00,ppc_ru_LED_sr_s-auto_a-all_exp-diff-login,LED,ON,1
2026-09-05,2026-09-05 04:00,2026-09-05 08:00,ppc_ru_MOW_sr_dsa_a-all_exp-diff-login,MOW,ON,1
2026-09-05,2026-09-05 04:00,2026-09-05 08:00,ppc_ru_MOW_sr_gen_a-all_exp-diff-login,MOW,ON,1
2026-09-05,2026-09-05 04:00,2026-09-05 08:00,ppc_ru_MOW_sr_s-auto_a-all_exp-diff-login,MOW,ON,1
2026-09-05,2026-09-05 04:00,2026-09-05 08:00,ppc_ru_MOW_sr_s-auto_a-all_exp-diff-login_exp_travel-aud,MOW,ON,1
2026-09-05,2026-09-05 04:00,2026-09-05 08:00,ppc_ru_OVB_sr_dsa_a-all_exp-diff-login,OVB,OFF,0
2026-09-05,2026-09-05 04:00,2026-09-05 08:00,ppc_ru_OVB_sr_gen_a-all_exp-diff-login,OVB,OFF,0
2026-09-05,2026-09-05 04:00,2026-09-05 08:00,ppc_ru_SVX_sr_dsa_a-all_exp-diff-login,ural,ON,1
2026-09-05,2026-09-05 04:00,2026-09-05 08:00,ppc_ru_SVX_sr_gen_a-all_exp-diff-login,ural,ON,1
2026-09-05,2026-09-05 04:00,2026-09-05 08:00,ppc_ru_TJM_sr_dsa_a-all_exp-diff-login,ural,ON,1
2026-09-05,2026-09-05 04:00,2026-09-05 08:00,ppc_ru_TJM_sr_gen_a-all_exp-diff-login,ural,ON,1
2026-09-05,2026-09-05 04:00,2026-09-05 08:00,ppc_ru_UFA_sr_dsa_a-all_exp-diff-login,UFA,OFF,0
2026-09-05,2026-09-05 04:00,2026-09-05 08:00,ppc_ru_UFA_sr_gen_a-all_exp-diff-login,UFA,OFF,0
2026-09-05,2026-09-05 04:00,2026-09-05 08:00,ppc_ru_centr_sr_dsa_a-all_exp-diff-login,centr,OFF,0
2026-09-05,2026-09-05 04:00,2026-09-05 08:00,ppc_ru_centr_sr_gen_a-all_exp-diff-login,centr,OFF,0
2026-09-05,2026-09-05 04:00,2026-09-05 08:00,ppc_ru_sibir_sr_dsa_a-all_exp-diff-login,sibir,ON,1
2026-09-05,2026-09-05 04:00,2026-09-05 08:00,ppc_ru_sibir_sr_gen_a-all_exp-diff-login,sibir,ON,1
2026-09-05,2026-09-05 04:00,2026-09-05 08:00,ppc_ru_ural_sr_dsa_a-all_exp-diff-login,ural,ON,1
2026-09-05,2026-09-05 04:00,2026-09-05 08:00,ppc_ru_ural_sr_gen_a-all_exp-diff-login,ural,ON,1
2026-09-05,2026-09-05 04:00,2026-09-05 08:00,ppc_ru_ural_sr_s-auto_a-all_exp-diff-login,ural,ON,1
2026-09-05,2026-09-05 08:00,2026-09-05 12:00,ppc_ru_IKT_sr_gen_a-all_exp-diff-login,sibir,OFF,0
2026-09-05,2026-09-05 08:00,2026-09-05 12:00,ppc_ru_KJA_sr_dsa_a-all_exp-diff-login,KJA,ON,1
2026-09-05,2026-09-05 08:00,2026-09-05 12:00,ppc_ru_KJA_sr_gen_a-all_exp-diff-login,KJA,ON,1
2026-09-05,2026-09-05 08:00,2026-09-05 12:00,ppc_ru_KRR_sr_dsa_a-all_exp-diff-login,KRR,OFF,0
2026-09-05,2026-09-05 08:00,2026-09-05 12:00,ppc_ru_KRR_sr_gen_a-all_exp-diff-login,KRR,OFF,0
2026-09-05,2026-09-05 08:00,2026-09-05 12:00,ppc_ru_KRR_sr_s-auto_a-all_exp-diff-login,KRR,OFF,0
2026-09-05,2026-09-05 08:00,2026-09-05 12:00,ppc_ru_KVKZ_sr_gen_a-all_exp-diff-login,KVKZ,OFF,0
2026-09-05,2026-09-05 08:00,2026-09-05 12:00,ppc_ru_KVKZ_sr_s-auto_a-all_exp-diff-login,KVKZ,OFF,0
2026-09-05,2026-09-05 08:00,2026-09-05 12:00,ppc_ru_KZN_sr_gen_a-all_exp-diff-login,KZN,ON,1
2026-09-05,2026-09-05 08:00,2026-09-05 12:00,ppc_ru_KZN_sr_s-auto_a-all_exp-diff-login,KZN,ON,1
2026-09-05,2026-09-05 08:00,2026-09-05 12:00,ppc_ru_LED_sr_dsa_a-all_exp-diff-login,LED,ON,1
2026-09-05,2026-09-05 08:00,2026-09-05 12:00,ppc_ru_LED_sr_gen_a-all_exp-diff-login,LED,ON,1
2026-09-05,2026-09-05 08:00,2026-09-05 12:00,ppc_ru_LED_sr_s-auto_a-all_exp-diff-login,LED,ON,1
2026-09-05,2026-09-05 08:00,2026-09-05 12:00,ppc_ru_MOW_sr_dsa_a-all_exp-diff-login,MOW,ON,1
2026-09-05,2026-09-05 08:00,2026-09-05 12:00,ppc_ru_MOW_sr_gen_a-all_exp-diff-login,MOW,ON,1
2026-09-05,2026-09-05 08:00,2026-09-05 12:00,ppc_ru_MOW_sr_s-auto_a-all_exp-diff-login,MOW,ON,1
2026-09-05,2026-09-05 08:00,2026-09-05 12:00,ppc_ru_MOW_sr_s-auto_a-all_exp-diff-login_exp_travel-aud,MOW,ON,1
2026-09-05,2026-09-05 08:00,2026-09-05 12:00,ppc_ru_OVB_sr_dsa_a-all_exp-diff-login,OVB,ON,1
2026-09-05,2026-09-05 08:00,2026-09-05 12:00,ppc_ru_OVB_sr_gen_a-all_exp-diff-login,OVB,ON,1
2026-09-05,2026-09-05 08:00,2026-09-05 12:00,ppc_ru_SVX_sr_dsa_a-all_exp-diff-login,ural,OFF,0
2026-09-05,2026-09-05 08:00,2026-09-05 12:00,ppc_ru_SVX_sr_gen_a-all_exp-diff-login,ural,OFF,0
2026-09-05,2026-09-05 08:00,2026-09-05 12:00,ppc_ru_TJM_sr_dsa_a-all_exp-diff-login,ural,OFF,0
2026-09-05,2026-09-05 08:00,2026-09-05 12:00,ppc_ru_TJM_sr_gen_a-all_exp-diff-login,ural,OFF,0
2026-09-05,2026-09-05 08:00,2026-09-05 12:00,ppc_ru_UFA_sr_dsa_a-all_exp-diff-login,UFA,OFF,0
2026-09-05,2026-09-05 08:00,2026-09-05 12:00,ppc_ru_UFA_sr_gen_a-all_exp-diff-login,UFA,OFF,0
2026-09-05,2026-09-05 08:00,2026-09-05 12:00,ppc_ru_centr_sr_dsa_a-all_exp-diff-login,centr,ON,1
2026-09-05,2026-09-05 08:00,2026-09-05 12:00,ppc_ru_centr_sr_gen_a-all_exp-diff-login,centr,ON,1
2026-09-05,2026-09-05 08:00,2026-09-05 12:00,ppc_ru_sibir_sr_dsa_a-all_exp-diff-login,sibir,OFF,0
2026-09-05,2026-09-05 08:00,2026-09-05 12:00,ppc_ru_sibir_sr_gen_a-all_exp-diff-login,sibir,OFF,0
2026-09-05,2026-09-05 08:00,2026-09-05 12:00,ppc_ru_ural_sr_dsa_a-all_exp-diff-login,ural,OFF,0
2026-09-05,2026-09-05 08:00,2026-09-05 12:00,ppc_ru_ural_sr_gen_a-all_exp-diff-login,ural,OFF,0
2026-09-05,2026-09-05 08:00,2026-09-05 12:00,ppc_ru_ural_sr_s-auto_a-all_exp-diff-login,ural,OFF,0
2026-09-05,2026-09-05 12:00,2026-09-05 16:00,ppc_ru_IKT_sr_gen_a-all_exp-diff-login,sibir,ON,1
2026-09-05,2026-09-05 12:00,2026-09-05 16:00,ppc_ru_KJA_sr_dsa_a-all_exp-diff-login,KJA,OFF,0
2026-09-05,2026-09-05 12:00,2026-09-05 16:00,ppc_ru_KJA_sr_gen_a-all_exp-diff-login,KJA,OFF,0
2026-09-05,2026-09-05 12:00,2026-09-05 16:00,ppc_ru_KRR_sr_dsa_a-all_exp-diff-login,KRR,ON,1
2026-09-05,2026-09-05 12:00,2026-09-05 16:00,ppc_ru_KRR_sr_gen_a-all_exp-diff-login,KRR,ON,1
2026-09-05,2026-09-05 12:00,2026-09-05 16:00,ppc_ru_KRR_sr_s-auto_a-all_exp-diff-login,KRR,ON,1
2026-09-05,2026-09-05 12:00,2026-09-05 16:00,ppc_ru_KVKZ_sr_gen_a-all_exp-diff-login,KVKZ,OFF,0
2026-09-05,2026-09-05 12:00,2026-09-05 16:00,ppc_ru_KVKZ_sr_s-auto_a-all_exp-diff-login,KVKZ,OFF,0
2026-09-05,2026-09-05 12:00,2026-09-05 16:00,ppc_ru_KZN_sr_gen_a-all_exp-diff-login,KZN,ON,1
2026-09-05,2026-09-05 12:00,2026-09-05 16:00,ppc_ru_KZN_sr_s-auto_a-all_exp-diff-login,KZN,ON,1
2026-09-05,2026-09-05 12:00,2026-09-05 16:00,ppc_ru_LED_sr_dsa_a-all_exp-diff-login,LED,OFF,0
2026-09-05,2026-09-05 12:00,2026-09-05 16:00,ppc_ru_LED_sr_gen_a-all_exp-diff-login,LED,OFF,0
2026-09-05,2026-09-05 12:00,2026-09-05 16:00,ppc_ru_LED_sr_s-auto_a-all_exp-diff-login,LED,OFF,0
2026-09-05,2026-09-05 12:00,2026-09-05 16:00,ppc_ru_MOW_sr_dsa_a-all_exp-diff-login,MOW,ON,1
2026-09-05,2026-09-05 12:00,2026-09-05 16:00,ppc_ru_MOW_sr_gen_a-all_exp-diff-login,MOW,ON,1
2026-09-05,2026-09-05 12:00,2026-09-05 16:00,ppc_ru_MOW_sr_s-auto_a-all_exp-diff-login,MOW,ON,1
2026-09-05,2026-09-05 12:00,2026-09-05 16:00,ppc_ru_MOW_sr_s-auto_a-all_exp-diff-login_exp_travel-aud,MOW,ON,1
2026-09-05,2026-09-05 12:00,2026-09-05 16:00,ppc_ru_OVB_sr_dsa_a-all_exp-diff-login,OVB,ON,1
2026-09-05,2026-09-05 12:00,2026-09-05 16:00,ppc_ru_OVB_sr_gen_a-all_exp-diff-login,OVB,ON,1
2026-09-05,2026-09-05 12:00,2026-09-05 16:00,ppc_ru_SVX_sr_dsa_a-all_exp-diff-login,ural,ON,1
2026-09-05,2026-09-05 12:00,2026-09-05 16:00,ppc_ru_SVX_sr_gen_a-all_exp-diff-login,ural,ON,1
2026-09-05,2026-09-05 12:00,2026-09-05 16:00,ppc_ru_TJM_sr_dsa_a-all_exp-diff-login,ural,ON,1
2026-09-05,2026-09-05 12:00,2026-09-05 16:00,ppc_ru_TJM_sr_gen_a-all_exp-diff-login,ural,ON,1
2026-09-05,2026-09-05 12:00,2026-09-05 16:00,ppc_ru_UFA_sr_dsa_a-all_exp-diff-login,UFA,ON,1
2026-09-05,2026-09-05 12:00,2026-09-05 16:00,ppc_ru_UFA_sr_gen_a-all_exp-diff-login,UFA,ON,1
2026-09-05,2026-09-05 12:00,2026-09-05 16:00,ppc_ru_centr_sr_dsa_a-all_exp-diff-login,centr,OFF,0
2026-09-05,2026-09-05 12:00,2026-09-05 16:00,ppc_ru_centr_sr_gen_a-all_exp-diff-login,centr,OFF,0
2026-09-05,2026-09-05 12:00,2026-09-05 16:00,ppc_ru_sibir_sr_dsa_a-all_exp-diff-login,sibir,ON,1
2026-09-05,2026-09-05 12:00,2026-09-05 16:00,ppc_ru_sibir_sr_gen_a-all_exp-diff-login,sibir,ON,1
2026-09-05,2026-09-05 12:00,2026-09-05 16:00,ppc_ru_ural_sr_dsa_a-all_exp-diff-login,ural,ON,1
2026-09-05,2026-09-05 12:00,2026-09-05 16:00,ppc_ru_ural_sr_gen_a-all_exp-diff-login,ural,ON,1
2026-09-05,2026-09-05 12:00,2026-09-05 16:00,ppc_ru_ural_sr_s-auto_a-all_exp-diff-login,ural,ON,1
2026-09-05,2026-09-05 16:00,2026-09-05 20:00,ppc_ru_IKT_sr_gen_a-all_exp-diff-login,sibir,OFF,0
2026-09-05,2026-09-05 16:00,2026-09-05 20:00,ppc_ru_KJA_sr_dsa_a-all_exp-diff-login,KJA,OFF,0
2026-09-05,2026-09-05 16:00,2026-09-05 20:00,ppc_ru_KJA_sr_gen_a-all_exp-diff-login,KJA,OFF,0
2026-09-05,2026-09-05 16:00,2026-09-05 20:00,ppc_ru_KRR_sr_dsa_a-all_exp-diff-login,KRR,ON,1
2026-09-05,2026-09-05 16:00,2026-09-05 20:00,ppc_ru_KRR_sr_gen_a-all_exp-diff-login,KRR,ON,1
2026-09-05,2026-09-05 16:00,2026-09-05 20:00,ppc_ru_KRR_sr_s-auto_a-all_exp-diff-login,KRR,ON,1
2026-09-05,2026-09-05 16:00,2026-09-05 20:00,ppc_ru_KVKZ_sr_gen_a-all_exp-diff-login,KVKZ,ON,1
2026-09-05,2026-09-05 16:00,2026-09-05 20:00,ppc_ru_KVKZ_sr_s-auto_a-all_exp-diff-login,KVKZ,ON,1
2026-09-05,2026-09-05 16:00,2026-09-05 20:00,ppc_ru_KZN_sr_gen_a-all_exp-diff-login,KZN,OFF,0
2026-09-05,2026-09-05 16:00,2026-09-05 20:00,ppc_ru_KZN_sr_s-auto_a-all_exp-diff-login,KZN,OFF,0
2026-09-05,2026-09-05 16:00,2026-09-05 20:00,ppc_ru_LED_sr_dsa_a-all_exp-diff-login,LED,ON,1
2026-09-05,2026-09-05 16:00,2026-09-05 20:00,ppc_ru_LED_sr_gen_a-all_exp-diff-login,LED,ON,1
2026-09-05,2026-09-05 16:00,2026-09-05 20:00,ppc_ru_LED_sr_s-auto_a-all_exp-diff-login,LED,ON,1
2026-09-05,2026-09-05 16:00,2026-09-05 20:00,ppc_ru_MOW_sr_dsa_a-all_exp-diff-login,MOW,OFF,0
2026-09-05,2026-09-05 16:00,2026-09-05 20:00,ppc_ru_MOW_sr_gen_a-all_exp-diff-login,MOW,OFF,0
2026-09-05,2026-09-05 16:00,2026-09-05 20:00,ppc_ru_MOW_sr_s-auto_a-all_exp-diff-login,MOW,OFF,0
2026-09-05,2026-09-05 16:00,2026-09-05 20:00,ppc_ru_MOW_sr_s-auto_a-all_exp-diff-login_exp_travel-aud,MOW,OFF,0
2026-09-05,2026-09-05 16:00,2026-09-05 20:00,ppc_ru_OVB_sr_dsa_a-all_exp-diff-login,OVB,OFF,0
2026-09-05,2026-09-05 16:00,2026-09-05 20:00,ppc_ru_OVB_sr_gen_a-all_exp-diff-login,OVB,OFF,0
2026-09-05,2026-09-05 16:00,2026-09-05 20:00,ppc_ru_SVX_sr_dsa_a-all_exp-diff-login,ural,OFF,0
2026-09-05,2026-09-05 16:00,2026-09-05 20:00,ppc_ru_SVX_sr_gen_a-all_exp-diff-login,ural,OFF,0
2026-09-05,2026-09-05 16:00,2026-09-05 20:00,ppc_ru_TJM_sr_dsa_a-all_exp-diff-login,ural,OFF,0
2026-09-05,2026-09-05 16:00,2026-09-05 20:00,ppc_ru_TJM_sr_gen_a-all_exp-diff-login,ural,OFF,0
2026-09-05,2026-09-05 16:00,2026-09-05 20:00,ppc_ru_UFA_sr_dsa_a-all_exp-diff-login,UFA,ON,1
2026-09-05,2026-09-05 16:00,2026-09-05 20:00,ppc_ru_UFA_sr_gen_a-all_exp-diff-login,UFA,ON,1
2026-09-05,2026-09-05 16:00,2026-09-05 20:00,ppc_ru_centr_sr_dsa_a-all_exp-diff-login,centr,OFF,0
2026-09-05,2026-09-05 16:00,2026-09-05 20:00,ppc_ru_centr_sr_gen_a-all_exp-diff-login,centr,OFF,0
2026-09-05,2026-09-05 16:00,2026-09-05 20:00,ppc_ru_sibir_sr_dsa_a-all_exp-diff-login,sibir,OFF,0
2026-09-05,2026-09-05 16:00,2026-09-05 20:00,ppc_ru_sibir_sr_gen_a-all_exp-diff-login,sibir,OFF,0
2026-09-05,2026-09-05 16:00,2026-09-05 20:00,ppc_ru_ural_sr_dsa_a-all_exp-diff-login,ural,OFF,0
2026-09-05,2026-09-05 16:00,2026-09-05 20:00,ppc_ru_ural_sr_gen_a-all_exp-diff-login,ural,OFF,0
2026-09-05,2026-09-05 16:00,2026-09-05 20:00,ppc_ru_ural_sr_s-auto_a-all_exp-diff-login,ural,OFF,0
2026-09-05,2026-09-05 20:00,2026-09-06 00:00,ppc_ru_IKT_sr_gen_a-all_exp-diff-login,sibir,OFF,0
2026-09-05,2026-09-05 20:00,2026-09-06 00:00,ppc_ru_KJA_sr_dsa_a-all_exp-diff-login,KJA,OFF,0
2026-09-05,2026-09-05 20:00,2026-09-06 00:00,ppc_ru_KJA_sr_gen_a-all_exp-diff-login,KJA,OFF,0
2026-09-05,2026-09-05 20:00,2026-09-06 00:00,ppc_ru_KRR_sr_dsa_a-all_exp-diff-login,KRR,OFF,0
2026-09-05,2026-09-05 20:00,2026-09-06 00:00,ppc_ru_KRR_sr_gen_a-all_exp-diff-login,KRR,OFF,0
2026-09-05,2026-09-05 20:00,2026-09-06 00:00,ppc_ru_KRR_sr_s-auto_a-all_exp-diff-login,KRR,OFF,0
2026-09-05,2026-09-05 20:00,2026-09-06 00:00,ppc_ru_KVKZ_sr_gen_a-all_exp-diff-login,KVKZ,OFF,0
2026-09-05,2026-09-05 20:00,2026-09-06 00:00,ppc_ru_KVKZ_sr_s-auto_a-all_exp-diff-login,KVKZ,OFF,0
2026-09-05,2026-09-05 20:00,2026-09-06 00:00,ppc_ru_KZN_sr_gen_a-all_exp-diff-login,KZN,OFF,0
2026-09-05,2026-09-05 20:00,2026-09-06 00:00,ppc_ru_KZN_sr_s-auto_a-all_exp-diff-login,KZN,OFF,0
2026-09-05,2026-09-05 20:00,2026-09-06 00:00,ppc_ru_LED_sr_dsa_a-all_exp-diff-login,LED,OFF,0
2026-09-05,2026-09-05 20:00,2026-09-06 00:00,ppc_ru_LED_sr_gen_a-all_exp-diff-login,LED,OFF,0
2026-09-05,2026-09-05 20:00,2026-09-06 00:00,ppc_ru_LED_sr_s-auto_a-all_exp-diff-login,LED,OFF,0
2026-09-05,2026-09-05 20:00,2026-09-06 00:00,ppc_ru_MOW_sr_dsa_a-all_exp-diff-login,MOW,OFF,0
2026-09-05,2026-09-05 20:00,2026-09-06 00:00,ppc_ru_MOW_sr_gen_a-all_exp-diff-login,MOW,OFF,0
2026-09-05,2026-09-05 20:00,2026-09-06 00:00,ppc_ru_MOW_sr_s-auto_a-all_exp-diff-login,MOW,OFF,0
2026-09-05,2026-09-05 20:00,2026-09-06 00:00,ppc_ru_MOW_sr_s-auto_a-all_exp-diff-login_exp_travel-aud,MOW,OFF,0
2026-09-05,2026-09-05 20:00,2026-09-06 00:00,ppc_ru_OVB_sr_dsa_a-all_exp-diff-login,OVB,OFF,0
2026-09-05,2026-09-05 20:00,2026-09-06 00:00,ppc_ru_OVB_sr_gen_a-all_exp-diff-login,OVB,OFF,0
2026-09-05,2026-09-05 20:00,2026-09-06 00:00,ppc_ru_SVX_sr_dsa_a-all_exp-diff-login,ural,OFF,0
2026-09-05,2026-09-05 20:00,2026-09-06 00:00,ppc_ru_SVX_sr_gen_a-all_exp-diff-login,ural,OFF,0
2026-09-05,2026-09-05 20:00,2026-09-06 00:00,ppc_ru_TJM_sr_dsa_a-all_exp-diff-login,ural,OFF,0
2026-09-05,2026-09-05 20:00,2026-09-06 00:00,ppc_ru_TJM_sr_gen_a-all_exp-diff-login,ural,OFF,0
2026-09-05,2026-09-05 20:00,2026-09-06 00:00,ppc_ru_UFA_sr_dsa_a-all_exp-diff-login,UFA,OFF,0
2026-09-05,2026-09-05 20:00,2026-09-06 00:00,ppc_ru_UFA_sr_gen_a-all_exp-diff-login,UFA,OFF,0
2026-09-05,2026-09-05 20:00,2026-09-06 00:00,ppc_ru_centr_sr_dsa_a-all_exp-diff-login,centr,ON,1
2026-09-05,2026-09-05 20:00,2026-09-06 00:00,ppc_ru_centr_sr_gen_a-all_exp-diff-login,centr,ON,1
2026-09-05,2026-09-05 20:00,2026-09-06 00:00,ppc_ru_sibir_sr_dsa_a-all_exp-diff-login,sibir,OFF,0
2026-09-05,2026-09-05 20:00,2026-09-06 00:00,ppc_ru_sibir_sr_gen_a-all_exp-diff-login,sibir,OFF,0
2026-09-05,2026-09-05 20:00,2026-09-06 00:00,ppc_ru_ural_sr_dsa_a-all_exp-diff-login,ural,OFF,0
2026-09-05,2026-09-05 20:00,2026-09-06 00:00,ppc_ru_ural_sr_gen_a-all_exp-diff-login,ural,OFF,0
2026-09-05,2026-09-05 20:00,2026-09-06 00:00,ppc_ru_ural_sr_s-auto_a-all_exp-diff-login,ural,OFF,0
2026-09-06,2026-09-06 00:00,2026-09-06 04:00,ppc_ru_IKT_sr_gen_a-all_exp-diff-login,sibir,ON,1
2026-09-06,2026-09-06 00:00,2026-09-06 04:00,ppc_ru_KJA_sr_dsa_a-all_exp-diff-login,KJA,OFF,0
2026-09-06,2026-09-06 00:00,2026-09-06 04:00,ppc_ru_KJA_sr_gen_a-all_exp-diff-login,KJA,OFF,0
2026-09-06,2026-09-06 00:00,2026-09-06 04:00,ppc_ru_KRR_sr_dsa_a-all_exp-diff-login,KRR,OFF,0
2026-09-06,2026-09-06 00:00,2026-09-06 04:00,ppc_ru_KRR_sr_gen_a-all_exp-diff-login,KRR,OFF,0
2026-09-06,2026-09-06 00:00,2026-09-06 04:00,ppc_ru_KRR_sr_s-auto_a-all_exp-diff-login,KRR,OFF,0
2026-09-06,2026-09-06 00:00,2026-09-06 04:00,ppc_ru_KVKZ_sr_gen_a-all_exp-diff-login,KVKZ,ON,1
2026-09-06,2026-09-06 00:00,2026-09-06 04:00,ppc_ru_KVKZ_sr_s-auto_a-all_exp-diff-login,KVKZ,ON,1
2026-09-06,2026-09-06 00:00,2026-09-06 04:00,ppc_ru_KZN_sr_gen_a-all_exp-diff-login,KZN,ON,1
2026-09-06,2026-09-06 00:00,2026-09-06 04:00,ppc_ru_KZN_sr_s-auto_a-all_exp-diff-login,KZN,ON,1
2026-09-06,2026-09-06 00:00,2026-09-06 04:00,ppc_ru_LED_sr_dsa_a-all_exp-diff-login,LED,OFF,0
2026-09-06,2026-09-06 00:00,2026-09-06 04:00,ppc_ru_LED_sr_gen_a-all_exp-diff-login,LED,OFF,0
2026-09-06,2026-09-06 00:00,2026-09-06 04:00,ppc_ru_LED_sr_s-auto_a-all_exp-diff-login,LED,OFF,0
2026-09-06,2026-09-06 00:00,2026-09-06 04:00,ppc_ru_MOW_sr_dsa_a-all_exp-diff-login,MOW,OFF,0
2026-09-06,2026-09-06 00:00,2026-09-06 04:00,ppc_ru_MOW_sr_gen_a-all_exp-diff-login,MOW,OFF,0
2026-09-06,2026-09-06 00:00,2026-09-06 04:00,ppc_ru_MOW_sr_s-auto_a-all_exp-diff-login,MOW,OFF,0
2026-09-06,2026-09-06 00:00,2026-09-06 04:00,ppc_ru_MOW_sr_s-auto_a-all_exp-diff-login_exp_travel-aud,MOW,OFF,0
2026-09-06,2026-09-06 00:00,2026-09-06 04:00,ppc_ru_OVB_sr_dsa_a-all_exp-diff-login,OVB,OFF,0
2026-09-06,2026-09-06 00:00,2026-09-06 04:00,ppc_ru_OVB_sr_gen_a-all_exp-diff-login,OVB,OFF,0
2026-09-06,2026-09-06 00:00,2026-09-06 04:00,ppc_ru_SVX_sr_dsa_a-all_exp-diff-login,ural,ON,1
2026-09-06,2026-09-06 00:00,2026-09-06 04:00,ppc_ru_SVX_sr_gen_a-all_exp-diff-login,ural,ON,1
2026-09-06,2026-09-06 00:00,2026-09-06 04:00,ppc_ru_TJM_sr_dsa_a-all_exp-diff-login,ural,ON,1
2026-09-06,2026-09-06 00:00,2026-09-06 04:00,ppc_ru_TJM_sr_gen_a-all_exp-diff-login,ural,ON,1
2026-09-06,2026-09-06 00:00,2026-09-06 04:00,ppc_ru_UFA_sr_dsa_a-all_exp-diff-login,UFA,ON,1
2026-09-06,2026-09-06 00:00,2026-09-06 04:00,ppc_ru_UFA_sr_gen_a-all_exp-diff-login,UFA,ON,1
2026-09-06,2026-09-06 00:00,2026-09-06 04:00,ppc_ru_centr_sr_dsa_a-all_exp-diff-login,centr,OFF,0
2026-09-06,2026-09-06 00:00,2026-09-06 04:00,ppc_ru_centr_sr_gen_a-all_exp-diff-login,centr,OFF,0
2026-09-06,2026-09-06 00:00,2026-09-06 04:00,ppc_ru_sibir_sr_dsa_a-all_exp-diff-login,sibir,ON,1
2026-09-06,2026-09-06 00:00,2026-09-06 04:00,ppc_ru_sibir_sr_gen_a-all_exp-diff-login,sibir,ON,1
2026-09-06,2026-09-06 00:00,2026-09-06 04:00,ppc_ru_ural_sr_dsa_a-all_exp-diff-login,ural,ON,1
2026-09-06,2026-09-06 00:00,2026-09-06 04:00,ppc_ru_ural_sr_gen_a-all_exp-diff-login,ural,ON,1
2026-09-06,2026-09-06 00:00,2026-09-06 04:00,ppc_ru_ural_sr_s-auto_a-all_exp-diff-login,ural,ON,1
2026-09-06,2026-09-06 04:00,2026-09-06 08:00,ppc_ru_IKT_sr_gen_a-all_exp-diff-login,sibir,OFF,0
2026-09-06,2026-09-06 04:00,2026-09-06 08:00,ppc_ru_KJA_sr_dsa_a-all_exp-diff-login,KJA,OFF,0
2026-09-06,2026-09-06 04:00,2026-09-06 08:00,ppc_ru_KJA_sr_gen_a-all_exp-diff-login,KJA,OFF,0
2026-09-06,2026-09-06 04:00,2026-09-06 08:00,ppc_ru_KRR_sr_dsa_a-all_exp-diff-login,KRR,ON,1
2026-09-06,2026-09-06 04:00,2026-09-06 08:00,ppc_ru_KRR_sr_gen_a-all_exp-diff-login,KRR,ON,1
2026-09-06,2026-09-06 04:00,2026-09-06 08:00,ppc_ru_KRR_sr_s-auto_a-all_exp-diff-login,KRR,ON,1
2026-09-06,2026-09-06 04:00,2026-09-06 08:00,ppc_ru_KVKZ_sr_gen_a-all_exp-diff-login,KVKZ,OFF,0
2026-09-06,2026-09-06 04:00,2026-09-06 08:00,ppc_ru_KVKZ_sr_s-auto_a-all_exp-diff-login,KVKZ,OFF,0
2026-09-06,2026-09-06 04:00,2026-09-06 08:00,ppc_ru_KZN_sr_gen_a-all_exp-diff-login,KZN,ON,1
2026-09-06,2026-09-06 04:00,2026-09-06 08:00,ppc_ru_KZN_sr_s-auto_a-all_exp-diff-login,KZN,ON,1
2026-09-06,2026-09-06 04:00,2026-09-06 08:00,ppc_ru_LED_sr_dsa_a-all_exp-diff-login,LED,ON,1
2026-09-06,2026-09-06 04:00,2026-09-06 08:00,ppc_ru_LED_sr_gen_a-all_exp-diff-login,LED,ON,1
2026-09-06,2026-09-06 04:00,2026-09-06 08:00,ppc_ru_LED_sr_s-auto_a-all_exp-diff-login,LED,ON,1
2026-09-06,2026-09-06 04:00,2026-09-06 08:00,ppc_ru_MOW_sr_dsa_a-all_exp-diff-login,MOW,ON,1
2026-09-06,2026-09-06 04:00,2026-09-06 08:00,ppc_ru_MOW_sr_gen_a-all_exp-diff-login,MOW,ON,1
2026-09-06,2026-09-06 04:00,2026-09-06 08:00,ppc_ru_MOW_sr_s-auto_a-all_exp-diff-login,MOW,ON,1
2026-09-06,2026-09-06 04:00,2026-09-06 08:00,ppc_ru_MOW_sr_s-auto_a-all_exp-diff-login_exp_travel-aud,MOW,ON,1
2026-09-06,2026-09-06 04:00,2026-09-06 08:00,ppc_ru_OVB_sr_dsa_a-all_exp-diff-login,OVB,ON,1
2026-09-06,2026-09-06 04:00,2026-09-06 08:00,ppc_ru_OVB_sr_gen_a-all_exp-diff-login,OVB,ON,1
2026-09-06,2026-09-06 04:00,2026-09-06 08:00,ppc_ru_SVX_sr_dsa_a-all_exp-diff-login,ural,ON,1
2026-09-06,2026-09-06 04:00,2026-09-06 08:00,ppc_ru_SVX_sr_gen_a-all_exp-diff-login,ural,ON,1
2026-09-06,2026-09-06 04:00,2026-09-06 08:00,ppc_ru_TJM_sr_dsa_a-all_exp-diff-login,ural,ON,1
2026-09-06,2026-09-06 04:00,2026-09-06 08:00,ppc_ru_TJM_sr_gen_a-all_exp-diff-login,ural,ON,1
2026-09-06,2026-09-06 04:00,2026-09-06 08:00,ppc_ru_UFA_sr_dsa_a-all_exp-diff-login,UFA,ON,1
2026-09-06,2026-09-06 04:00,2026-09-06 08:00,ppc_ru_UFA_sr_gen_a-all_exp-diff-login,UFA,ON,1
2026-09-06,2026-09-06 04:00,2026-09-06 08:00,ppc_ru_centr_sr_dsa_a-all_exp-diff-login,centr,ON,1
2026-09-06,2026-09-06 04:00,2026-09-06 08:00,ppc_ru_centr_sr_gen_a-all_exp-diff-login,centr,ON,1
2026-09-06,2026-09-06 04:00,2026-09-06 08:00,ppc_ru_sibir_sr_dsa_a-all_exp-diff-login,sibir,OFF,0
2026-09-06,2026-09-06 04:00,2026-09-06 08:00,ppc_ru_sibir_sr_gen_a-all_exp-diff-login,sibir,OFF,0
2026-09-06,2026-09-06 04:00,2026-09-06 08:00,ppc_ru_ural_sr_dsa_a-all_exp-diff-login,ural,ON,1
2026-09-06,2026-09-06 04:00,2026-09-06 08:00,ppc_ru_ural_sr_gen_a-all_exp-diff-login,ural,ON,1
2026-09-06,2026-09-06 04:00,2026-09-06 08:00,ppc_ru_ural_sr_s-auto_a-all_exp-diff-login,ural,ON,1
2026-09-06,2026-09-06 08:00,2026-09-06 12:00,ppc_ru_IKT_sr_gen_a-all_exp-diff-login,sibir,OFF,0
2026-09-06,2026-09-06 08:00,2026-09-06 12:00,ppc_ru_KJA_sr_dsa_a-all_exp-diff-login,KJA,OFF,0
2026-09-06,2026-09-06 08:00,2026-09-06 12:00,ppc_ru_KJA_sr_gen_a-all_exp-diff-login,KJA,OFF,0
2026-09-06,2026-09-06 08:00,2026-09-06 12:00,ppc_ru_KRR_sr_dsa_a-all_exp-diff-login,KRR,OFF,0
2026-09-06,2026-09-06 08:00,2026-09-06 12:00,ppc_ru_KRR_sr_gen_a-all_exp-diff-login,KRR,OFF,0
2026-09-06,2026-09-06 08:00,2026-09-06 12:00,ppc_ru_KRR_sr_s-auto_a-all_exp-diff-login,KRR,OFF,0
2026-09-06,2026-09-06 08:00,2026-09-06 12:00,ppc_ru_KVKZ_sr_gen_a-all_exp-diff-login,KVKZ,ON,1
2026-09-06,2026-09-06 08:00,2026-09-06 12:00,ppc_ru_KVKZ_sr_s-auto_a-all_exp-diff-login,KVKZ,ON,1
2026-09-06,2026-09-06 08:00,2026-09-06 12:00,ppc_ru_KZN_sr_gen_a-all_exp-diff-login,KZN,OFF,0
2026-09-06,2026-09-06 08:00,2026-09-06 12:00,ppc_ru_KZN_sr_s-auto_a-all_exp-diff-login,KZN,OFF,0
2026-09-06,2026-09-06 08:00,2026-09-06 12:00,ppc_ru_LED_sr_dsa_a-all_exp-diff-login,LED,OFF,0
2026-09-06,2026-09-06 08:00,2026-09-06 12:00,ppc_ru_LED_sr_gen_a-all_exp-diff-login,LED,OFF,0
2026-09-06,2026-09-06 08:00,2026-09-06 12:00,ppc_ru_LED_sr_s-auto_a-all_exp-diff-login,LED,OFF,0
2026-09-06,2026-09-06 08:00,2026-09-06 12:00,ppc_ru_MOW_sr_dsa_a-all_exp-diff-login,MOW,ON,1
2026-09-06,2026-09-06 08:00,2026-09-06 12:00,ppc_ru_MOW_sr_gen_a-all_exp-diff-login,MOW,ON,1
2026-09-06,2026-09-06 08:00,2026-09-06 12:00,ppc_ru_MOW_sr_s-auto_a-all_exp-diff-login,MOW,ON,1
2026-09-06,2026-09-06 08:00,2026-09-06 12:00,ppc_ru_MOW_sr_s-auto_a-all_exp-diff-login_exp_travel-aud,MOW,ON,1
2026-09-06,2026-09-06 08:00,2026-09-06 12:00,ppc_ru_OVB_sr_dsa_a-all_exp-diff-login,OVB,OFF,0
2026-09-06,2026-09-06 08:00,2026-09-06 12:00,ppc_ru_OVB_sr_gen_a-all_exp-diff-login,OVB,OFF,0
2026-09-06,2026-09-06 08:00,2026-09-06 12:00,ppc_ru_SVX_sr_dsa_a-all_exp-diff-login,ural,OFF,0
2026-09-06,2026-09-06 08:00,2026-09-06 12:00,ppc_ru_SVX_sr_gen_a-all_exp-diff-login,ural,OFF,0
2026-09-06,2026-09-06 08:00,2026-09-06 12:00,ppc_ru_TJM_sr_dsa_a-all_exp-diff-login,ural,OFF,0
2026-09-06,2026-09-06 08:00,2026-09-06 12:00,ppc_ru_TJM_sr_gen_a-all_exp-diff-login,ural,OFF,0
2026-09-06,2026-09-06 08:00,2026-09-06 12:00,ppc_ru_UFA_sr_dsa_a-all_exp-diff-login,UFA,ON,1
2026-09-06,2026-09-06 08:00,2026-09-06 12:00,ppc_ru_UFA_sr_gen_a-all_exp-diff-login,UFA,ON,1
2026-09-06,2026-09-06 08:00,2026-09-06 12:00,ppc_ru_centr_sr_dsa_a-all_exp-diff-login,centr,OFF,0
2026-09-06,2026-09-06 08:00,2026-09-06 12:00,ppc_ru_centr_sr_gen_a-all_exp-diff-login,centr,OFF,0
2026-09-06,2026-09-06 08:00,2026-09-06 12:00,ppc_ru_sibir_sr_dsa_a-all_exp-diff-login,sibir,OFF,0
2026-09-06,2026-09-06 08:00,2026-09-06 12:00,ppc_ru_sibir_sr_gen_a-all_exp-diff-login,sibir,OFF,0
2026-09-06,2026-09-06 08:00,2026-09-06 12:00,ppc_ru_ural_sr_dsa_a-all_exp-diff-login,ural,OFF,0
2026-09-06,2026-09-06 08:00,2026-09-06 12:00,ppc_ru_ural_sr_gen_a-all_exp-diff-login,ural,OFF,0
2026-09-06,2026-09-06 08:00,2026-09-06 12:00,ppc_ru_ural_sr_s-auto_a-all_exp-diff-login,ural,OFF,0
2026-09-06,2026-09-06 12:00,2026-09-06 16:00,ppc_ru_IKT_sr_gen_a-all_exp-diff-login,sibir,OFF,0
2026-09-06,2026-09-06 12:00,2026-09-06 16:00,ppc_ru_KJA_sr_dsa_a-all_exp-diff-login,KJA,ON,1
2026-09-06,2026-09-06 12:00,2026-09-06 16:00,ppc_ru_KJA_sr_gen_a-all_exp-diff-login,KJA,ON,1
2026-09-06,2026-09-06 12:00,2026-09-06 16:00,ppc_ru_KRR_sr_dsa_a-all_exp-diff-login,KRR,ON,1
2026-09-06,2026-09-06 12:00,2026-09-06 16:00,ppc_ru_KRR_sr_gen_a-all_exp-diff-login,KRR,ON,1
2026-09-06,2026-09-06 12:00,2026-09-06 16:00,ppc_ru_KRR_sr_s-auto_a-all_exp-diff-login,KRR,ON,1
2026-09-06,2026-09-06 12:00,2026-09-06 16:00,ppc_ru_KVKZ_sr_gen_a-all_exp-diff-login,KVKZ,OFF,0
2026-09-06,2026-09-06 12:00,2026-09-06 16:00,ppc_ru_KVKZ_sr_s-auto_a-all_exp-diff-login,KVKZ,OFF,0
2026-09-06,2026-09-06 12:00,2026-09-06 16:00,ppc_ru_KZN_sr_gen_a-all_exp-diff-login,KZN,OFF,0
2026-09-06,2026-09-06 12:00,2026-09-06 16:00,ppc_ru_KZN_sr_s-auto_a-all_exp-diff-login,KZN,OFF,0
2026-09-06,2026-09-06 12:00,2026-09-06 16:00,ppc_ru_LED_sr_dsa_a-all_exp-diff-login,LED,ON,1
2026-09-06,2026-09-06 12:00,2026-09-06 16:00,ppc_ru_LED_sr_gen_a-all_exp-diff-login,LED,ON,1
2026-09-06,2026-09-06 12:00,2026-09-06 16:00,ppc_ru_LED_sr_s-auto_a-all_exp-diff-login,LED,ON,1
2026-09-06,2026-09-06 12:00,2026-09-06 16:00,ppc_ru_MOW_sr_dsa_a-all_exp-diff-login,MOW,OFF,0
2026-09-06,2026-09-06 12:00,2026-09-06 16:00,ppc_ru_MOW_sr_gen_a-all_exp-diff-login,MOW,OFF,0
2026-09-06,2026-09-06 12:00,2026-09-06 16:00,ppc_ru_MOW_sr_s-auto_a-all_exp-diff-login,MOW,OFF,0
2026-09-06,2026-09-06 12:00,2026-09-06 16:00,ppc_ru_MOW_sr_s-auto_a-all_exp-diff-login_exp_travel-aud,MOW,OFF,0
2026-09-06,2026-09-06 12:00,2026-09-06 16:00,ppc_ru_OVB_sr_dsa_a-all_exp-diff-login,OVB,ON,1
2026-09-06,2026-09-06 12:00,2026-09-06 16:00,ppc_ru_OVB_sr_gen_a-all_exp-diff-login,OVB,ON,1
2026-09-06,2026-09-06 12:00,2026-09-06 16:00,ppc_ru_SVX_sr_dsa_a-all_exp-diff-login,ural,ON,1
2026-09-06,2026-09-06 12:00,2026-09-06 16:00,ppc_ru_SVX_sr_gen_a-all_exp-diff-login,ural,ON,1
2026-09-06,2026-09-06 12:00,2026-09-06 16:00,ppc_ru_TJM_sr_dsa_a-all_exp-diff-login,ural,ON,1
2026-09-06,2026-09-06 12:00,2026-09-06 16:00,ppc_ru_TJM_sr_gen_a-all_exp-diff-login,ural,ON,1
2026-09-06,2026-09-06 12:00,2026-09-06 16:00,ppc_ru_UFA_sr_dsa_a-all_exp-diff-login,UFA,OFF,0
2026-09-06,2026-09-06 12:00,2026-09-06 16:00,ppc_ru_UFA_sr_gen_a-all_exp-diff-login,UFA,OFF,0
2026-09-06,2026-09-06 12:00,2026-09-06 16:00,ppc_ru_centr_sr_dsa_a-all_exp-diff-login,centr,OFF,0
2026-09-06,2026-09-06 12:00,2026-09-06 16:00,ppc_ru_centr_sr_gen_a-all_exp-diff-login,centr,OFF,0
2026-09-06,2026-09-06 12:00,2026-09-06 16:00,ppc_ru_sibir_sr_dsa_a-all_exp-diff-login,sibir,OFF,0
2026-09-06,2026-09-06 12:00,2026-09-06 16:00,ppc_ru_sibir_sr_gen_a-all_exp-diff-login,sibir,OFF,0
2026-09-06,2026-09-06 12:00,2026-09-06 16:00,ppc_ru_ural_sr_dsa_a-all_exp-diff-login,ural,ON,1
2026-09-06,2026-09-06 12:00,2026-09-06 16:00,ppc_ru_ural_sr_gen_a-all_exp-diff-login,ural,ON,1
2026-09-06,2026-09-06 12:00,2026-09-06 16:00,ppc_ru_ural_sr_s-auto_a-all_exp-diff-login,ural,ON,1
2026-09-06,2026-09-06 16:00,2026-09-06 20:00,ppc_ru_IKT_sr_gen_a-all_exp-diff-login,sibir,ON,1
2026-09-06,2026-09-06 16:00,2026-09-06 20:00,ppc_ru_KJA_sr_dsa_a-all_exp-diff-login,KJA,ON,1
2026-09-06,2026-09-06 16:00,2026-09-06 20:00,ppc_ru_KJA_sr_gen_a-all_exp-diff-login,KJA,ON,1
2026-09-06,2026-09-06 16:00,2026-09-06 20:00,ppc_ru_KRR_sr_dsa_a-all_exp-diff-login,KRR,OFF,0
2026-09-06,2026-09-06 16:00,2026-09-06 20:00,ppc_ru_KRR_sr_gen_a-all_exp-diff-login,KRR,OFF,0
2026-09-06,2026-09-06 16:00,2026-09-06 20:00,ppc_ru_KRR_sr_s-auto_a-all_exp-diff-login,KRR,OFF,0
2026-09-06,2026-09-06 16:00,2026-09-06 20:00,ppc_ru_KVKZ_sr_gen_a-all_exp-diff-login,KVKZ,OFF,0
2026-09-06,2026-09-06 16:00,2026-09-06 20:00,ppc_ru_KVKZ_sr_s-auto_a-all_exp-diff-login,KVKZ,OFF,0
2026-09-06,2026-09-06 16:00,2026-09-06 20:00,ppc_ru_KZN_sr_gen_a-all_exp-diff-login,KZN,OFF,0
2026-09-06,2026-09-06 16:00,2026-09-06 20:00,ppc_ru_KZN_sr_s-auto_a-all_exp-diff-login,KZN,OFF,0
2026-09-06,2026-09-06 16:00,2026-09-06 20:00,ppc_ru_LED_sr_dsa_a-all_exp-diff-login,LED,OFF,0
2026-09-06,2026-09-06 16:00,2026-09-06 20:00,ppc_ru_LED_sr_gen_a-all_exp-diff-login,LED,OFF,0
2026-09-06,2026-09-06 16:00,2026-09-06 20:00,ppc_ru_LED_sr_s-auto_a-all_exp-diff-login,LED,OFF,0
2026-09-06,2026-09-06 16:00,2026-09-06 20:00,ppc_ru_MOW_sr_dsa_a-all_exp-diff-login,MOW,ON,1
2026-09-06,2026-09-06 16:00,2026-09-06 20:00,ppc_ru_MOW_sr_gen_a-all_exp-diff-login,MOW,ON,1
2026-09-06,2026-09-06 16:00,2026-09-06 20:00,ppc_ru_MOW_sr_s-auto_a-all_exp-diff-login,MOW,ON,1
2026-09-06,2026-09-06 16:00,2026-09-06 20:00,ppc_ru_MOW_sr_s-auto_a-all_exp-diff-login_exp_travel-aud,MOW,ON,1
2026-09-06,2026-09-06 16:00,2026-09-06 20:00,ppc_ru_OVB_sr_dsa_a-all_exp-diff-login,OVB,OFF,0
2026-09-06,2026-09-06 16:00,2026-09-06 20:00,ppc_ru_OVB_sr_gen_a-all_exp-diff-login,OVB,OFF,0
2026-09-06,2026-09-06 16:00,2026-09-06 20:00,ppc_ru_SVX_sr_dsa_a-all_exp-diff-login,ural,OFF,0
2026-09-06,2026-09-06 16:00,2026-09-06 20:00,ppc_ru_SVX_sr_gen_a-all_exp-diff-login,ural,OFF,0
2026-09-06,2026-09-06 16:00,2026-09-06 20:00,ppc_ru_TJM_sr_dsa_a-all_exp-diff-login,ural,OFF,0
2026-09-06,2026-09-06 16:00,2026-09-06 20:00,ppc_ru_TJM_sr_gen_a-all_exp-diff-login,ural,OFF,0
2026-09-06,2026-09-06 16:00,2026-09-06 20:00,ppc_ru_UFA_sr_dsa_a-all_exp-diff-login,UFA,OFF,0
2026-09-06,2026-09-06 16:00,2026-09-06 20:00,ppc_ru_UFA_sr_gen_a-all_exp-diff-login,UFA,OFF,0
2026-09-06,2026-09-06 16:00,2026-09-06 20:00,ppc_ru_centr_sr_dsa_a-all_exp-diff-login,centr,ON,1
2026-09-06,2026-09-06 16:00,2026-09-06 20:00,ppc_ru_centr_sr_gen_a-all_exp-diff-login,centr,ON,1
2026-09-06,2026-09-06 16:00,2026-09-06 20:00,ppc_ru_sibir_sr_dsa_a-all_exp-diff-login,sibir,ON,1
2026-09-06,2026-09-06 16:00,2026-09-06 20:00,ppc_ru_sibir_sr_gen_a-all_exp-diff-login,sibir,ON,1
2026-09-06,2026-09-06 16:00,2026-09-06 20:00,ppc_ru_ural_sr_dsa_a-all_exp-diff-login,ural,OFF,0
2026-09-06,2026-09-06 16:00,2026-09-06 20:00,ppc_ru_ural_sr_gen_a-all_exp-diff-login,ural,OFF,0
2026-09-06,2026-09-06 16:00,2026-09-06 20:00,ppc_ru_ural_sr_s-auto_a-all_exp-diff-login,ural,OFF,0
2026-09-06,2026-09-06 20:00,2026-09-07 00:00,ppc_ru_IKT_sr_gen_a-all_exp-diff-login,sibir,ON,1
2026-09-06,2026-09-06 20:00,2026-09-07 00:00,ppc_ru_KJA_sr_dsa_a-all_exp-diff-login,KJA,ON,1
2026-09-06,2026-09-06 20:00,2026-09-07 00:00,ppc_ru_KJA_sr_gen_a-all_exp-diff-login,KJA,ON,1
2026-09-06,2026-09-06 20:00,2026-09-07 00:00,ppc_ru_KRR_sr_dsa_a-all_exp-diff-login,KRR,ON,1
2026-09-06,2026-09-06 20:00,2026-09-07 00:00,ppc_ru_KRR_sr_gen_a-all_exp-diff-login,KRR,ON,1
2026-09-06,2026-09-06 20:00,2026-09-07 00:00,ppc_ru_KRR_sr_s-auto_a-all_exp-diff-login,KRR,ON,1
2026-09-06,2026-09-06 20:00,2026-09-07 00:00,ppc_ru_KVKZ_sr_gen_a-all_exp-diff-login,KVKZ,ON,1
2026-09-06,2026-09-06 20:00,2026-09-07 00:00,ppc_ru_KVKZ_sr_s-auto_a-all_exp-diff-login,KVKZ,ON,1
2026-09-06,2026-09-06 20:00,2026-09-07 00:00,ppc_ru_KZN_sr_gen_a-all_exp-diff-login,KZN,ON,1
2026-09-06,2026-09-06 20:00,2026-09-07 00:00,ppc_ru_KZN_sr_s-auto_a-all_exp-diff-login,KZN,ON,1
2026-09-06,2026-09-06 20:00,2026-09-07 00:00,ppc_ru_LED_sr_dsa_a-all_exp-diff-login,LED,ON,1
2026-09-06,2026-09-06 20:00,2026-09-07 00:00,ppc_ru_LED_sr_gen_a-all_exp-diff-login,LED,ON,1
2026-09-06,2026-09-06 20:00,2026-09-07 00:00,ppc_ru_LED_sr_s-auto_a-all_exp-diff-login,LED,ON,1
2026-09-06,2026-09-06 20:00,2026-09-07 00:00,ppc_ru_MOW_sr_dsa_a-all_exp-diff-login,MOW,OFF,0
2026-09-06,2026-09-06 20:00,2026-09-07 00:00,ppc_ru_MOW_sr_gen_a-all_exp-diff-login,MOW,OFF,0
2026-09-06,2026-09-06 20:00,2026-09-07 00:00,ppc_ru_MOW_sr_s-auto_a-all_exp-diff-login,MOW,OFF,0
2026-09-06,2026-09-06 20:00,2026-09-07 00:00,ppc_ru_MOW_sr_s-auto_a-all_exp-diff-login_exp_travel-aud,MOW,OFF,0
2026-09-06,2026-09-06 20:00,2026-09-07 00:00,ppc_ru_OVB_sr_dsa_a-all_exp-diff-login,OVB,ON,1
2026-09-06,2026-09-06 20:00,2026-09-07 00:00,ppc_ru_OVB_sr_gen_a-all_exp-diff-login,OVB,ON,1
2026-09-06,2026-09-06 20:00,2026-09-07 00:00,ppc_ru_SVX_sr_dsa_a-all_exp-diff-login,ural,OFF,0
2026-09-06,2026-09-06 20:00,2026-09-07 00:00,ppc_ru_SVX_sr_gen_a-all_exp-diff-login,ural,OFF,0
2026-09-06,2026-09-06 20:00,2026-09-07 00:00,ppc_ru_TJM_sr_dsa_a-all_exp-diff-login,ural,OFF,0
2026-09-06,2026-09-06 20:00,2026-09-07 00:00,ppc_ru_TJM_sr_gen_a-all_exp-diff-login,ural,OFF,0
2026-09-06,2026-09-06 20:00,2026-09-07 00:00,ppc_ru_UFA_sr_dsa_a-all_exp-diff-login,UFA,OFF,0
2026-09-06,2026-09-06 20:00,2026-09-07 00:00,ppc_ru_UFA_sr_gen_a-all_exp-diff-login,UFA,OFF,0
2026-09-06,2026-09-06 20:00,2026-09-07 00:00,ppc_ru_centr_sr_dsa_a-all_exp-diff-login,centr,ON,1
2026-09-06,2026-09-06 20:00,2026-09-07 00:00,ppc_ru_centr_sr_gen_a-all_exp-diff-login,centr,ON,1
2026-09-06,2026-09-06 20:00,2026-09-07 00:00,ppc_ru_sibir_sr_dsa_a-all_exp-diff-login,sibir,ON,1
2026-09-06,2026-09-06 20:00,2026-09-07 00:00,ppc_ru_sibir_sr_gen_a-all_exp-diff-login,sibir,ON,1
2026-09-06,2026-09-06 20:00,2026-09-07 00:00,ppc_ru_ural_sr_dsa_a-all_exp-diff-login,ural,OFF,0
2026-09-06,2026-09-06 20:00,2026-09-07 00:00,ppc_ru_ural_sr_gen_a-all_exp-diff-login,ural,OFF,0
2026-09-06,2026-09-06 20:00,2026-09-07 00:00,ppc_ru_ural_sr_s-auto_a-all_exp-diff-login,ural,OFF,0
2026-09-07,2026-09-07 00:00,2026-09-07 04:00,ppc_ru_IKT_sr_gen_a-all_exp-diff-login,sibir,ON,1
2026-09-07,2026-09-07 00:00,2026-09-07 04:00,ppc_ru_KJA_sr_dsa_a-all_exp-diff-login,KJA,ON,1
2026-09-07,2026-09-07 00:00,2026-09-07 04:00,ppc_ru_KJA_sr_gen_a-all_exp-diff-login,KJA,ON,1
2026-09-07,2026-09-07 00:00,2026-09-07 04:00,ppc_ru_KRR_sr_dsa_a-all_exp-diff-login,KRR,ON,1
2026-09-07,2026-09-07 00:00,2026-09-07 04:00,ppc_ru_KRR_sr_gen_a-all_exp-diff-login,KRR,ON,1
2026-09-07,2026-09-07 00:00,2026-09-07 04:00,ppc_ru_KRR_sr_s-auto_a-all_exp-diff-login,KRR,ON,1
2026-09-07,2026-09-07 00:00,2026-09-07 04:00,ppc_ru_KVKZ_sr_gen_a-all_exp-diff-login,KVKZ,OFF,0
2026-09-07,2026-09-07 00:00,2026-09-07 04:00,ppc_ru_KVKZ_sr_s-auto_a-all_exp-diff-login,KVKZ,OFF,0
2026-09-07,2026-09-07 00:00,2026-09-07 04:00,ppc_ru_KZN_sr_gen_a-all_exp-diff-login,KZN,ON,1
2026-09-07,2026-09-07 00:00,2026-09-07 04:00,ppc_ru_KZN_sr_s-auto_a-all_exp-diff-login,KZN,ON,1
2026-09-07,2026-09-07 00:00,2026-09-07 04:00,ppc_ru_LED_sr_dsa_a-all_exp-diff-login,LED,OFF,0
2026-09-07,2026-09-07 00:00,2026-09-07 04:00,ppc_ru_LED_sr_gen_a-all_exp-diff-login,LED,OFF,0
2026-09-07,2026-09-07 00:00,2026-09-07 04:00,ppc_ru_LED_sr_s-auto_a-all_exp-diff-login,LED,OFF,0
2026-09-07,2026-09-07 00:00,2026-09-07 04:00,ppc_ru_MOW_sr_dsa_a-all_exp-diff-login,MOW,ON,1
2026-09-07,2026-09-07 00:00,2026-09-07 04:00,ppc_ru_MOW_sr_gen_a-all_exp-diff-login,MOW,ON,1
2026-09-07,2026-09-07 00:00,2026-09-07 04:00,ppc_ru_MOW_sr_s-auto_a-all_exp-diff-login,MOW,ON,1
2026-09-07,2026-09-07 00:00,2026-09-07 04:00,ppc_ru_MOW_sr_s-auto_a-all_exp-diff-login_exp_travel-aud,MOW,ON,1
2026-09-07,2026-09-07 00:00,2026-09-07 04:00,ppc_ru_OVB_sr_dsa_a-all_exp-diff-login,OVB,ON,1
2026-09-07,2026-09-07 00:00,2026-09-07 04:00,ppc_ru_OVB_sr_gen_a-all_exp-diff-login,OVB,ON,1
2026-09-07,2026-09-07 00:00,2026-09-07 04:00,ppc_ru_SVX_sr_dsa_a-all_exp-diff-login,ural,ON,1
2026-09-07,2026-09-07 00:00,2026-09-07 04:00,ppc_ru_SVX_sr_gen_a-all_exp-diff-login,ural,ON,1
2026-09-07,2026-09-07 00:00,2026-09-07 04:00,ppc_ru_TJM_sr_dsa_a-all_exp-diff-login,ural,ON,1
2026-09-07,2026-09-07 00:00,2026-09-07 04:00,ppc_ru_TJM_sr_gen_a-all_exp-diff-login,ural,ON,1
2026-09-07,2026-09-07 00:00,2026-09-07 04:00,ppc_ru_UFA_sr_dsa_a-all_exp-diff-login,UFA,ON,1
2026-09-07,2026-09-07 00:00,2026-09-07 04:00,ppc_ru_UFA_sr_gen_a-all_exp-diff-login,UFA,ON,1
2026-09-07,2026-09-07 00:00,2026-09-07 04:00,ppc_ru_centr_sr_dsa_a-all_exp-diff-login,centr,OFF,0
2026-09-07,2026-09-07 00:00,2026-09-07 04:00,ppc_ru_centr_sr_gen_a-all_exp-diff-login,centr,OFF,0
2026-09-07,2026-09-07 00:00,2026-09-07 04:00,ppc_ru_sibir_sr_dsa_a-all_exp-diff-login,sibir,ON,1
2026-09-07,2026-09-07 00:00,2026-09-07 04:00,ppc_ru_sibir_sr_gen_a-all_exp-diff-login,sibir,ON,1
2026-09-07,2026-09-07 00:00,2026-09-07 04:00,ppc_ru_ural_sr_dsa_a-all_exp-diff-login,ural,ON,1
2026-09-07,2026-09-07 00:00,2026-09-07 04:00,ppc_ru_ural_sr_gen_a-all_exp-diff-login,ural,ON,1
2026-09-07,2026-09-07 00:00,2026-09-07 04:00,ppc_ru_ural_sr_s-auto_a-all_exp-diff-login,ural,ON,1
2026-09-07,2026-09-07 04:00,2026-09-07 08:00,ppc_ru_IKT_sr_gen_a-all_exp-diff-login,sibir,OFF,0
2026-09-07,2026-09-07 04:00,2026-09-07 08:00,ppc_ru_KJA_sr_dsa_a-all_exp-diff-login,KJA,OFF,0
2026-09-07,2026-09-07 04:00,2026-09-07 08:00,ppc_ru_KJA_sr_gen_a-all_exp-diff-login,KJA,OFF,0
2026-09-07,2026-09-07 04:00,2026-09-07 08:00,ppc_ru_KRR_sr_dsa_a-all_exp-diff-login,KRR,OFF,0
2026-09-07,2026-09-07 04:00,2026-09-07 08:00,ppc_ru_KRR_sr_gen_a-all_exp-diff-login,KRR,OFF,0
2026-09-07,2026-09-07 04:00,2026-09-07 08:00,ppc_ru_KRR_sr_s-auto_a-all_exp-diff-login,KRR,OFF,0
2026-09-07,2026-09-07 04:00,2026-09-07 08:00,ppc_ru_KVKZ_sr_gen_a-all_exp-diff-login,KVKZ,ON,1
2026-09-07,2026-09-07 04:00,2026-09-07 08:00,ppc_ru_KVKZ_sr_s-auto_a-all_exp-diff-login,KVKZ,ON,1
2026-09-07,2026-09-07 04:00,2026-09-07 08:00,ppc_ru_KZN_sr_gen_a-all_exp-diff-login,KZN,ON,1
2026-09-07,2026-09-07 04:00,2026-09-07 08:00,ppc_ru_KZN_sr_s-auto_a-all_exp-diff-login,KZN,ON,1
2026-09-07,2026-09-07 04:00,2026-09-07 08:00,ppc_ru_LED_sr_dsa_a-all_exp-diff-login,LED,OFF,0
2026-09-07,2026-09-07 04:00,2026-09-07 08:00,ppc_ru_LED_sr_gen_a-all_exp-diff-login,LED,OFF,0
2026-09-07,2026-09-07 04:00,2026-09-07 08:00,ppc_ru_LED_sr_s-auto_a-all_exp-diff-login,LED,OFF,0
2026-09-07,2026-09-07 04:00,2026-09-07 08:00,ppc_ru_MOW_sr_dsa_a-all_exp-diff-login,MOW,OFF,0
2026-09-07,2026-09-07 04:00,2026-09-07 08:00,ppc_ru_MOW_sr_gen_a-all_exp-diff-login,MOW,OFF,0
2026-09-07,2026-09-07 04:00,2026-09-07 08:00,ppc_ru_MOW_sr_s-auto_a-all_exp-diff-login,MOW,OFF,0
2026-09-07,2026-09-07 04:00,2026-09-07 08:00,ppc_ru_MOW_sr_s-auto_a-all_exp-diff-login_exp_travel-aud,MOW,OFF,0
2026-09-07,2026-09-07 04:00,2026-09-07 08:00,ppc_ru_OVB_sr_dsa_a-all_exp-diff-login,OVB,ON,1
2026-09-07,2026-09-07 04:00,2026-09-07 08:00,ppc_ru_OVB_sr_gen_a-all_exp-diff-login,OVB,ON,1
2026-09-07,2026-09-07 04:00,2026-09-07 08:00,ppc_ru_SVX_sr_dsa_a-all_exp-diff-login,ural,ON,1
2026-09-07,2026-09-07 04:00,2026-09-07 08:00,ppc_ru_SVX_sr_gen_a-all_exp-diff-login,ural,ON,1
2026-09-07,2026-09-07 04:00,2026-09-07 08:00,ppc_ru_TJM_sr_dsa_a-all_exp-diff-login,ural,ON,1
2026-09-07,2026-09-07 04:00,2026-09-07 08:00,ppc_ru_TJM_sr_gen_a-all_exp-diff-login,ural,ON,1
2026-09-07,2026-09-07 04:00,2026-09-07 08:00,ppc_ru_UFA_sr_dsa_a-all_exp-diff-login,UFA,OFF,0
2026-09-07,2026-09-07 04:00,2026-09-07 08:00,ppc_ru_UFA_sr_gen_a-all_exp-diff-login,UFA,OFF,0
2026-09-07,2026-09-07 04:00,2026-09-07 08:00,ppc_ru_centr_sr_dsa_a-all_exp-diff-login,centr,ON,1
2026-09-07,2026-09-07 04:00,2026-09-07 08:00,ppc_ru_centr_sr_gen_a-all_exp-diff-login,centr,ON,1
2026-09-07,2026-09-07 04:00,2026-09-07 08:00,ppc_ru_sibir_sr_dsa_a-all_exp-diff-login,sibir,OFF,0
2026-09-07,2026-09-07 04:00,2026-09-07 08:00,ppc_ru_sibir_sr_gen_a-all_exp-diff-login,sibir,OFF,0
2026-09-07,2026-09-07 04:00,2026-09-07 08:00,ppc_ru_ural_sr_dsa_a-all_exp-diff-login,ural,ON,1
2026-09-07,2026-09-07 04:00,2026-09-07 08:00,ppc_ru_ural_sr_gen_a-all_exp-diff-login,ural,ON,1
2026-09-07,2026-09-07 04:00,2026-09-07 08:00,ppc_ru_ural_sr_s-auto_a-all_exp-diff-login,ural,ON,1
2026-09-07,2026-09-07 08:00,2026-09-07 12:00,ppc_ru_IKT_sr_gen_a-all_exp-diff-login,sibir,ON,1
2026-09-07,2026-09-07 08:00,2026-09-07 12:00,ppc_ru_KJA_sr_dsa_a-all_exp-diff-login,KJA,OFF,0
2026-09-07,2026-09-07 08:00,2026-09-07 12:00,ppc_ru_KJA_sr_gen_a-all_exp-diff-login,KJA,OFF,0
2026-09-07,2026-09-07 08:00,2026-09-07 12:00,ppc_ru_KRR_sr_dsa_a-all_exp-diff-login,KRR,ON,1
2026-09-07,2026-09-07 08:00,2026-09-07 12:00,ppc_ru_KRR_sr_gen_a-all_exp-diff-login,KRR,ON,1
2026-09-07,2026-09-07 08:00,2026-09-07 12:00,ppc_ru_KRR_sr_s-auto_a-all_exp-diff-login,KRR,ON,1
2026-09-07,2026-09-07 08:00,2026-09-07 12:00,ppc_ru_KVKZ_sr_gen_a-all_exp-diff-login,KVKZ,OFF,0
2026-09-07,2026-09-07 08:00,2026-09-07 12:00,ppc_ru_KVKZ_sr_s-auto_a-all_exp-diff-login,KVKZ,OFF,0
2026-09-07,2026-09-07 08:00,2026-09-07 12:00,ppc_ru_KZN_sr_gen_a-all_exp-diff-login,KZN,OFF,0
2026-09-07,2026-09-07 08:00,2026-09-07 12:00,ppc_ru_KZN_sr_s-auto_a-all_exp-diff-login,KZN,OFF,0
2026-09-07,2026-09-07 08:00,2026-09-07 12:00,ppc_ru_LED_sr_dsa_a-all_exp-diff-login,LED,ON,1
2026-09-07,2026-09-07 08:00,2026-09-07 12:00,ppc_ru_LED_sr_gen_a-all_exp-diff-login,LED,ON,1
2026-09-07,2026-09-07 08:00,2026-09-07 12:00,ppc_ru_LED_sr_s-auto_a-all_exp-diff-login,LED,ON,1
2026-09-07,2026-09-07 08:00,2026-09-07 12:00,ppc_ru_MOW_sr_dsa_a-all_exp-diff-login,MOW,OFF,0
2026-09-07,2026-09-07 08:00,2026-09-07 12:00,ppc_ru_MOW_sr_gen_a-all_exp-diff-login,MOW,OFF,0
2026-09-07,2026-09-07 08:00,2026-09-07 12:00,ppc_ru_MOW_sr_s-auto_a-all_exp-diff-login,MOW,OFF,0
2026-09-07,2026-09-07 08:00,2026-09-07 12:00,ppc_ru_MOW_sr_s-auto_a-all_exp-diff-login_exp_travel-aud,MOW,OFF,0
2026-09-07,2026-09-07 08:00,2026-09-07 12:00,ppc_ru_OVB_sr_dsa_a-all_exp-diff-login,OVB,OFF,0
2026-09-07,2026-09-07 08:00,2026-09-07 12:00,ppc_ru_OVB_sr_gen_a-all_exp-diff-login,OVB,OFF,0
2026-09-07,2026-09-07 08:00,2026-09-07 12:00,ppc_ru_SVX_sr_dsa_a-all_exp-diff-login,ural,OFF,0
2026-09-07,2026-09-07 08:00,2026-09-07 12:00,ppc_ru_SVX_sr_gen_a-all_exp-diff-login,ural,OFF,0
2026-09-07,2026-09-07 08:00,2026-09-07 12:00,ppc_ru_TJM_sr_dsa_a-all_exp-diff-login,ural,OFF,0
2026-09-07,2026-09-07 08:00,2026-09-07 12:00,ppc_ru_TJM_sr_gen_a-all_exp-diff-login,ural,OFF,0
2026-09-07,2026-09-07 08:00,2026-09-07 12:00,ppc_ru_UFA_sr_dsa_a-all_exp-diff-login,UFA,ON,1
2026-09-07,2026-09-07 08:00,2026-09-07 12:00,ppc_ru_UFA_sr_gen_a-all_exp-diff-login,UFA,ON,1
2026-09-07,2026-09-07 08:00,2026-09-07 12:00,ppc_ru_centr_sr_dsa_a-all_exp-diff-login,centr,ON,1
2026-09-07,2026-09-07 08:00,2026-09-07 12:00,ppc_ru_centr_sr_gen_a-all_exp-diff-login,centr,ON,1
2026-09-07,2026-09-07 08:00,2026-09-07 12:00,ppc_ru_sibir_sr_dsa_a-all_exp-diff-login,sibir,ON,1
2026-09-07,2026-09-07 08:00,2026-09-07 12:00,ppc_ru_sibir_sr_gen_a-all_exp-diff-login,sibir,ON,1
2026-09-07,2026-09-07 08:00,2026-09-07 12:00,ppc_ru_ural_sr_dsa_a-all_exp-diff-login,ural,OFF,0
2026-09-07,2026-09-07 08:00,2026-09-07 12:00,ppc_ru_ural_sr_gen_a-all_exp-diff-login,ural,OFF,0
2026-09-07,2026-09-07 08:00,2026-09-07 12:00,ppc_ru_ural_sr_s-auto_a-all_exp-diff-login,ural,OFF,0
2026-09-07,2026-09-07 12:00,2026-09-07 16:00,ppc_ru_IKT_sr_gen_a-all_exp-diff-login,sibir,ON,1
2026-09-07,2026-09-07 12:00,2026-09-07 16:00,ppc_ru_KJA_sr_dsa_a-all_exp-diff-login,KJA,ON,1
2026-09-07,2026-09-07 12:00,2026-09-07 16:00,ppc_ru_KJA_sr_gen_a-all_exp-diff-login,KJA,ON,1
2026-09-07,2026-09-07 12:00,2026-09-07 16:00,ppc_ru_KRR_sr_dsa_a-all_exp-diff-login,KRR,OFF,0
2026-09-07,2026-09-07 12:00,2026-09-07 16:00,ppc_ru_KRR_sr_gen_a-all_exp-diff-login,KRR,OFF,0
2026-09-07,2026-09-07 12:00,2026-09-07 16:00,ppc_ru_KRR_sr_s-auto_a-all_exp-diff-login,KRR,OFF,0
2026-09-07,2026-09-07 12:00,2026-09-07 16:00,ppc_ru_KVKZ_sr_gen_a-all_exp-diff-login,KVKZ,ON,1
2026-09-07,2026-09-07 12:00,2026-09-07 16:00,ppc_ru_KVKZ_sr_s-auto_a-all_exp-diff-login,KVKZ,ON,1
2026-09-07,2026-09-07 12:00,2026-09-07 16:00,ppc_ru_KZN_sr_gen_a-all_exp-diff-login,KZN,OFF,0
2026-09-07,2026-09-07 12:00,2026-09-07 16:00,ppc_ru_KZN_sr_s-auto_a-all_exp-diff-login,KZN,OFF,0
2026-09-07,2026-09-07 12:00,2026-09-07 16:00,ppc_ru_LED_sr_dsa_a-all_exp-diff-login,LED,ON,1
2026-09-07,2026-09-07 12:00,2026-09-07 16:00,ppc_ru_LED_sr_gen_a-all_exp-diff-login,LED,ON,1
2026-09-07,2026-09-07 12:00,2026-09-07 16:00,ppc_ru_LED_sr_s-auto_a-all_exp-diff-login,LED,ON,1
2026-09-07,2026-09-07 12:00,2026-09-07 16:00,ppc_ru_MOW_sr_dsa_a-all_exp-diff-login,MOW,ON,1
2026-09-07,2026-09-07 12:00,2026-09-07 16:00,ppc_ru_MOW_sr_gen_a-all_exp-diff-login,MOW,ON,1
2026-09-07,2026-09-07 12:00,2026-09-07 16:00,ppc_ru_MOW_sr_s-auto_a-all_exp-diff-login,MOW,ON,1
2026-09-07,2026-09-07 12:00,2026-09-07 16:00,ppc_ru_MOW_sr_s-auto_a-all_exp-diff-login_exp_travel-aud,MOW,ON,1
2026-09-07,2026-09-07 12:00,2026-09-07 16:00,ppc_ru_OVB_sr_dsa_a-all_exp-diff-login,OVB,ON,1
2026-09-07,2026-09-07 12:00,2026-09-07 16:00,ppc_ru_OVB_sr_gen_a-all_exp-diff-login,OVB,ON,1
2026-09-07,2026-09-07 12:00,2026-09-07 16:00,ppc_ru_SVX_sr_dsa_a-all_exp-diff-login,ural,ON,1
2026-09-07,2026-09-07 12:00,2026-09-07 16:00,ppc_ru_SVX_sr_gen_a-all_exp-diff-login,ural,ON,1
2026-09-07,2026-09-07 12:00,2026-09-07 16:00,ppc_ru_TJM_sr_dsa_a-all_exp-diff-login,ural,ON,1
2026-09-07,2026-09-07 12:00,2026-09-07 16:00,ppc_ru_TJM_sr_gen_a-all_exp-diff-login,ural,ON,1
2026-09-07,2026-09-07 12:00,2026-09-07 16:00,ppc_ru_UFA_sr_dsa_a-all_exp-diff-login,UFA,OFF,0
2026-09-07,2026-09-07 12:00,2026-09-07 16:00,ppc_ru_UFA_sr_gen_a-all_exp-diff-login,UFA,OFF,0
2026-09-07,2026-09-07 12:00,2026-09-07 16:00,ppc_ru_centr_sr_dsa_a-all_exp-diff-login,centr,OFF,0
2026-09-07,2026-09-07 12:00,2026-09-07 16:00,ppc_ru_centr_sr_gen_a-all_exp-diff-login,centr,OFF,0
2026-09-07,2026-09-07 12:00,2026-09-07 16:00,ppc_ru_sibir_sr_dsa_a-all_exp-diff-login,sibir,ON,1
2026-09-07,2026-09-07 12:00,2026-09-07 16:00,ppc_ru_sibir_sr_gen_a-all_exp-diff-login,sibir,ON,1
2026-09-07,2026-09-07 12:00,2026-09-07 16:00,ppc_ru_ural_sr_dsa_a-all_exp-diff-login,ural,ON,1
2026-09-07,2026-09-07 12:00,2026-09-07 16:00,ppc_ru_ural_sr_gen_a-all_exp-diff-login,ural,ON,1
2026-09-07,2026-09-07 12:00,2026-09-07 16:00,ppc_ru_ural_sr_s-auto_a-all_exp-diff-login,ural,ON,1
2026-09-07,2026-09-07 16:00,2026-09-07 20:00,ppc_ru_IKT_sr_gen_a-all_exp-diff-login,sibir,OFF,0
2026-09-07,2026-09-07 16:00,2026-09-07 20:00,ppc_ru_KJA_sr_dsa_a-all_exp-diff-login,KJA,ON,1
2026-09-07,2026-09-07 16:00,2026-09-07 20:00,ppc_ru_KJA_sr_gen_a-all_exp-diff-login,KJA,ON,1
2026-09-07,2026-09-07 16:00,2026-09-07 20:00,ppc_ru_KRR_sr_dsa_a-all_exp-diff-login,KRR,OFF,0
2026-09-07,2026-09-07 16:00,2026-09-07 20:00,ppc_ru_KRR_sr_gen_a-all_exp-diff-login,KRR,OFF,0
2026-09-07,2026-09-07 16:00,2026-09-07 20:00,ppc_ru_KRR_sr_s-auto_a-all_exp-diff-login,KRR,OFF,0
2026-09-07,2026-09-07 16:00,2026-09-07 20:00,ppc_ru_KVKZ_sr_gen_a-all_exp-diff-login,KVKZ,OFF,0
2026-09-07,2026-09-07 16:00,2026-09-07 20:00,ppc_ru_KVKZ_sr_s-auto_a-all_exp-diff-login,KVKZ,OFF,0
2026-09-07,2026-09-07 16:00,2026-09-07 20:00,ppc_ru_KZN_sr_gen_a-all_exp-diff-login,KZN,OFF,0
2026-09-07,2026-09-07 16:00,2026-09-07 20:00,ppc_ru_KZN_sr_s-auto_a-all_exp-diff-login,KZN,OFF,0
2026-09-07,2026-09-07 16:00,2026-09-07 20:00,ppc_ru_LED_sr_dsa_a-all_exp-diff-login,LED,OFF,0
2026-09-07,2026-09-07 16:00,2026-09-07 20:00,ppc_ru_LED_sr_gen_a-all_exp-diff-login,LED,OFF,0
2026-09-07,2026-09-07 16:00,2026-09-07 20:00,ppc_ru_LED_sr_s-auto_a-all_exp-diff-login,LED,OFF,0
2026-09-07,2026-09-07 16:00,2026-09-07 20:00,ppc_ru_MOW_sr_dsa_a-all_exp-diff-login,MOW,ON,1
2026-09-07,2026-09-07 16:00,2026-09-07 20:00,ppc_ru_MOW_sr_gen_a-all_exp-diff-login,MOW,ON,1
2026-09-07,2026-09-07 16:00,2026-09-07 20:00,ppc_ru_MOW_sr_s-auto_a-all_exp-diff-login,MOW,ON,1
2026-09-07,2026-09-07 16:00,2026-09-07 20:00,ppc_ru_MOW_sr_s-auto_a-all_exp-diff-login_exp_travel-aud,MOW,ON,1
2026-09-07,2026-09-07 16:00,2026-09-07 20:00,ppc_ru_OVB_sr_dsa_a-all_exp-diff-login,OVB,OFF,0
2026-09-07,2026-09-07 16:00,2026-09-07 20:00,ppc_ru_OVB_sr_gen_a-all_exp-diff-login,OVB,OFF,0
2026-09-07,2026-09-07 16:00,2026-09-07 20:00,ppc_ru_SVX_sr_dsa_a-all_exp-diff-login,ural,OFF,0
2026-09-07,2026-09-07 16:00,2026-09-07 20:00,ppc_ru_SVX_sr_gen_a-all_exp-diff-login,ural,OFF,0
2026-09-07,2026-09-07 16:00,2026-09-07 20:00,ppc_ru_TJM_sr_dsa_a-all_exp-diff-login,ural,OFF,0
2026-09-07,2026-09-07 16:00,2026-09-07 20:00,ppc_ru_TJM_sr_gen_a-all_exp-diff-login,ural,OFF,0
2026-09-07,2026-09-07 16:00,2026-09-07 20:00,ppc_ru_UFA_sr_dsa_a-all_exp-diff-login,UFA,OFF,0
2026-09-07,2026-09-07 16:00,2026-09-07 20:00,ppc_ru_UFA_sr_gen_a-all_exp-diff-login,UFA,OFF,0
2026-09-07,2026-09-07 16:00,2026-09-07 20:00,ppc_ru_centr_sr_dsa_a-all_exp-diff-login,centr,OFF,0
2026-09-07,2026-09-07 16:00,2026-09-07 20:00,ppc_ru_centr_sr_gen_a-all_exp-diff-login,centr,OFF,0
2026-09-07,2026-09-07 16:00,2026-09-07 20:00,ppc_ru_sibir_sr_dsa_a-all_exp-diff-login,sibir,OFF,0
2026-09-07,2026-09-07 16:00,2026-09-07 20:00,ppc_ru_sibir_sr_gen_a-all_exp-diff-login,sibir,OFF,0
2026-09-07,2026-09-07 16:00,2026-09-07 20:00,ppc_ru_ural_sr_dsa_a-all_exp-diff-login,ural,OFF,0
2026-09-07,2026-09-07 16:00,2026-09-07 20:00,ppc_ru_ural_sr_gen_a-all_exp-diff-login,ural,OFF,0
2026-09-07,2026-09-07 16:00,2026-09-07 20:00,ppc_ru_ural_sr_s-auto_a-all_exp-diff-login,ural,OFF,0
2026-09-07,2026-09-07 20:00,2026-09-08 00:00,ppc_ru_IKT_sr_gen_a-all_exp-diff-login,sibir,OFF,0
2026-09-07,2026-09-07 20:00,2026-09-08 00:00,ppc_ru_KJA_sr_dsa_a-all_exp-diff-login,KJA,OFF,0
2026-09-07,2026-09-07 20:00,2026-09-08 00:00,ppc_ru_KJA_sr_gen_a-all_exp-diff-login,KJA,OFF,0
2026-09-07,2026-09-07 20:00,2026-09-08 00:00,ppc_ru_KRR_sr_dsa_a-all_exp-diff-login,KRR,ON,1
2026-09-07,2026-09-07 20:00,2026-09-08 00:00,ppc_ru_KRR_sr_gen_a-all_exp-diff-login,KRR,ON,1
2026-09-07,2026-09-07 20:00,2026-09-08 00:00,ppc_ru_KRR_sr_s-auto_a-all_exp-diff-login,KRR,ON,1
2026-09-07,2026-09-07 20:00,2026-09-08 00:00,ppc_ru_KVKZ_sr_gen_a-all_exp-diff-login,KVKZ,ON,1
2026-09-07,2026-09-07 20:00,2026-09-08 00:00,ppc_ru_KVKZ_sr_s-auto_a-all_exp-diff-login,KVKZ,ON,1
2026-09-07,2026-09-07 20:00,2026-09-08 00:00,ppc_ru_KZN_sr_gen_a-all_exp-diff-login,KZN,ON,1
2026-09-07,2026-09-07 20:00,2026-09-08 00:00,ppc_ru_KZN_sr_s-auto_a-all_exp-diff-login,KZN,ON,1
2026-09-07,2026-09-07 20:00,2026-09-08 00:00,ppc_ru_LED_sr_dsa_a-all_exp-diff-login,LED,ON,1
2026-09-07,2026-09-07 20:00,2026-09-08 00:00,ppc_ru_LED_sr_gen_a-all_exp-diff-login,LED,ON,1
2026-09-07,2026-09-07 20:00,2026-09-08 00:00,ppc_ru_LED_sr_s-auto_a-all_exp-diff-login,LED,ON,1
2026-09-07,2026-09-07 20:00,2026-09-08 00:00,ppc_ru_MOW_sr_dsa_a-all_exp-diff-login,MOW,OFF,0
2026-09-07,2026-09-07 20:00,2026-09-08 00:00,ppc_ru_MOW_sr_gen_a-all_exp-diff-login,MOW,OFF,0
2026-09-07,2026-09-07 20:00,2026-09-08 00:00,ppc_ru_MOW_sr_s-auto_a-all_exp-diff-login,MOW,OFF,0
2026-09-07,2026-09-07 20:00,2026-09-08 00:00,ppc_ru_MOW_sr_s-auto_a-all_exp-diff-login_exp_travel-aud,MOW,OFF,0
2026-09-07,2026-09-07 20:00,2026-09-08 00:00,ppc_ru_OVB_sr_dsa_a-all_exp-diff-login,OVB,OFF,0
2026-09-07,2026-09-07 20:00,2026-09-08 00:00,ppc_ru_OVB_sr_gen_a-all_exp-diff-login,OVB,OFF,0
2026-09-07,2026-09-07 20:00,2026-09-08 00:00,ppc_ru_SVX_sr_dsa_a-all_exp-diff-login,ural,OFF,0
2026-09-07,2026-09-07 20:00,2026-09-08 00:00,ppc_ru_SVX_sr_gen_a-all_exp-diff-login,ural,OFF,0
2026-09-07,2026-09-07 20:00,2026-09-08 00:00,ppc_ru_TJM_sr_dsa_a-all_exp-diff-login,ural,OFF,0
2026-09-07,2026-09-07 20:00,2026-09-08 00:00,ppc_ru_TJM_sr_gen_a-all_exp-diff-login,ural,OFF,0
2026-09-07,2026-09-07 20:00,2026-09-08 00:00,ppc_ru_UFA_sr_dsa_a-all_exp-diff-login,UFA,ON,1
2026-09-07,2026-09-07 20:00,2026-09-08 00:00,ppc_ru_UFA_sr_gen_a-all_exp-diff-login,UFA,ON,1
2026-09-07,2026-09-07 20:00,2026-09-08 00:00,ppc_ru_centr_sr_dsa_a-all_exp-diff-login,centr,ON,1
2026-09-07,2026-09-07 20:00,2026-09-08 00:00,ppc_ru_centr_sr_gen_a-all_exp-diff-login,centr,ON,1
2026-09-07,2026-09-07 20:00,2026-09-08 00:00,ppc_ru_sibir_sr_dsa_a-all_exp-diff-login,sibir,OFF,0
2026-09-07,2026-09-07 20:00,2026-09-08 00:00,ppc_ru_sibir_sr_gen_a-all_exp-diff-login,sibir,OFF,0
2026-09-07,2026-09-07 20:00,2026-09-08 00:00,ppc_ru_ural_sr_dsa_a-all_exp-diff-login,ural,OFF,0
2026-09-07,2026-09-07 20:00,2026-09-08 00:00,ppc_ru_ural_sr_gen_a-all_exp-diff-login,ural,OFF,0
2026-09-07,2026-09-07 20:00,2026-09-08 00:00,ppc_ru_ural_sr_s-auto_a-all_exp-diff-login,ural,OFF,0
2026-09-08,2026-09-08 00:00,2026-09-08 04:00,ppc_ru_IKT_sr_gen_a-all_exp-diff-login,sibir,OFF,0
2026-09-08,2026-09-08 00:00,2026-09-08 04:00,ppc_ru_KJA_sr_dsa_a-all_exp-diff-login,KJA,ON,1
2026-09-08,2026-09-08 00:00,2026-09-08 04:00,ppc_ru_KJA_sr_gen_a-all_exp-diff-login,KJA,ON,1
2026-09-08,2026-09-08 00:00,2026-09-08 04:00,ppc_ru_KRR_sr_dsa_a-all_exp-diff-login,KRR,OFF,0
2026-09-08,2026-09-08 00:00,2026-09-08 04:00,ppc_ru_KRR_sr_gen_a-all_exp-diff-login,KRR,OFF,0
2026-09-08,2026-09-08 00:00,2026-09-08 04:00,ppc_ru_KRR_sr_s-auto_a-all_exp-diff-login,KRR,OFF,0
2026-09-08,2026-09-08 00:00,2026-09-08 04:00,ppc_ru_KVKZ_sr_gen_a-all_exp-diff-login,KVKZ,OFF,0
2026-09-08,2026-09-08 00:00,2026-09-08 04:00,ppc_ru_KVKZ_sr_s-auto_a-all_exp-diff-login,KVKZ,OFF,0
2026-09-08,2026-09-08 00:00,2026-09-08 04:00,ppc_ru_KZN_sr_gen_a-all_exp-diff-login,KZN,ON,1
2026-09-08,2026-09-08 00:00,2026-09-08 04:00,ppc_ru_KZN_sr_s-auto_a-all_exp-diff-login,KZN,ON,1
2026-09-08,2026-09-08 00:00,2026-09-08 04:00,ppc_ru_LED_sr_dsa_a-all_exp-diff-login,LED,OFF,0
2026-09-08,2026-09-08 00:00,2026-09-08 04:00,ppc_ru_LED_sr_gen_a-all_exp-diff-login,LED,OFF,0
2026-09-08,2026-09-08 00:00,2026-09-08 04:00,ppc_ru_LED_sr_s-auto_a-all_exp-diff-login,LED,OFF,0
2026-09-08,2026-09-08 00:00,2026-09-08 04:00,ppc_ru_MOW_sr_dsa_a-all_exp-diff-login,MOW,OFF,0
2026-09-08,2026-09-08 00:00,2026-09-08 04:00,ppc_ru_MOW_sr_gen_a-all_exp-diff-login,MOW,OFF,0
2026-09-08,2026-09-08 00:00,2026-09-08 04:00,ppc_ru_MOW_sr_s-auto_a-all_exp-diff-login,MOW,OFF,0
2026-09-08,2026-09-08 00:00,2026-09-08 04:00,ppc_ru_MOW_sr_s-auto_a-all_exp-diff-login_exp_travel-aud,MOW,OFF,0
2026-09-08,2026-09-08 00:00,2026-09-08 04:00,ppc_ru_OVB_sr_dsa_a-all_exp-diff-login,OVB,OFF,0
2026-09-08,2026-09-08 00:00,2026-09-08 04:00,ppc_ru_OVB_sr_gen_a-all_exp-diff-login,OVB,OFF,0
2026-09-08,2026-09-08 00:00,2026-09-08 04:00,ppc_ru_SVX_sr_dsa_a-all_exp-diff-login,ural,ON,1
2026-09-08,2026-09-08 00:00,2026-09-08 04:00,ppc_ru_SVX_sr_gen_a-all_exp-diff-login,ural,ON,1
2026-09-08,2026-09-08 00:00,2026-09-08 04:00,ppc_ru_TJM_sr_dsa_a-all_exp-diff-login,ural,ON,1
2026-09-08,2026-09-08 00:00,2026-09-08 04:00,ppc_ru_TJM_sr_gen_a-all_exp-diff-login,ural,ON,1
2026-09-08,2026-09-08 00:00,2026-09-08 04:00,ppc_ru_UFA_sr_dsa_a-all_exp-diff-login,UFA,OFF,0
2026-09-08,2026-09-08 00:00,2026-09-08 04:00,ppc_ru_UFA_sr_gen_a-all_exp-diff-login,UFA,OFF,0
2026-09-08,2026-09-08 00:00,2026-09-08 04:00,ppc_ru_centr_sr_dsa_a-all_exp-diff-login,centr,ON,1
2026-09-08,2026-09-08 00:00,2026-09-08 04:00,ppc_ru_centr_sr_gen_a-all_exp-diff-login,centr,ON,1
2026-09-08,2026-09-08 00:00,2026-09-08 04:00,ppc_ru_sibir_sr_dsa_a-all_exp-diff-login,sibir,OFF,0
2026-09-08,2026-09-08 00:00,2026-09-08 04:00,ppc_ru_sibir_sr_gen_a-all_exp-diff-login,sibir,OFF,0
2026-09-08,2026-09-08 00:00,2026-09-08 04:00,ppc_ru_ural_sr_dsa_a-all_exp-diff-login,ural,ON,1
2026-09-08,2026-09-08 00:00,2026-09-08 04:00,ppc_ru_ural_sr_gen_a-all_exp-diff-login,ural,ON,1
2026-09-08,2026-09-08 00:00,2026-09-08 04:00,ppc_ru_ural_sr_s-auto_a-all_exp-diff-login,ural,ON,1
2026-09-08,2026-09-08 04:00,2026-09-08 08:00,ppc_ru_IKT_sr_gen_a-all_exp-diff-login,sibir,OFF,0
2026-09-08,2026-09-08 04:00,2026-09-08 08:00,ppc_ru_KJA_sr_dsa_a-all_exp-diff-login,KJA,ON,1
2026-09-08,2026-09-08 04:00,2026-09-08 08:00,ppc_ru_KJA_sr_gen_a-all_exp-diff-login,KJA,ON,1
2026-09-08,2026-09-08 04:00,2026-09-08 08:00,ppc_ru_KRR_sr_dsa_a-all_exp-diff-login,KRR,ON,1
2026-09-08,2026-09-08 04:00,2026-09-08 08:00,ppc_ru_KRR_sr_gen_a-all_exp-diff-login,KRR,ON,1
2026-09-08,2026-09-08 04:00,2026-09-08 08:00,ppc_ru_KRR_sr_s-auto_a-all_exp-diff-login,KRR,ON,1
2026-09-08,2026-09-08 04:00,2026-09-08 08:00,ppc_ru_KVKZ_sr_gen_a-all_exp-diff-login,KVKZ,OFF,0
2026-09-08,2026-09-08 04:00,2026-09-08 08:00,ppc_ru_KVKZ_sr_s-auto_a-all_exp-diff-login,KVKZ,OFF,0
2026-09-08,2026-09-08 04:00,2026-09-08 08:00,ppc_ru_KZN_sr_gen_a-all_exp-diff-login,KZN,OFF,0
2026-09-08,2026-09-08 04:00,2026-09-08 08:00,ppc_ru_KZN_sr_s-auto_a-all_exp-diff-login,KZN,OFF,0
2026-09-08,2026-09-08 04:00,2026-09-08 08:00,ppc_ru_LED_sr_dsa_a-all_exp-diff-login,LED,ON,1
2026-09-08,2026-09-08 04:00,2026-09-08 08:00,ppc_ru_LED_sr_gen_a-all_exp-diff-login,LED,ON,1
2026-09-08,2026-09-08 04:00,2026-09-08 08:00,ppc_ru_LED_sr_s-auto_a-all_exp-diff-login,LED,ON,1
2026-09-08,2026-09-08 04:00,2026-09-08 08:00,ppc_ru_MOW_sr_dsa_a-all_exp-diff-login,MOW,OFF,0
2026-09-08,2026-09-08 04:00,2026-09-08 08:00,ppc_ru_MOW_sr_gen_a-all_exp-diff-login,MOW,OFF,0
2026-09-08,2026-09-08 04:00,2026-09-08 08:00,ppc_ru_MOW_sr_s-auto_a-all_exp-diff-login,MOW,OFF,0
2026-09-08,2026-09-08 04:00,2026-09-08 08:00,ppc_ru_MOW_sr_s-auto_a-all_exp-diff-login_exp_travel-aud,MOW,OFF,0
2026-09-08,2026-09-08 04:00,2026-09-08 08:00,ppc_ru_OVB_sr_dsa_a-all_exp-diff-login,OVB,ON,1
2026-09-08,2026-09-08 04:00,2026-09-08 08:00,ppc_ru_OVB_sr_gen_a-all_exp-diff-login,OVB,ON,1
2026-09-08,2026-09-08 04:00,2026-09-08 08:00,ppc_ru_SVX_sr_dsa_a-all_exp-diff-login,ural,OFF,0
2026-09-08,2026-09-08 04:00,2026-09-08 08:00,ppc_ru_SVX_sr_gen_a-all_exp-diff-login,ural,OFF,0
2026-09-08,2026-09-08 04:00,2026-09-08 08:00,ppc_ru_TJM_sr_dsa_a-all_exp-diff-login,ural,OFF,0
2026-09-08,2026-09-08 04:00,2026-09-08 08:00,ppc_ru_TJM_sr_gen_a-all_exp-diff-login,ural,OFF,0
2026-09-08,2026-09-08 04:00,2026-09-08 08:00,ppc_ru_UFA_sr_dsa_a-all_exp-diff-login,UFA,ON,1
2026-09-08,2026-09-08 04:00,2026-09-08 08:00,ppc_ru_UFA_sr_gen_a-all_exp-diff-login,UFA,ON,1
2026-09-08,2026-09-08 04:00,2026-09-08 08:00,ppc_ru_centr_sr_dsa_a-all_exp-diff-login,centr,OFF,0
2026-09-08,2026-09-08 04:00,2026-09-08 08:00,ppc_ru_centr_sr_gen_a-all_exp-diff-login,centr,OFF,0
2026-09-08,2026-09-08 04:00,2026-09-08 08:00,ppc_ru_sibir_sr_dsa_a-all_exp-diff-login,sibir,OFF,0
2026-09-08,2026-09-08 04:00,2026-09-08 08:00,ppc_ru_sibir_sr_gen_a-all_exp-diff-login,sibir,OFF,0
2026-09-08,2026-09-08 04:00,2026-09-08 08:00,ppc_ru_ural_sr_dsa_a-all_exp-diff-login,ural,OFF,0
2026-09-08,2026-09-08 04:00,2026-09-08 08:00,ppc_ru_ural_sr_gen_a-all_exp-diff-login,ural,OFF,0
2026-09-08,2026-09-08 04:00,2026-09-08 08:00,ppc_ru_ural_sr_s-auto_a-all_exp-diff-login,ural,OFF,0
2026-09-08,2026-09-08 08:00,2026-09-08 12:00,ppc_ru_IKT_sr_gen_a-all_exp-diff-login,sibir,OFF,0
2026-09-08,2026-09-08 08:00,2026-09-08 12:00,ppc_ru_KJA_sr_dsa_a-all_exp-diff-login,KJA,OFF,0
2026-09-08,2026-09-08 08:00,2026-09-08 12:00,ppc_ru_KJA_sr_gen_a-all_exp-diff-login,KJA,OFF,0
2026-09-08,2026-09-08 08:00,2026-09-08 12:00,ppc_ru_KRR_sr_dsa_a-all_exp-diff-login,KRR,ON,1
2026-09-08,2026-09-08 08:00,2026-09-08 12:00,ppc_ru_KRR_sr_gen_a-all_exp-diff-login,KRR,ON,1
2026-09-08,2026-09-08 08:00,2026-09-08 12:00,ppc_ru_KRR_sr_s-auto_a-all_exp-diff-login,KRR,ON,1
2026-09-08,2026-09-08 08:00,2026-09-08 12:00,ppc_ru_KVKZ_sr_gen_a-all_exp-diff-login,KVKZ,ON,1
2026-09-08,2026-09-08 08:00,2026-09-08 12:00,ppc_ru_KVKZ_sr_s-auto_a-all_exp-diff-login,KVKZ,ON,1
2026-09-08,2026-09-08 08:00,2026-09-08 12:00,ppc_ru_KZN_sr_gen_a-all_exp-diff-login,KZN,OFF,0
2026-09-08,2026-09-08 08:00,2026-09-08 12:00,ppc_ru_KZN_sr_s-auto_a-all_exp-diff-login,KZN,OFF,0
2026-09-08,2026-09-08 08:00,2026-09-08 12:00,ppc_ru_LED_sr_dsa_a-all_exp-diff-login,LED,OFF,0
2026-09-08,2026-09-08 08:00,2026-09-08 12:00,ppc_ru_LED_sr_gen_a-all_exp-diff-login,LED,OFF,0
2026-09-08,2026-09-08 08:00,2026-09-08 12:00,ppc_ru_LED_sr_s-auto_a-all_exp-diff-login,LED,OFF,0
2026-09-08,2026-09-08 08:00,2026-09-08 12:00,ppc_ru_MOW_sr_dsa_a-all_exp-diff-login,MOW,ON,1
2026-09-08,2026-09-08 08:00,2026-09-08 12:00,ppc_ru_MOW_sr_gen_a-all_exp-diff-login,MOW,ON,1
2026-09-08,2026-09-08 08:00,2026-09-08 12:00,ppc_ru_MOW_sr_s-auto_a-all_exp-diff-login,MOW,ON,1
2026-09-08,2026-09-08 08:00,2026-09-08 12:00,ppc_ru_MOW_sr_s-auto_a-all_exp-diff-login_exp_travel-aud,MOW,ON,1
2026-09-08,2026-09-08 08:00,2026-09-08 12:00,ppc_ru_OVB_sr_dsa_a-all_exp-diff-login,OVB,ON,1
2026-09-08,2026-09-08 08:00,2026-09-08 12:00,ppc_ru_OVB_sr_gen_a-all_exp-diff-login,OVB,ON,1
2026-09-08,2026-09-08 08:00,2026-09-08 12:00,ppc_ru_SVX_sr_dsa_a-all_exp-diff-login,ural,ON,1
2026-09-08,2026-09-08 08:00,2026-09-08 12:00,ppc_ru_SVX_sr_gen_a-all_exp-diff-login,ural,ON,1
2026-09-08,2026-09-08 08:00,2026-09-08 12:00,ppc_ru_TJM_sr_dsa_a-all_exp-diff-login,ural,ON,1
2026-09-08,2026-09-08 08:00,2026-09-08 12:00,ppc_ru_TJM_sr_gen_a-all_exp-diff-login,ural,ON,1
2026-09-08,2026-09-08 08:00,2026-09-08 12:00,ppc_ru_UFA_sr_dsa_a-all_exp-diff-login,UFA,ON,1
2026-09-08,2026-09-08 08:00,2026-09-08 12:00,ppc_ru_UFA_sr_gen_a-all_exp-diff-login,UFA,ON,1
2026-09-08,2026-09-08 08:00,2026-09-08 12:00,ppc_ru_centr_sr_dsa_a-all_exp-diff-login,centr,OFF,0
2026-09-08,2026-09-08 08:00,2026-09-08 12:00,ppc_ru_centr_sr_gen_a-all_exp-diff-login,centr,OFF,0
2026-09-08,2026-09-08 08:00,2026-09-08 12:00,ppc_ru_sibir_sr_dsa_a-all_exp-diff-login,sibir,OFF,0
2026-09-08,2026-09-08 08:00,2026-09-08 12:00,ppc_ru_sibir_sr_gen_a-all_exp-diff-login,sibir,OFF,0
2026-09-08,2026-09-08 08:00,2026-09-08 12:00,ppc_ru_ural_sr_dsa_a-all_exp-diff-login,ural,ON,1
2026-09-08,2026-09-08 08:00,2026-09-08 12:00,ppc_ru_ural_sr_gen_a-all_exp-diff-login,ural,ON,1
2026-09-08,2026-09-08 08:00,2026-09-08 12:00,ppc_ru_ural_sr_s-auto_a-all_exp-diff-login,ural,ON,1
2026-09-08,2026-09-08 12:00,2026-09-08 16:00,ppc_ru_IKT_sr_gen_a-all_exp-diff-login,sibir,ON,1
2026-09-08,2026-09-08 12:00,2026-09-08 16:00,ppc_ru_KJA_sr_dsa_a-all_exp-diff-login,KJA,ON,1
2026-09-08,2026-09-08 12:00,2026-09-08 16:00,ppc_ru_KJA_sr_gen_a-all_exp-diff-login,KJA,ON,1
2026-09-08,2026-09-08 12:00,2026-09-08 16:00,ppc_ru_KRR_sr_dsa_a-all_exp-diff-login,KRR,OFF,0
2026-09-08,2026-09-08 12:00,2026-09-08 16:00,ppc_ru_KRR_sr_gen_a-all_exp-diff-login,KRR,OFF,0
2026-09-08,2026-09-08 12:00,2026-09-08 16:00,ppc_ru_KRR_sr_s-auto_a-all_exp-diff-login,KRR,OFF,0
2026-09-08,2026-09-08 12:00,2026-09-08 16:00,ppc_ru_KVKZ_sr_gen_a-all_exp-diff-login,KVKZ,OFF,0
2026-09-08,2026-09-08 12:00,2026-09-08 16:00,ppc_ru_KVKZ_sr_s-auto_a-all_exp-diff-login,KVKZ,OFF,0
2026-09-08,2026-09-08 12:00,2026-09-08 16:00,ppc_ru_KZN_sr_gen_a-all_exp-diff-login,KZN,OFF,0
2026-09-08,2026-09-08 12:00,2026-09-08 16:00,ppc_ru_KZN_sr_s-auto_a-all_exp-diff-login,KZN,OFF,0
2026-09-08,2026-09-08 12:00,2026-09-08 16:00,ppc_ru_LED_sr_dsa_a-all_exp-diff-login,LED,ON,1
2026-09-08,2026-09-08 12:00,2026-09-08 16:00,ppc_ru_LED_sr_gen_a-all_exp-diff-login,LED,ON,1
2026-09-08,2026-09-08 12:00,2026-09-08 16:00,ppc_ru_LED_sr_s-auto_a-all_exp-diff-login,LED,ON,1
2026-09-08,2026-09-08 12:00,2026-09-08 16:00,ppc_ru_MOW_sr_dsa_a-all_exp-diff-login,MOW,OFF,0
2026-09-08,2026-09-08 12:00,2026-09-08 16:00,ppc_ru_MOW_sr_gen_a-all_exp-diff-login,MOW,OFF,0
2026-09-08,2026-09-08 12:00,2026-09-08 16:00,ppc_ru_MOW_sr_s-auto_a-all_exp-diff-login,MOW,OFF,0
2026-09-08,2026-09-08 12:00,2026-09-08 16:00,ppc_ru_MOW_sr_s-auto_a-all_exp-diff-login_exp_travel-aud,MOW,OFF,0
2026-09-08,2026-09-08 12:00,2026-09-08 16:00,ppc_ru_OVB_sr_dsa_a-all_exp-diff-login,OVB,ON,1
2026-09-08,2026-09-08 12:00,2026-09-08 16:00,ppc_ru_OVB_sr_gen_a-all_exp-diff-login,OVB,ON,1
2026-09-08,2026-09-08 12:00,2026-09-08 16:00,ppc_ru_SVX_sr_dsa_a-all_exp-diff-login,ural,OFF,0
2026-09-08,2026-09-08 12:00,2026-09-08 16:00,ppc_ru_SVX_sr_gen_a-all_exp-diff-login,ural,OFF,0
2026-09-08,2026-09-08 12:00,2026-09-08 16:00,ppc_ru_TJM_sr_dsa_a-all_exp-diff-login,ural,OFF,0
2026-09-08,2026-09-08 12:00,2026-09-08 16:00,ppc_ru_TJM_sr_gen_a-all_exp-diff-login,ural,OFF,0
2026-09-08,2026-09-08 12:00,2026-09-08 16:00,ppc_ru_UFA_sr_dsa_a-all_exp-diff-login,UFA,OFF,0
2026-09-08,2026-09-08 12:00,2026-09-08 16:00,ppc_ru_UFA_sr_gen_a-all_exp-diff-login,UFA,OFF,0
2026-09-08,2026-09-08 12:00,2026-09-08 16:00,ppc_ru_centr_sr_dsa_a-all_exp-diff-login,centr,ON,1
2026-09-08,2026-09-08 12:00,2026-09-08 16:00,ppc_ru_centr_sr_gen_a-all_exp-diff-login,centr,ON,1
2026-09-08,2026-09-08 12:00,2026-09-08 16:00,ppc_ru_sibir_sr_dsa_a-all_exp-diff-login,sibir,ON,1
2026-09-08,2026-09-08 12:00,2026-09-08 16:00,ppc_ru_sibir_sr_gen_a-all_exp-diff-login,sibir,ON,1
2026-09-08,2026-09-08 12:00,2026-09-08 16:00,ppc_ru_ural_sr_dsa_a-all_exp-diff-login,ural,OFF,0
2026-09-08,2026-09-08 12:00,2026-09-08 16:00,ppc_ru_ural_sr_gen_a-all_exp-diff-login,ural,OFF,0
2026-09-08,2026-09-08 12:00,2026-09-08 16:00,ppc_ru_ural_sr_s-auto_a-all_exp-diff-login,ural,OFF,0
2026-09-08,2026-09-08 16:00,2026-09-08 20:00,ppc_ru_IKT_sr_gen_a-all_exp-diff-login,sibir,ON,1
2026-09-08,2026-09-08 16:00,2026-09-08 20:00,ppc_ru_KJA_sr_dsa_a-all_exp-diff-login,KJA,OFF,0
2026-09-08,2026-09-08 16:00,2026-09-08 20:00,ppc_ru_KJA_sr_gen_a-all_exp-diff-login,KJA,OFF,0
2026-09-08,2026-09-08 16:00,2026-09-08 20:00,ppc_ru_KRR_sr_dsa_a-all_exp-diff-login,KRR,OFF,0
2026-09-08,2026-09-08 16:00,2026-09-08 20:00,ppc_ru_KRR_sr_gen_a-all_exp-diff-login,KRR,OFF,0
2026-09-08,2026-09-08 16:00,2026-09-08 20:00,ppc_ru_KRR_sr_s-auto_a-all_exp-diff-login,KRR,OFF,0
2026-09-08,2026-09-08 16:00,2026-09-08 20:00,ppc_ru_KVKZ_sr_gen_a-all_exp-diff-login,KVKZ,ON,1
2026-09-08,2026-09-08 16:00,2026-09-08 20:00,ppc_ru_KVKZ_sr_s-auto_a-all_exp-diff-login,KVKZ,ON,1
2026-09-08,2026-09-08 16:00,2026-09-08 20:00,ppc_ru_KZN_sr_gen_a-all_exp-diff-login,KZN,ON,1
2026-09-08,2026-09-08 16:00,2026-09-08 20:00,ppc_ru_KZN_sr_s-auto_a-all_exp-diff-login,KZN,ON,1
2026-09-08,2026-09-08 16:00,2026-09-08 20:00,ppc_ru_LED_sr_dsa_a-all_exp-diff-login,LED,ON,1
2026-09-08,2026-09-08 16:00,2026-09-08 20:00,ppc_ru_LED_sr_gen_a-all_exp-diff-login,LED,ON,1
2026-09-08,2026-09-08 16:00,2026-09-08 20:00,ppc_ru_LED_sr_s-auto_a-all_exp-diff-login,LED,ON,1
2026-09-08,2026-09-08 16:00,2026-09-08 20:00,ppc_ru_MOW_sr_dsa_a-all_exp-diff-login,MOW,ON,1
2026-09-08,2026-09-08 16:00,2026-09-08 20:00,ppc_ru_MOW_sr_gen_a-all_exp-diff-login,MOW,ON,1
2026-09-08,2026-09-08 16:00,2026-09-08 20:00,ppc_ru_MOW_sr_s-auto_a-all_exp-diff-login,MOW,ON,1
2026-09-08,2026-09-08 16:00,2026-09-08 20:00,ppc_ru_MOW_sr_s-auto_a-all_exp-diff-login_exp_travel-aud,MOW,ON,1
2026-09-08,2026-09-08 16:00,2026-09-08 20:00,ppc_ru_OVB_sr_dsa_a-all_exp-diff-login,OVB,OFF,0
2026-09-08,2026-09-08 16:00,2026-09-08 20:00,ppc_ru_OVB_sr_gen_a-all_exp-diff-login,OVB,OFF,0
2026-09-08,2026-09-08 16:00,2026-09-08 20:00,ppc_ru_SVX_sr_dsa_a-all_exp-diff-login,ural,ON,1
2026-09-08,2026-09-08 16:00,2026-09-08 20:00,ppc_ru_SVX_sr_gen_a-all_exp-diff-login,ural,ON,1
2026-09-08,2026-09-08 16:00,2026-09-08 20:00,ppc_ru_TJM_sr_dsa_a-all_exp-diff-login,ural,ON,1
2026-09-08,2026-09-08 16:00,2026-09-08 20:00,ppc_ru_TJM_sr_gen_a-all_exp-diff-login,ural,ON,1
2026-09-08,2026-09-08 16:00,2026-09-08 20:00,ppc_ru_UFA_sr_dsa_a-all_exp-diff-login,UFA,ON,1
2026-09-08,2026-09-08 16:00,2026-09-08 20:00,ppc_ru_UFA_sr_gen_a-all_exp-diff-login,UFA,ON,1
2026-09-08,2026-09-08 16:00,2026-09-08 20:00,ppc_ru_centr_sr_dsa_a-all_exp-diff-login,centr,ON,1
2026-09-08,2026-09-08 16:00,2026-09-08 20:00,ppc_ru_centr_sr_gen_a-all_exp-diff-login,centr,ON,1
2026-09-08,2026-09-08 16:00,2026-09-08 20:00,ppc_ru_sibir_sr_dsa_a-all_exp-diff-login,sibir,ON,1
2026-09-08,2026-09-08 16:00,2026-09-08 20:00,ppc_ru_sibir_sr_gen_a-all_exp-diff-login,sibir,ON,1
2026-09-08,2026-09-08 16:00,2026-09-08 20:00,ppc_ru_ural_sr_dsa_a-all_exp-diff-login,ural,ON,1
2026-09-08,2026-09-08 16:00,2026-09-08 20:00,ppc_ru_ural_sr_gen_a-all_exp-diff-login,ural,ON,1
2026-09-08,2026-09-08 16:00,2026-09-08 20:00,ppc_ru_ural_sr_s-auto_a-all_exp-diff-login,ural,ON,1
2026-09-08,2026-09-08 20:00,2026-09-09 00:00,ppc_ru_IKT_sr_gen_a-all_exp-diff-login,sibir,ON,1
2026-09-08,2026-09-08 20:00,2026-09-09 00:00,ppc_ru_KJA_sr_dsa_a-all_exp-diff-login,KJA,OFF,0
2026-09-08,2026-09-08 20:00,2026-09-09 00:00,ppc_ru_KJA_sr_gen_a-all_exp-diff-login,KJA,OFF,0
2026-09-08,2026-09-08 20:00,2026-09-09 00:00,ppc_ru_KRR_sr_dsa_a-all_exp-diff-login,KRR,ON,1
2026-09-08,2026-09-08 20:00,2026-09-09 00:00,ppc_ru_KRR_sr_gen_a-all_exp-diff-login,KRR,ON,1
2026-09-08,2026-09-08 20:00,2026-09-09 00:00,ppc_ru_KRR_sr_s-auto_a-all_exp-diff-login,KRR,ON,1
2026-09-08,2026-09-08 20:00,2026-09-09 00:00,ppc_ru_KVKZ_sr_gen_a-all_exp-diff-login,KVKZ,ON,1
2026-09-08,2026-09-08 20:00,2026-09-09 00:00,ppc_ru_KVKZ_sr_s-auto_a-all_exp-diff-login,KVKZ,ON,1
2026-09-08,2026-09-08 20:00,2026-09-09 00:00,ppc_ru_KZN_sr_gen_a-all_exp-diff-login,KZN,ON,1
2026-09-08,2026-09-08 20:00,2026-09-09 00:00,ppc_ru_KZN_sr_s-auto_a-all_exp-diff-login,KZN,ON,1
2026-09-08,2026-09-08 20:00,2026-09-09 00:00,ppc_ru_LED_sr_dsa_a-all_exp-diff-login,LED,OFF,0
2026-09-08,2026-09-08 20:00,2026-09-09 00:00,ppc_ru_LED_sr_gen_a-all_exp-diff-login,LED,OFF,0
2026-09-08,2026-09-08 20:00,2026-09-09 00:00,ppc_ru_LED_sr_s-auto_a-all_exp-diff-login,LED,OFF,0
2026-09-08,2026-09-08 20:00,2026-09-09 00:00,ppc_ru_MOW_sr_dsa_a-all_exp-diff-login,MOW,ON,1
2026-09-08,2026-09-08 20:00,2026-09-09 00:00,ppc_ru_MOW_sr_gen_a-all_exp-diff-login,MOW,ON,1
2026-09-08,2026-09-08 20:00,2026-09-09 00:00,ppc_ru_MOW_sr_s-auto_a-all_exp-diff-login,MOW,ON,1
2026-09-08,2026-09-08 20:00,2026-09-09 00:00,ppc_ru_MOW_sr_s-auto_a-all_exp-diff-login_exp_travel-aud,MOW,ON,1
2026-09-08,2026-09-08 20:00,2026-09-09 00:00,ppc_ru_OVB_sr_dsa_a-all_exp-diff-login,OVB,OFF,0
2026-09-08,2026-09-08 20:00,2026-09-09 00:00,ppc_ru_OVB_sr_gen_a-all_exp-diff-login,OVB,OFF,0
2026-09-08,2026-09-08 20:00,2026-09-09 00:00,ppc_ru_SVX_sr_dsa_a-all_exp-diff-login,ural,OFF,0
2026-09-08,2026-09-08 20:00,2026-09-09 00:00,ppc_ru_SVX_sr_gen_a-all_exp-diff-login,ural,OFF,0
2026-09-08,2026-09-08 20:00,2026-09-09 00:00,ppc_ru_TJM_sr_dsa_a-all_exp-diff-login,ural,OFF,0
2026-09-08,2026-09-08 20:00,2026-09-09 00:00,ppc_ru_TJM_sr_gen_a-all_exp-diff-login,ural,OFF,0
2026-09-08,2026-09-08 20:00,2026-09-09 00:00,ppc_ru_UFA_sr_dsa_a-all_exp-diff-login,UFA,OFF,0
2026-09-08,2026-09-08 20:00,2026-09-09 00:00,ppc_ru_UFA_sr_gen_a-all_exp-diff-login,UFA,OFF,0
2026-09-08,2026-09-08 20:00,2026-09-09 00:00,ppc_ru_centr_sr_dsa_a-all_exp-diff-login,centr,OFF,0
2026-09-08,2026-09-08 20:00,2026-09-09 00:00,ppc_ru_centr_sr_gen_a-all_exp-diff-login,centr,OFF,0
2026-09-08,2026-09-08 20:00,2026-09-09 00:00,ppc_ru_sibir_sr_dsa_a-all_exp-diff-login,sibir,ON,1
2026-09-08,2026-09-08 20:00,2026-09-09 00:00,ppc_ru_sibir_sr_gen_a-all_exp-diff-login,sibir,ON,1
2026-09-08,2026-09-08 20:00,2026-09-09 00:00,ppc_ru_ural_sr_dsa_a-all_exp-diff-login,ural,OFF,0
2026-09-08,2026-09-08 20:00,2026-09-09 00:00,ppc_ru_ural_sr_gen_a-all_exp-diff-login,ural,OFF,0
2026-09-08,2026-09-08 20:00,2026-09-09 00:00,ppc_ru_ural_sr_s-auto_a-all_exp-diff-login,ural,OFF,0
2026-09-09,2026-09-09 00:00,2026-09-09 04:00,ppc_ru_IKT_sr_gen_a-all_exp-diff-login,sibir,OFF,0
2026-09-09,2026-09-09 00:00,2026-09-09 04:00,ppc_ru_KJA_sr_dsa_a-all_exp-diff-login,KJA,OFF,0
2026-09-09,2026-09-09 00:00,2026-09-09 04:00,ppc_ru_KJA_sr_gen_a-all_exp-diff-login,KJA,OFF,0
2026-09-09,2026-09-09 00:00,2026-09-09 04:00,ppc_ru_KRR_sr_dsa_a-all_exp-diff-login,KRR,ON,1
2026-09-09,2026-09-09 00:00,2026-09-09 04:00,ppc_ru_KRR_sr_gen_a-all_exp-diff-login,KRR,ON,1
2026-09-09,2026-09-09 00:00,2026-09-09 04:00,ppc_ru_KRR_sr_s-auto_a-all_exp-diff-login,KRR,ON,1
2026-09-09,2026-09-09 00:00,2026-09-09 04:00,ppc_ru_KVKZ_sr_gen_a-all_exp-diff-login,KVKZ,ON,1
2026-09-09,2026-09-09 00:00,2026-09-09 04:00,ppc_ru_KVKZ_sr_s-auto_a-all_exp-diff-login,KVKZ,ON,1
2026-09-09,2026-09-09 00:00,2026-09-09 04:00,ppc_ru_KZN_sr_gen_a-all_exp-diff-login,KZN,ON,1
2026-09-09,2026-09-09 00:00,2026-09-09 04:00,ppc_ru_KZN_sr_s-auto_a-all_exp-diff-login,KZN,ON,1
2026-09-09,2026-09-09 00:00,2026-09-09 04:00,ppc_ru_LED_sr_dsa_a-all_exp-diff-login,LED,ON,1
2026-09-09,2026-09-09 00:00,2026-09-09 04:00,ppc_ru_LED_sr_gen_a-all_exp-diff-login,LED,ON,1
2026-09-09,2026-09-09 00:00,2026-09-09 04:00,ppc_ru_LED_sr_s-auto_a-all_exp-diff-login,LED,ON,1
2026-09-09,2026-09-09 00:00,2026-09-09 04:00,ppc_ru_MOW_sr_dsa_a-all_exp-diff-login,MOW,OFF,0
2026-09-09,2026-09-09 00:00,2026-09-09 04:00,ppc_ru_MOW_sr_gen_a-all_exp-diff-login,MOW,OFF,0
2026-09-09,2026-09-09 00:00,2026-09-09 04:00,ppc_ru_MOW_sr_s-auto_a-all_exp-diff-login,MOW,OFF,0
2026-09-09,2026-09-09 00:00,2026-09-09 04:00,ppc_ru_MOW_sr_s-auto_a-all_exp-diff-login_exp_travel-aud,MOW,OFF,0
2026-09-09,2026-09-09 00:00,2026-09-09 04:00,ppc_ru_OVB_sr_dsa_a-all_exp-diff-login,OVB,OFF,0
2026-09-09,2026-09-09 00:00,2026-09-09 04:00,ppc_ru_OVB_sr_gen_a-all_exp-diff-login,OVB,OFF,0
2026-09-09,2026-09-09 00:00,2026-09-09 04:00,ppc_ru_SVX_sr_dsa_a-all_exp-diff-login,ural,ON,1
2026-09-09,2026-09-09 00:00,2026-09-09 04:00,ppc_ru_SVX_sr_gen_a-all_exp-diff-login,ural,ON,1
2026-09-09,2026-09-09 00:00,2026-09-09 04:00,ppc_ru_TJM_sr_dsa_a-all_exp-diff-login,ural,ON,1
2026-09-09,2026-09-09 00:00,2026-09-09 04:00,ppc_ru_TJM_sr_gen_a-all_exp-diff-login,ural,ON,1
2026-09-09,2026-09-09 00:00,2026-09-09 04:00,ppc_ru_UFA_sr_dsa_a-all_exp-diff-login,UFA,OFF,0
2026-09-09,2026-09-09 00:00,2026-09-09 04:00,ppc_ru_UFA_sr_gen_a-all_exp-diff-login,UFA,OFF,0
2026-09-09,2026-09-09 00:00,2026-09-09 04:00,ppc_ru_centr_sr_dsa_a-all_exp-diff-login,centr,ON,1
2026-09-09,2026-09-09 00:00,2026-09-09 04:00,ppc_ru_centr_sr_gen_a-all_exp-diff-login,centr,ON,1
2026-09-09,2026-09-09 00:00,2026-09-09 04:00,ppc_ru_sibir_sr_dsa_a-all_exp-diff-login,sibir,OFF,0
2026-09-09,2026-09-09 00:00,2026-09-09 04:00,ppc_ru_sibir_sr_gen_a-all_exp-diff-login,sibir,OFF,0
2026-09-09,2026-09-09 00:00,2026-09-09 04:00,ppc_ru_ural_sr_dsa_a-all_exp-diff-login,ural,ON,1
2026-09-09,2026-09-09 00:00,2026-09-09 04:00,ppc_ru_ural_sr_gen_a-all_exp-diff-login,ural,ON,1
2026-09-09,2026-09-09 00:00,2026-09-09 04:00,ppc_ru_ural_sr_s-auto_a-all_exp-diff-login,ural,ON,1
2026-09-09,2026-09-09 04:00,2026-09-09 08:00,ppc_ru_IKT_sr_gen_a-all_exp-diff-login,sibir,OFF,0
2026-09-09,2026-09-09 04:00,2026-09-09 08:00,ppc_ru_KJA_sr_dsa_a-all_exp-diff-login,KJA,OFF,0
2026-09-09,2026-09-09 04:00,2026-09-09 08:00,ppc_ru_KJA_sr_gen_a-all_exp-diff-login,KJA,OFF,0
2026-09-09,2026-09-09 04:00,2026-09-09 08:00,ppc_ru_KRR_sr_dsa_a-all_exp-diff-login,KRR,ON,1
2026-09-09,2026-09-09 04:00,2026-09-09 08:00,ppc_ru_KRR_sr_gen_a-all_exp-diff-login,KRR,ON,1
2026-09-09,2026-09-09 04:00,2026-09-09 08:00,ppc_ru_KRR_sr_s-auto_a-all_exp-diff-login,KRR,ON,1
2026-09-09,2026-09-09 04:00,2026-09-09 08:00,ppc_ru_KVKZ_sr_gen_a-all_exp-diff-login,KVKZ,ON,1
2026-09-09,2026-09-09 04:00,2026-09-09 08:00,ppc_ru_KVKZ_sr_s-auto_a-all_exp-diff-login,KVKZ,ON,1
2026-09-09,2026-09-09 04:00,2026-09-09 08:00,ppc_ru_KZN_sr_gen_a-all_exp-diff-login,KZN,ON,1
2026-09-09,2026-09-09 04:00,2026-09-09 08:00,ppc_ru_KZN_sr_s-auto_a-all_exp-diff-login,KZN,ON,1
2026-09-09,2026-09-09 04:00,2026-09-09 08:00,ppc_ru_LED_sr_dsa_a-all_exp-diff-login,LED,OFF,0
2026-09-09,2026-09-09 04:00,2026-09-09 08:00,ppc_ru_LED_sr_gen_a-all_exp-diff-login,LED,OFF,0
2026-09-09,2026-09-09 04:00,2026-09-09 08:00,ppc_ru_LED_sr_s-auto_a-all_exp-diff-login,LED,OFF,0
2026-09-09,2026-09-09 04:00,2026-09-09 08:00,ppc_ru_MOW_sr_dsa_a-all_exp-diff-login,MOW,ON,1
2026-09-09,2026-09-09 04:00,2026-09-09 08:00,ppc_ru_MOW_sr_gen_a-all_exp-diff-login,MOW,ON,1
2026-09-09,2026-09-09 04:00,2026-09-09 08:00,ppc_ru_MOW_sr_s-auto_a-all_exp-diff-login,MOW,ON,1
2026-09-09,2026-09-09 04:00,2026-09-09 08:00,ppc_ru_MOW_sr_s-auto_a-all_exp-diff-login_exp_travel-aud,MOW,ON,1
2026-09-09,2026-09-09 04:00,2026-09-09 08:00,ppc_ru_OVB_sr_dsa_a-all_exp-diff-login,OVB,OFF,0
2026-09-09,2026-09-09 04:00,2026-09-09 08:00,ppc_ru_OVB_sr_gen_a-all_exp-diff-login,OVB,OFF,0
2026-09-09,2026-09-09 04:00,2026-09-09 08:00,ppc_ru_SVX_sr_dsa_a-all_exp-diff-login,ural,ON,1
2026-09-09,2026-09-09 04:00,2026-09-09 08:00,ppc_ru_SVX_sr_gen_a-all_exp-diff-login,ural,ON,1
2026-09-09,2026-09-09 04:00,2026-09-09 08:00,ppc_ru_TJM_sr_dsa_a-all_exp-diff-login,ural,ON,1
2026-09-09,2026-09-09 04:00,2026-09-09 08:00,ppc_ru_TJM_sr_gen_a-all_exp-diff-login,ural,ON,1
2026-09-09,2026-09-09 04:00,2026-09-09 08:00,ppc_ru_UFA_sr_dsa_a-all_exp-diff-login,UFA,ON,1
2026-09-09,2026-09-09 04:00,2026-09-09 08:00,ppc_ru_UFA_sr_gen_a-all_exp-diff-login,UFA,ON,1
2026-09-09,2026-09-09 04:00,2026-09-09 08:00,ppc_ru_centr_sr_dsa_a-all_exp-diff-login,centr,OFF,0
2026-09-09,2026-09-09 04:00,2026-09-09 08:00,ppc_ru_centr_sr_gen_a-all_exp-diff-login,centr,OFF,0
2026-09-09,2026-09-09 04:00,2026-09-09 08:00,ppc_ru_sibir_sr_dsa_a-all_exp-diff-login,sibir,OFF,0
2026-09-09,2026-09-09 04:00,2026-09-09 08:00,ppc_ru_sibir_sr_gen_a-all_exp-diff-login,sibir,OFF,0
2026-09-09,2026-09-09 04:00,2026-09-09 08:00,ppc_ru_ural_sr_dsa_a-all_exp-diff-login,ural,ON,1
2026-09-09,2026-09-09 04:00,2026-09-09 08:00,ppc_ru_ural_sr_gen_a-all_exp-diff-login,ural,ON,1
2026-09-09,2026-09-09 04:00,2026-09-09 08:00,ppc_ru_ural_sr_s-auto_a-all_exp-diff-login,ural,ON,1
2026-09-09,2026-09-09 08:00,2026-09-09 12:00,ppc_ru_IKT_sr_gen_a-all_exp-diff-login,sibir,OFF,0
2026-09-09,2026-09-09 08:00,2026-09-09 12:00,ppc_ru_KJA_sr_dsa_a-all_exp-diff-login,KJA,OFF,0
2026-09-09,2026-09-09 08:00,2026-09-09 12:00,ppc_ru_KJA_sr_gen_a-all_exp-diff-login,KJA,OFF,0
2026-09-09,2026-09-09 08:00,2026-09-09 12:00,ppc_ru_KRR_sr_dsa_a-all_exp-diff-login,KRR,OFF,0
2026-09-09,2026-09-09 08:00,2026-09-09 12:00,ppc_ru_KRR_sr_gen_a-all_exp-diff-login,KRR,OFF,0
2026-09-09,2026-09-09 08:00,2026-09-09 12:00,ppc_ru_KRR_sr_s-auto_a-all_exp-diff-login,KRR,OFF,0
2026-09-09,2026-09-09 08:00,2026-09-09 12:00,ppc_ru_KVKZ_sr_gen_a-all_exp-diff-login,KVKZ,OFF,0
2026-09-09,2026-09-09 08:00,2026-09-09 12:00,ppc_ru_KVKZ_sr_s-auto_a-all_exp-diff-login,KVKZ,OFF,0
2026-09-09,2026-09-09 08:00,2026-09-09 12:00,ppc_ru_KZN_sr_gen_a-all_exp-diff-login,KZN,ON,1
2026-09-09,2026-09-09 08:00,2026-09-09 12:00,ppc_ru_KZN_sr_s-auto_a-all_exp-diff-login,KZN,ON,1
2026-09-09,2026-09-09 08:00,2026-09-09 12:00,ppc_ru_LED_sr_dsa_a-all_exp-diff-login,LED,ON,1
2026-09-09,2026-09-09 08:00,2026-09-09 12:00,ppc_ru_LED_sr_gen_a-all_exp-diff-login,LED,ON,1
2026-09-09,2026-09-09 08:00,2026-09-09 12:00,ppc_ru_LED_sr_s-auto_a-all_exp-diff-login,LED,ON,1
2026-09-09,2026-09-09 08:00,2026-09-09 12:00,ppc_ru_MOW_sr_dsa_a-all_exp-diff-login,MOW,OFF,0
2026-09-09,2026-09-09 08:00,2026-09-09 12:00,ppc_ru_MOW_sr_gen_a-all_exp-diff-login,MOW,OFF,0
2026-09-09,2026-09-09 08:00,2026-09-09 12:00,ppc_ru_MOW_sr_s-auto_a-all_exp-diff-login,MOW,OFF,0
2026-09-09,2026-09-09 08:00,2026-09-09 12:00,ppc_ru_MOW_sr_s-auto_a-all_exp-diff-login_exp_travel-aud,MOW,OFF,0
2026-09-09,2026-09-09 08:00,2026-09-09 12:00,ppc_ru_OVB_sr_dsa_a-all_exp-diff-login,OVB,OFF,0
2026-09-09,2026-09-09 08:00,2026-09-09 12:00,ppc_ru_OVB_sr_gen_a-all_exp-diff-login,OVB,OFF,0
2026-09-09,2026-09-09 08:00,2026-09-09 12:00,ppc_ru_SVX_sr_dsa_a-all_exp-diff-login,ural,OFF,0
2026-09-09,2026-09-09 08:00,2026-09-09 12:00,ppc_ru_SVX_sr_gen_a-all_exp-diff-login,ural,OFF,0
2026-09-09,2026-09-09 08:00,2026-09-09 12:00,ppc_ru_TJM_sr_dsa_a-all_exp-diff-login,ural,OFF,0
2026-09-09,2026-09-09 08:00,2026-09-09 12:00,ppc_ru_TJM_sr_gen_a-all_exp-diff-login,ural,OFF,0
2026-09-09,2026-09-09 08:00,2026-09-09 12:00,ppc_ru_UFA_sr_dsa_a-all_exp-diff-login,UFA,ON,1
2026-09-09,2026-09-09 08:00,2026-09-09 12:00,ppc_ru_UFA_sr_gen_a-all_exp-diff-login,UFA,ON,1
2026-09-09,2026-09-09 08:00,2026-09-09 12:00,ppc_ru_centr_sr_dsa_a-all_exp-diff-login,centr,OFF,0
2026-09-09,2026-09-09 08:00,2026-09-09 12:00,ppc_ru_centr_sr_gen_a-all_exp-diff-login,centr,OFF,0
2026-09-09,2026-09-09 08:00,2026-09-09 12:00,ppc_ru_sibir_sr_dsa_a-all_exp-diff-login,sibir,OFF,0
2026-09-09,2026-09-09 08:00,2026-09-09 12:00,ppc_ru_sibir_sr_gen_a-all_exp-diff-login,sibir,OFF,0
2026-09-09,2026-09-09 08:00,2026-09-09 12:00,ppc_ru_ural_sr_dsa_a-all_exp-diff-login,ural,OFF,0
2026-09-09,2026-09-09 08:00,2026-09-09 12:00,ppc_ru_ural_sr_gen_a-all_exp-diff-login,ural,OFF,0
2026-09-09,2026-09-09 08:00,2026-09-09 12:00,ppc_ru_ural_sr_s-auto_a-all_exp-diff-login,ural,OFF,0
2026-09-09,2026-09-09 12:00,2026-09-09 16:00,ppc_ru_IKT_sr_gen_a-all_exp-diff-login,sibir,ON,1
2026-09-09,2026-09-09 12:00,2026-09-09 16:00,ppc_ru_KJA_sr_dsa_a-all_exp-diff-login,KJA,ON,1
2026-09-09,2026-09-09 12:00,2026-09-09 16:00,ppc_ru_KJA_sr_gen_a-all_exp-diff-login,KJA,ON,1
2026-09-09,2026-09-09 12:00,2026-09-09 16:00,ppc_ru_KRR_sr_dsa_a-all_exp-diff-login,KRR,OFF,0
2026-09-09,2026-09-09 12:00,2026-09-09 16:00,ppc_ru_KRR_sr_gen_a-all_exp-diff-login,KRR,OFF,0
2026-09-09,2026-09-09 12:00,2026-09-09 16:00,ppc_ru_KRR_sr_s-auto_a-all_exp-diff-login,KRR,OFF,0
2026-09-09,2026-09-09 12:00,2026-09-09 16:00,ppc_ru_KVKZ_sr_gen_a-all_exp-diff-login,KVKZ,OFF,0
2026-09-09,2026-09-09 12:00,2026-09-09 16:00,ppc_ru_KVKZ_sr_s-auto_a-all_exp-diff-login,KVKZ,OFF,0
2026-09-09,2026-09-09 12:00,2026-09-09 16:00,ppc_ru_KZN_sr_gen_a-all_exp-diff-login,KZN,OFF,0
2026-09-09,2026-09-09 12:00,2026-09-09 16:00,ppc_ru_KZN_sr_s-auto_a-all_exp-diff-login,KZN,OFF,0
2026-09-09,2026-09-09 12:00,2026-09-09 16:00,ppc_ru_LED_sr_dsa_a-all_exp-diff-login,LED,ON,1
2026-09-09,2026-09-09 12:00,2026-09-09 16:00,ppc_ru_LED_sr_gen_a-all_exp-diff-login,LED,ON,1
2026-09-09,2026-09-09 12:00,2026-09-09 16:00,ppc_ru_LED_sr_s-auto_a-all_exp-diff-login,LED,ON,1
2026-09-09,2026-09-09 12:00,2026-09-09 16:00,ppc_ru_MOW_sr_dsa_a-all_exp-diff-login,MOW,OFF,0
2026-09-09,2026-09-09 12:00,2026-09-09 16:00,ppc_ru_MOW_sr_gen_a-all_exp-diff-login,MOW,OFF,0
2026-09-09,2026-09-09 12:00,2026-09-09 16:00,ppc_ru_MOW_sr_s-auto_a-all_exp-diff-login,MOW,OFF,0
2026-09-09,2026-09-09 12:00,2026-09-09 16:00,ppc_ru_MOW_sr_s-auto_a-all_exp-diff-login_exp_travel-aud,MOW,OFF,0
2026-09-09,2026-09-09 12:00,2026-09-09 16:00,ppc_ru_OVB_sr_dsa_a-all_exp-diff-login,OVB,ON,1
2026-09-09,2026-09-09 12:00,2026-09-09 16:00,ppc_ru_OVB_sr_gen_a-all_exp-diff-login,OVB,ON,1
2026-09-09,2026-09-09 12:00,2026-09-09 16:00,ppc_ru_SVX_sr_dsa_a-all_exp-diff-login,ural,OFF,0
2026-09-09,2026-09-09 12:00,2026-09-09 16:00,ppc_ru_SVX_sr_gen_a-all_exp-diff-login,ural,OFF,0
2026-09-09,2026-09-09 12:00,2026-09-09 16:00,ppc_ru_TJM_sr_dsa_a-all_exp-diff-login,ural,OFF,0
2026-09-09,2026-09-09 12:00,2026-09-09 16:00,ppc_ru_TJM_sr_gen_a-all_exp-diff-login,ural,OFF,0
2026-09-09,2026-09-09 12:00,2026-09-09 16:00,ppc_ru_UFA_sr_dsa_a-all_exp-diff-login,UFA,OFF,0
2026-09-09,2026-09-09 12:00,2026-09-09 16:00,ppc_ru_UFA_sr_gen_a-all_exp-diff-login,UFA,OFF,0
2026-09-09,2026-09-09 12:00,2026-09-09 16:00,ppc_ru_centr_sr_dsa_a-all_exp-diff-login,centr,ON,1
2026-09-09,2026-09-09 12:00,2026-09-09 16:00,ppc_ru_centr_sr_gen_a-all_exp-diff-login,centr,ON,1
2026-09-09,2026-09-09 12:00,2026-09-09 16:00,ppc_ru_sibir_sr_dsa_a-all_exp-diff-login,sibir,ON,1
2026-09-09,2026-09-09 12:00,2026-09-09 16:00,ppc_ru_sibir_sr_gen_a-all_exp-diff-login,sibir,ON,1
2026-09-09,2026-09-09 12:00,2026-09-09 16:00,ppc_ru_ural_sr_dsa_a-all_exp-diff-login,ural,OFF,0
2026-09-09,2026-09-09 12:00,2026-09-09 16:00,ppc_ru_ural_sr_gen_a-all_exp-diff-login,ural,OFF,0
2026-09-09,2026-09-09 12:00,2026-09-09 16:00,ppc_ru_ural_sr_s-auto_a-all_exp-diff-login,ural,OFF,0
2026-09-09,2026-09-09 16:00,2026-09-09 20:00,ppc_ru_IKT_sr_gen_a-all_exp-diff-login,sibir,ON,1
2026-09-09,2026-09-09 16:00,2026-09-09 20:00,ppc_ru_KJA_sr_dsa_a-all_exp-diff-login,KJA,ON,1
2026-09-09,2026-09-09 16:00,2026-09-09 20:00,ppc_ru_KJA_sr_gen_a-all_exp-diff-login,KJA,ON,1
2026-09-09,2026-09-09 16:00,2026-09-09 20:00,ppc_ru_KRR_sr_dsa_a-all_exp-diff-login,KRR,ON,1
2026-09-09,2026-09-09 16:00,2026-09-09 20:00,ppc_ru_KRR_sr_gen_a-all_exp-diff-login,KRR,ON,1
2026-09-09,2026-09-09 16:00,2026-09-09 20:00,ppc_ru_KRR_sr_s-auto_a-all_exp-diff-login,KRR,ON,1
2026-09-09,2026-09-09 16:00,2026-09-09 20:00,ppc_ru_KVKZ_sr_gen_a-all_exp-diff-login,KVKZ,ON,1
2026-09-09,2026-09-09 16:00,2026-09-09 20:00,ppc_ru_KVKZ_sr_s-auto_a-all_exp-diff-login,KVKZ,ON,1
2026-09-09,2026-09-09 16:00,2026-09-09 20:00,ppc_ru_KZN_sr_gen_a-all_exp-diff-login,KZN,OFF,0
2026-09-09,2026-09-09 16:00,2026-09-09 20:00,ppc_ru_KZN_sr_s-auto_a-all_exp-diff-login,KZN,OFF,0
2026-09-09,2026-09-09 16:00,2026-09-09 20:00,ppc_ru_LED_sr_dsa_a-all_exp-diff-login,LED,OFF,0
2026-09-09,2026-09-09 16:00,2026-09-09 20:00,ppc_ru_LED_sr_gen_a-all_exp-diff-login,LED,OFF,0
2026-09-09,2026-09-09 16:00,2026-09-09 20:00,ppc_ru_LED_sr_s-auto_a-all_exp-diff-login,LED,OFF,0
2026-09-09,2026-09-09 16:00,2026-09-09 20:00,ppc_ru_MOW_sr_dsa_a-all_exp-diff-login,MOW,ON,1
2026-09-09,2026-09-09 16:00,2026-09-09 20:00,ppc_ru_MOW_sr_gen_a-all_exp-diff-login,MOW,ON,1
2026-09-09,2026-09-09 16:00,2026-09-09 20:00,ppc_ru_MOW_sr_s-auto_a-all_exp-diff-login,MOW,ON,1
2026-09-09,2026-09-09 16:00,2026-09-09 20:00,ppc_ru_MOW_sr_s-auto_a-all_exp-diff-login_exp_travel-aud,MOW,ON,1
2026-09-09,2026-09-09 16:00,2026-09-09 20:00,ppc_ru_OVB_sr_dsa_a-all_exp-diff-login,OVB,ON,1
2026-09-09,2026-09-09 16:00,2026-09-09 20:00,ppc_ru_OVB_sr_gen_a-all_exp-diff-login,OVB,ON,1
2026-09-09,2026-09-09 16:00,2026-09-09 20:00,ppc_ru_SVX_sr_dsa_a-all_exp-diff-login,ural,ON,1
2026-09-09,2026-09-09 16:00,2026-09-09 20:00,ppc_ru_SVX_sr_gen_a-all_exp-diff-login,ural,ON,1
2026-09-09,2026-09-09 16:00,2026-09-09 20:00,ppc_ru_TJM_sr_dsa_a-all_exp-diff-login,ural,ON,1
2026-09-09,2026-09-09 16:00,2026-09-09 20:00,ppc_ru_TJM_sr_gen_a-all_exp-diff-login,ural,ON,1
2026-09-09,2026-09-09 16:00,2026-09-09 20:00,ppc_ru_UFA_sr_dsa_a-all_exp-diff-login,UFA,OFF,0
2026-09-09,2026-09-09 16:00,2026-09-09 20:00,ppc_ru_UFA_sr_gen_a-all_exp-diff-login,UFA,OFF,0
2026-09-09,2026-09-09 16:00,2026-09-09 20:00,ppc_ru_centr_sr_dsa_a-all_exp-diff-login,centr,OFF,0
2026-09-09,2026-09-09 16:00,2026-09-09 20:00,ppc_ru_centr_sr_gen_a-all_exp-diff-login,centr,OFF,0
2026-09-09,2026-09-09 16:00,2026-09-09 20:00,ppc_ru_sibir_sr_dsa_a-all_exp-diff-login,sibir,ON,1
2026-09-09,2026-09-09 16:00,2026-09-09 20:00,ppc_ru_sibir_sr_gen_a-all_exp-diff-login,sibir,ON,1
2026-09-09,2026-09-09 16:00,2026-09-09 20:00,ppc_ru_ural_sr_dsa_a-all_exp-diff-login,ural,ON,1
2026-09-09,2026-09-09 16:00,2026-09-09 20:00,ppc_ru_ural_sr_gen_a-all_exp-diff-login,ural,ON,1
2026-09-09,2026-09-09 16:00,2026-09-09 20:00,ppc_ru_ural_sr_s-auto_a-all_exp-diff-login,ural,ON,1
2026-09-09,2026-09-09 20:00,2026-09-10 00:00,ppc_ru_IKT_sr_gen_a-all_exp-diff-login,sibir,ON,1
2026-09-09,2026-09-09 20:00,2026-09-10 00:00,ppc_ru_KJA_sr_dsa_a-all_exp-diff-login,KJA,ON,1
2026-09-09,2026-09-09 20:00,2026-09-10 00:00,ppc_ru_KJA_sr_gen_a-all_exp-diff-login,KJA,ON,1
2026-09-09,2026-09-09 20:00,2026-09-10 00:00,ppc_ru_KRR_sr_dsa_a-all_exp-diff-login,KRR,OFF,0
2026-09-09,2026-09-09 20:00,2026-09-10 00:00,ppc_ru_KRR_sr_gen_a-all_exp-diff-login,KRR,OFF,0
2026-09-09,2026-09-09 20:00,2026-09-10 00:00,ppc_ru_KRR_sr_s-auto_a-all_exp-diff-login,KRR,OFF,0
2026-09-09,2026-09-09 20:00,2026-09-10 00:00,ppc_ru_KVKZ_sr_gen_a-all_exp-diff-login,KVKZ,OFF,0
2026-09-09,2026-09-09 20:00,2026-09-10 00:00,ppc_ru_KVKZ_sr_s-auto_a-all_exp-diff-login,KVKZ,OFF,0
2026-09-09,2026-09-09 20:00,2026-09-10 00:00,ppc_ru_KZN_sr_gen_a-all_exp-diff-login,KZN,OFF,0
2026-09-09,2026-09-09 20:00,2026-09-10 00:00,ppc_ru_KZN_sr_s-auto_a-all_exp-diff-login,KZN,OFF,0
2026-09-09,2026-09-09 20:00,2026-09-10 00:00,ppc_ru_LED_sr_dsa_a-all_exp-diff-login,LED,OFF,0
2026-09-09,2026-09-09 20:00,2026-09-10 00:00,ppc_ru_LED_sr_gen_a-all_exp-diff-login,LED,OFF,0
2026-09-09,2026-09-09 20:00,2026-09-10 00:00,ppc_ru_LED_sr_s-auto_a-all_exp-diff-login,LED,OFF,0
2026-09-09,2026-09-09 20:00,2026-09-10 00:00,ppc_ru_MOW_sr_dsa_a-all_exp-diff-login,MOW,ON,1
2026-09-09,2026-09-09 20:00,2026-09-10 00:00,ppc_ru_MOW_sr_gen_a-all_exp-diff-login,MOW,ON,1
2026-09-09,2026-09-09 20:00,2026-09-10 00:00,ppc_ru_MOW_sr_s-auto_a-all_exp-diff-login,MOW,ON,1
2026-09-09,2026-09-09 20:00,2026-09-10 00:00,ppc_ru_MOW_sr_s-auto_a-all_exp-diff-login_exp_travel-aud,MOW,ON,1
2026-09-09,2026-09-09 20:00,2026-09-10 00:00,ppc_ru_OVB_sr_dsa_a-all_exp-diff-login,OVB,ON,1
2026-09-09,2026-09-09 20:00,2026-09-10 00:00,ppc_ru_OVB_sr_gen_a-all_exp-diff-login,OVB,ON,1
2026-09-09,2026-09-09 20:00,2026-09-10 00:00,ppc_ru_SVX_sr_dsa_a-all_exp-diff-login,ural,OFF,0
2026-09-09,2026-09-09 20:00,2026-09-10 00:00,ppc_ru_SVX_sr_gen_a-all_exp-diff-login,ural,OFF,0
2026-09-09,2026-09-09 20:00,2026-09-10 00:00,ppc_ru_TJM_sr_dsa_a-all_exp-diff-login,ural,OFF,0
2026-09-09,2026-09-09 20:00,2026-09-10 00:00,ppc_ru_TJM_sr_gen_a-all_exp-diff-login,ural,OFF,0
2026-09-09,2026-09-09 20:00,2026-09-10 00:00,ppc_ru_UFA_sr_dsa_a-all_exp-diff-login,UFA,ON,1
2026-09-09,2026-09-09 20:00,2026-09-10 00:00,ppc_ru_UFA_sr_gen_a-all_exp-diff-login,UFA,ON,1
2026-09-09,2026-09-09 20:00,2026-09-10 00:00,ppc_ru_centr_sr_dsa_a-all_exp-diff-login,centr,ON,1
2026-09-09,2026-09-09 20:00,2026-09-10 00:00,ppc_ru_centr_sr_gen_a-all_exp-diff-login,centr,ON,1
2026-09-09,2026-09-09 20:00,2026-09-10 00:00,ppc_ru_sibir_sr_dsa_a-all_exp-diff-login,sibir,ON,1
2026-09-09,2026-09-09 20:00,2026-09-10 00:00,ppc_ru_sibir_sr_gen_a-all_exp-diff-login,sibir,ON,1
2026-09-09,2026-09-09 20:00,2026-09-10 00:00,ppc_ru_ural_sr_dsa_a-all_exp-diff-login,ural,OFF,0
2026-09-09,2026-09-09 20:00,2026-09-10 00:00,ppc_ru_ural_sr_gen_a-all_exp-diff-login,ural,OFF,0
2026-09-09,2026-09-09 20:00,2026-09-10 00:00,ppc_ru_ural_sr_s-auto_a-all_exp-diff-login,ural,OFF,0
2026-09-10,2026-09-10 00:00,2026-09-10 04:00,ppc_ru_IKT_sr_gen_a-all_exp-diff-login,sibir,ON,1
2026-09-10,2026-09-10 00:00,2026-09-10 04:00,ppc_ru_KJA_sr_dsa_a-all_exp-diff-login,KJA,OFF,0
2026-09-10,2026-09-10 00:00,2026-09-10 04:00,ppc_ru_KJA_sr_gen_a-all_exp-diff-login,KJA,OFF,0
2026-09-10,2026-09-10 00:00,2026-09-10 04:00,ppc_ru_KRR_sr_dsa_a-all_exp-diff-login,KRR,ON,1
2026-09-10,2026-09-10 00:00,2026-09-10 04:00,ppc_ru_KRR_sr_gen_a-all_exp-diff-login,KRR,ON,1
2026-09-10,2026-09-10 00:00,2026-09-10 04:00,ppc_ru_KRR_sr_s-auto_a-all_exp-diff-login,KRR,ON,1
2026-09-10,2026-09-10 00:00,2026-09-10 04:00,ppc_ru_KVKZ_sr_gen_a-all_exp-diff-login,KVKZ,ON,1
2026-09-10,2026-09-10 00:00,2026-09-10 04:00,ppc_ru_KVKZ_sr_s-auto_a-all_exp-diff-login,KVKZ,ON,1
2026-09-10,2026-09-10 00:00,2026-09-10 04:00,ppc_ru_KZN_sr_gen_a-all_exp-diff-login,KZN,OFF,0
2026-09-10,2026-09-10 00:00,2026-09-10 04:00,ppc_ru_KZN_sr_s-auto_a-all_exp-diff-login,KZN,OFF,0
2026-09-10,2026-09-10 00:00,2026-09-10 04:00,ppc_ru_LED_sr_dsa_a-all_exp-diff-login,LED,OFF,0
2026-09-10,2026-09-10 00:00,2026-09-10 04:00,ppc_ru_LED_sr_gen_a-all_exp-diff-login,LED,OFF,0
2026-09-10,2026-09-10 00:00,2026-09-10 04:00,ppc_ru_LED_sr_s-auto_a-all_exp-diff-login,LED,OFF,0
2026-09-10,2026-09-10 00:00,2026-09-10 04:00,ppc_ru_MOW_sr_dsa_a-all_exp-diff-login,MOW,OFF,0
2026-09-10,2026-09-10 00:00,2026-09-10 04:00,ppc_ru_MOW_sr_gen_a-all_exp-diff-login,MOW,OFF,0
2026-09-10,2026-09-10 00:00,2026-09-10 04:00,ppc_ru_MOW_sr_s-auto_a-all_exp-diff-login,MOW,OFF,0
2026-09-10,2026-09-10 00:00,2026-09-10 04:00,ppc_ru_MOW_sr_s-auto_a-all_exp-diff-login_exp_travel-aud,MOW,OFF,0
2026-09-10,2026-09-10 00:00,2026-09-10 04:00,ppc_ru_OVB_sr_dsa_a-all_exp-diff-login,OVB,ON,1
2026-09-10,2026-09-10 00:00,2026-09-10 04:00,ppc_ru_OVB_sr_gen_a-all_exp-diff-login,OVB,ON,1
2026-09-10,2026-09-10 00:00,2026-09-10 04:00,ppc_ru_SVX_sr_dsa_a-all_exp-diff-login,ural,ON,1
2026-09-10,2026-09-10 00:00,2026-09-10 04:00,ppc_ru_SVX_sr_gen_a-all_exp-diff-login,ural,ON,1
2026-09-10,2026-09-10 00:00,2026-09-10 04:00,ppc_ru_TJM_sr_dsa_a-all_exp-diff-login,ural,ON,1
2026-09-10,2026-09-10 00:00,2026-09-10 04:00,ppc_ru_TJM_sr_gen_a-all_exp-diff-login,ural,ON,1
2026-09-10,2026-09-10 00:00,2026-09-10 04:00,ppc_ru_UFA_sr_dsa_a-all_exp-diff-login,UFA,OFF,0
2026-09-10,2026-09-10 00:00,2026-09-10 04:00,ppc_ru_UFA_sr_gen_a-all_exp-diff-login,UFA,OFF,0
2026-09-10,2026-09-10 00:00,2026-09-10 04:00,ppc_ru_centr_sr_dsa_a-all_exp-diff-login,centr,ON,1
2026-09-10,2026-09-10 00:00,2026-09-10 04:00,ppc_ru_centr_sr_gen_a-all_exp-diff-login,centr,ON,1
2026-09-10,2026-09-10 00:00,2026-09-10 04:00,ppc_ru_sibir_sr_dsa_a-all_exp-diff-login,sibir,ON,1
2026-09-10,2026-09-10 00:00,2026-09-10 04:00,ppc_ru_sibir_sr_gen_a-all_exp-diff-login,sibir,ON,1
2026-09-10,2026-09-10 00:00,2026-09-10 04:00,ppc_ru_ural_sr_dsa_a-all_exp-diff-login,ural,ON,1
2026-09-10,2026-09-10 00:00,2026-09-10 04:00,ppc_ru_ural_sr_gen_a-all_exp-diff-login,ural,ON,1
2026-09-10,2026-09-10 00:00,2026-09-10 04:00,ppc_ru_ural_sr_s-auto_a-all_exp-diff-login,ural,ON,1
2026-09-10,2026-09-10 04:00,2026-09-10 08:00,ppc_ru_IKT_sr_gen_a-all_exp-diff-login,sibir,OFF,0
2026-09-10,2026-09-10 04:00,2026-09-10 08:00,ppc_ru_KJA_sr_dsa_a-all_exp-diff-login,KJA,OFF,0
2026-09-10,2026-09-10 04:00,2026-09-10 08:00,ppc_ru_KJA_sr_gen_a-all_exp-diff-login,KJA,OFF,0
2026-09-10,2026-09-10 04:00,2026-09-10 08:00,ppc_ru_KRR_sr_dsa_a-all_exp-diff-login,KRR,ON,1
2026-09-10,2026-09-10 04:00,2026-09-10 08:00,ppc_ru_KRR_sr_gen_a-all_exp-diff-login,KRR,ON,1
2026-09-10,2026-09-10 04:00,2026-09-10 08:00,ppc_ru_KRR_sr_s-auto_a-all_exp-diff-login,KRR,ON,1
2026-09-10,2026-09-10 04:00,2026-09-10 08:00,ppc_ru_KVKZ_sr_gen_a-all_exp-diff-login,KVKZ,ON,1
2026-09-10,2026-09-10 04:00,2026-09-10 08:00,ppc_ru_KVKZ_sr_s-auto_a-all_exp-diff-login,KVKZ,ON,1
2026-09-10,2026-09-10 04:00,2026-09-10 08:00,ppc_ru_KZN_sr_gen_a-all_exp-diff-login,KZN,ON,1
2026-09-10,2026-09-10 04:00,2026-09-10 08:00,ppc_ru_KZN_sr_s-auto_a-all_exp-diff-login,KZN,ON,1
2026-09-10,2026-09-10 04:00,2026-09-10 08:00,ppc_ru_LED_sr_dsa_a-all_exp-diff-login,LED,OFF,0
2026-09-10,2026-09-10 04:00,2026-09-10 08:00,ppc_ru_LED_sr_gen_a-all_exp-diff-login,LED,OFF,0
2026-09-10,2026-09-10 04:00,2026-09-10 08:00,ppc_ru_LED_sr_s-auto_a-all_exp-diff-login,LED,OFF,0
2026-09-10,2026-09-10 04:00,2026-09-10 08:00,ppc_ru_MOW_sr_dsa_a-all_exp-diff-login,MOW,ON,1
2026-09-10,2026-09-10 04:00,2026-09-10 08:00,ppc_ru_MOW_sr_gen_a-all_exp-diff-login,MOW,ON,1
2026-09-10,2026-09-10 04:00,2026-09-10 08:00,ppc_ru_MOW_sr_s-auto_a-all_exp-diff-login,MOW,ON,1
2026-09-10,2026-09-10 04:00,2026-09-10 08:00,ppc_ru_MOW_sr_s-auto_a-all_exp-diff-login_exp_travel-aud,MOW,ON,1
2026-09-10,2026-09-10 04:00,2026-09-10 08:00,ppc_ru_OVB_sr_dsa_a-all_exp-diff-login,OVB,ON,1
2026-09-10,2026-09-10 04:00,2026-09-10 08:00,ppc_ru_OVB_sr_gen_a-all_exp-diff-login,OVB,ON,1
2026-09-10,2026-09-10 04:00,2026-09-10 08:00,ppc_ru_SVX_sr_dsa_a-all_exp-diff-login,ural,OFF,0
2026-09-10,2026-09-10 04:00,2026-09-10 08:00,ppc_ru_SVX_sr_gen_a-all_exp-diff-login,ural,OFF,0
2026-09-10,2026-09-10 04:00,2026-09-10 08:00,ppc_ru_TJM_sr_dsa_a-all_exp-diff-login,ural,OFF,0
2026-09-10,2026-09-10 04:00,2026-09-10 08:00,ppc_ru_TJM_sr_gen_a-all_exp-diff-login,ural,OFF,0
2026-09-10,2026-09-10 04:00,2026-09-10 08:00,ppc_ru_UFA_sr_dsa_a-all_exp-diff-login,UFA,ON,1
2026-09-10,2026-09-10 04:00,2026-09-10 08:00,ppc_ru_UFA_sr_gen_a-all_exp-diff-login,UFA,ON,1
2026-09-10,2026-09-10 04:00,2026-09-10 08:00,ppc_ru_centr_sr_dsa_a-all_exp-diff-login,centr,OFF,0
2026-09-10,2026-09-10 04:00,2026-09-10 08:00,ppc_ru_centr_sr_gen_a-all_exp-diff-login,centr,OFF,0
2026-09-10,2026-09-10 04:00,2026-09-10 08:00,ppc_ru_sibir_sr_dsa_a-all_exp-diff-login,sibir,OFF,0
2026-09-10,2026-09-10 04:00,2026-09-10 08:00,ppc_ru_sibir_sr_gen_a-all_exp-diff-login,sibir,OFF,0
2026-09-10,2026-09-10 04:00,2026-09-10 08:00,ppc_ru_ural_sr_dsa_a-all_exp-diff-login,ural,OFF,0
2026-09-10,2026-09-10 04:00,2026-09-10 08:00,ppc_ru_ural_sr_gen_a-all_exp-diff-login,ural,OFF,0
2026-09-10,2026-09-10 04:00,2026-09-10 08:00,ppc_ru_ural_sr_s-auto_a-all_exp-diff-login,ural,OFF,0
2026-09-10,2026-09-10 08:00,2026-09-10 12:00,ppc_ru_IKT_sr_gen_a-all_exp-diff-login,sibir,OFF,0
2026-09-10,2026-09-10 08:00,2026-09-10 12:00,ppc_ru_KJA_sr_dsa_a-all_exp-diff-login,KJA,ON,1
2026-09-10,2026-09-10 08:00,2026-09-10 12:00,ppc_ru_KJA_sr_gen_a-all_exp-diff-login,KJA,ON,1
2026-09-10,2026-09-10 08:00,2026-09-10 12:00,ppc_ru_KRR_sr_dsa_a-all_exp-diff-login,KRR,OFF,0
2026-09-10,2026-09-10 08:00,2026-09-10 12:00,ppc_ru_KRR_sr_gen_a-all_exp-diff-login,KRR,OFF,0
2026-09-10,2026-09-10 08:00,2026-09-10 12:00,ppc_ru_KRR_sr_s-auto_a-all_exp-diff-login,KRR,OFF,0
2026-09-10,2026-09-10 08:00,2026-09-10 12:00,ppc_ru_KVKZ_sr_gen_a-all_exp-diff-login,KVKZ,OFF,0
2026-09-10,2026-09-10 08:00,2026-09-10 12:00,ppc_ru_KVKZ_sr_s-auto_a-all_exp-diff-login,KVKZ,OFF,0
2026-09-10,2026-09-10 08:00,2026-09-10 12:00,ppc_ru_KZN_sr_gen_a-all_exp-diff-login,KZN,ON,1
2026-09-10,2026-09-10 08:00,2026-09-10 12:00,ppc_ru_KZN_sr_s-auto_a-all_exp-diff-login,KZN,ON,1
2026-09-10,2026-09-10 08:00,2026-09-10 12:00,ppc_ru_LED_sr_dsa_a-all_exp-diff-login,LED,ON,1
2026-09-10,2026-09-10 08:00,2026-09-10 12:00,ppc_ru_LED_sr_gen_a-all_exp-diff-login,LED,ON,1
2026-09-10,2026-09-10 08:00,2026-09-10 12:00,ppc_ru_LED_sr_s-auto_a-all_exp-diff-login,LED,ON,1
2026-09-10,2026-09-10 08:00,2026-09-10 12:00,ppc_ru_MOW_sr_dsa_a-all_exp-diff-login,MOW,OFF,0
2026-09-10,2026-09-10 08:00,2026-09-10 12:00,ppc_ru_MOW_sr_gen_a-all_exp-diff-login,MOW,OFF,0
2026-09-10,2026-09-10 08:00,2026-09-10 12:00,ppc_ru_MOW_sr_s-auto_a-all_exp-diff-login,MOW,OFF,0
2026-09-10,2026-09-10 08:00,2026-09-10 12:00,ppc_ru_MOW_sr_s-auto_a-all_exp-diff-login_exp_travel-aud,MOW,OFF,0
2026-09-10,2026-09-10 08:00,2026-09-10 12:00,ppc_ru_OVB_sr_dsa_a-all_exp-diff-login,OVB,ON,1
2026-09-10,2026-09-10 08:00,2026-09-10 12:00,ppc_ru_OVB_sr_gen_a-all_exp-diff-login,OVB,ON,1
2026-09-10,2026-09-10 08:00,2026-09-10 12:00,ppc_ru_SVX_sr_dsa_a-all_exp-diff-login,ural,ON,1
2026-09-10,2026-09-10 08:00,2026-09-10 12:00,ppc_ru_SVX_sr_gen_a-all_exp-diff-login,ural,ON,1
2026-09-10,2026-09-10 08:00,2026-09-10 12:00,ppc_ru_TJM_sr_dsa_a-all_exp-diff-login,ural,ON,1
2026-09-10,2026-09-10 08:00,2026-09-10 12:00,ppc_ru_TJM_sr_gen_a-all_exp-diff-login,ural,ON,1
2026-09-10,2026-09-10 08:00,2026-09-10 12:00,ppc_ru_UFA_sr_dsa_a-all_exp-diff-login,UFA,OFF,0
2026-09-10,2026-09-10 08:00,2026-09-10 12:00,ppc_ru_UFA_sr_gen_a-all_exp-diff-login,UFA,OFF,0
2026-09-10,2026-09-10 08:00,2026-09-10 12:00,ppc_ru_centr_sr_dsa_a-all_exp-diff-login,centr,OFF,0
2026-09-10,2026-09-10 08:00,2026-09-10 12:00,ppc_ru_centr_sr_gen_a-all_exp-diff-login,centr,OFF,0
2026-09-10,2026-09-10 08:00,2026-09-10 12:00,ppc_ru_sibir_sr_dsa_a-all_exp-diff-login,sibir,OFF,0
2026-09-10,2026-09-10 08:00,2026-09-10 12:00,ppc_ru_sibir_sr_gen_a-all_exp-diff-login,sibir,OFF,0
2026-09-10,2026-09-10 08:00,2026-09-10 12:00,ppc_ru_ural_sr_dsa_a-all_exp-diff-login,ural,ON,1
2026-09-10,2026-09-10 08:00,2026-09-10 12:00,ppc_ru_ural_sr_gen_a-all_exp-diff-login,ural,ON,1
2026-09-10,2026-09-10 08:00,2026-09-10 12:00,ppc_ru_ural_sr_s-auto_a-all_exp-diff-login,ural,ON,1
2026-09-10,2026-09-10 12:00,2026-09-10 16:00,ppc_ru_IKT_sr_gen_a-all_exp-diff-login,sibir,ON,1
2026-09-10,2026-09-10 12:00,2026-09-10 16:00,ppc_ru_KJA_sr_dsa_a-all_exp-diff-login,KJA,OFF,0
2026-09-10,2026-09-10 12:00,2026-09-10 16:00,ppc_ru_KJA_sr_gen_a-all_exp-diff-login,KJA,OFF,0
2026-09-10,2026-09-10 12:00,2026-09-10 16:00,ppc_ru_KRR_sr_dsa_a-all_exp-diff-login,KRR,ON,1
2026-09-10,2026-09-10 12:00,2026-09-10 16:00,ppc_ru_KRR_sr_gen_a-all_exp-diff-login,KRR,ON,1
2026-09-10,2026-09-10 12:00,2026-09-10 16:00,ppc_ru_KRR_sr_s-auto_a-all_exp-diff-login,KRR,ON,1
2026-09-10,2026-09-10 12:00,2026-09-10 16:00,ppc_ru_KVKZ_sr_gen_a-all_exp-diff-login,KVKZ,OFF,0
2026-09-10,2026-09-10 12:00,2026-09-10 16:00,ppc_ru_KVKZ_sr_s-auto_a-all_exp-diff-login,KVKZ,OFF,0
2026-09-10,2026-09-10 12:00,2026-09-10 16:00,ppc_ru_KZN_sr_gen_a-all_exp-diff-login,KZN,OFF,0
2026-09-10,2026-09-10 12:00,2026-09-10 16:00,ppc_ru_KZN_sr_s-auto_a-all_exp-diff-login,KZN,OFF,0
2026-09-10,2026-09-10 12:00,2026-09-10 16:00,ppc_ru_LED_sr_dsa_a-all_exp-diff-login,LED,ON,1
2026-09-10,2026-09-10 12:00,2026-09-10 16:00,ppc_ru_LED_sr_gen_a-all_exp-diff-login,LED,ON,1
2026-09-10,2026-09-10 12:00,2026-09-10 16:00,ppc_ru_LED_sr_s-auto_a-all_exp-diff-login,LED,ON,1
2026-09-10,2026-09-10 12:00,2026-09-10 16:00,ppc_ru_MOW_sr_dsa_a-all_exp-diff-login,MOW,OFF,0
2026-09-10,2026-09-10 12:00,2026-09-10 16:00,ppc_ru_MOW_sr_gen_a-all_exp-diff-login,MOW,OFF,0
2026-09-10,2026-09-10 12:00,2026-09-10 16:00,ppc_ru_MOW_sr_s-auto_a-all_exp-diff-login,MOW,OFF,0
2026-09-10,2026-09-10 12:00,2026-09-10 16:00,ppc_ru_MOW_sr_s-auto_a-all_exp-diff-login_exp_travel-aud,MOW,OFF,0
2026-09-10,2026-09-10 12:00,2026-09-10 16:00,ppc_ru_OVB_sr_dsa_a-all_exp-diff-login,OVB,OFF,0
2026-09-10,2026-09-10 12:00,2026-09-10 16:00,ppc_ru_OVB_sr_gen_a-all_exp-diff-login,OVB,OFF,0
2026-09-10,2026-09-10 12:00,2026-09-10 16:00,ppc_ru_SVX_sr_dsa_a-all_exp-diff-login,ural,OFF,0
2026-09-10,2026-09-10 12:00,2026-09-10 16:00,ppc_ru_SVX_sr_gen_a-all_exp-diff-login,ural,OFF,0
2026-09-10,2026-09-10 12:00,2026-09-10 16:00,ppc_ru_TJM_sr_dsa_a-all_exp-diff-login,ural,OFF,0
2026-09-10,2026-09-10 12:00,2026-09-10 16:00,ppc_ru_TJM_sr_gen_a-all_exp-diff-login,ural,OFF,0
2026-09-10,2026-09-10 12:00,2026-09-10 16:00,ppc_ru_UFA_sr_dsa_a-all_exp-diff-login,UFA,OFF,0
2026-09-10,2026-09-10 12:00,2026-09-10 16:00,ppc_ru_UFA_sr_gen_a-all_exp-diff-login,UFA,OFF,0
2026-09-10,2026-09-10 12:00,2026-09-10 16:00,ppc_ru_centr_sr_dsa_a-all_exp-diff-login,centr,ON,1
2026-09-10,2026-09-10 12:00,2026-09-10 16:00,ppc_ru_centr_sr_gen_a-all_exp-diff-login,centr,ON,1
2026-09-10,2026-09-10 12:00,2026-09-10 16:00,ppc_ru_sibir_sr_dsa_a-all_exp-diff-login,sibir,ON,1
2026-09-10,2026-09-10 12:00,2026-09-10 16:00,ppc_ru_sibir_sr_gen_a-all_exp-diff-login,sibir,ON,1
2026-09-10,2026-09-10 12:00,2026-09-10 16:00,ppc_ru_ural_sr_dsa_a-all_exp-diff-login,ural,OFF,0
2026-09-10,2026-09-10 12:00,2026-09-10 16:00,ppc_ru_ural_sr_gen_a-all_exp-diff-login,ural,OFF,0
2026-09-10,2026-09-10 12:00,2026-09-10 16:00,ppc_ru_ural_sr_s-auto_a-all_exp-diff-login,ural,OFF,0
2026-09-10,2026-09-10 16:00,2026-09-10 20:00,ppc_ru_IKT_sr_gen_a-all_exp-diff-login,sibir,OFF,0
2026-09-10,2026-09-10 16:00,2026-09-10 20:00,ppc_ru_KJA_sr_dsa_a-all_exp-diff-login,KJA,ON,1
2026-09-10,2026-09-10 16:00,2026-09-10 20:00,ppc_ru_KJA_sr_gen_a-all_exp-diff-login,KJA,ON,1
2026-09-10,2026-09-10 16:00,2026-09-10 20:00,ppc_ru_KRR_sr_dsa_a-all_exp-diff-login,KRR,OFF,0
2026-09-10,2026-09-10 16:00,2026-09-10 20:00,ppc_ru_KRR_sr_gen_a-all_exp-diff-login,KRR,OFF,0
2026-09-10,2026-09-10 16:00,2026-09-10 20:00,ppc_ru_KRR_sr_s-auto_a-all_exp-diff-login,KRR,OFF,0
2026-09-10,2026-09-10 16:00,2026-09-10 20:00,ppc_ru_KVKZ_sr_gen_a-all_exp-diff-login,KVKZ,ON,1
2026-09-10,2026-09-10 16:00,2026-09-10 20:00,ppc_ru_KVKZ_sr_s-auto_a-all_exp-diff-login,KVKZ,ON,1
2026-09-10,2026-09-10 16:00,2026-09-10 20:00,ppc_ru_KZN_sr_gen_a-all_exp-diff-login,KZN,ON,1
2026-09-10,2026-09-10 16:00,2026-09-10 20:00,ppc_ru_KZN_sr_s-auto_a-all_exp-diff-login,KZN,ON,1
2026-09-10,2026-09-10 16:00,2026-09-10 20:00,ppc_ru_LED_sr_dsa_a-all_exp-diff-login,LED,OFF,0
2026-09-10,2026-09-10 16:00,2026-09-10 20:00,ppc_ru_LED_sr_gen_a-all_exp-diff-login,LED,OFF,0
2026-09-10,2026-09-10 16:00,2026-09-10 20:00,ppc_ru_LED_sr_s-auto_a-all_exp-diff-login,LED,OFF,0
2026-09-10,2026-09-10 16:00,2026-09-10 20:00,ppc_ru_MOW_sr_dsa_a-all_exp-diff-login,MOW,ON,1
2026-09-10,2026-09-10 16:00,2026-09-10 20:00,ppc_ru_MOW_sr_gen_a-all_exp-diff-login,MOW,ON,1
2026-09-10,2026-09-10 16:00,2026-09-10 20:00,ppc_ru_MOW_sr_s-auto_a-all_exp-diff-login,MOW,ON,1
2026-09-10,2026-09-10 16:00,2026-09-10 20:00,ppc_ru_MOW_sr_s-auto_a-all_exp-diff-login_exp_travel-aud,MOW,ON,1
2026-09-10,2026-09-10 16:00,2026-09-10 20:00,ppc_ru_OVB_sr_dsa_a-all_exp-diff-login,OVB,OFF,0
2026-09-10,2026-09-10 16:00,2026-09-10 20:00,ppc_ru_OVB_sr_gen_a-all_exp-diff-login,OVB,OFF,0
2026-09-10,2026-09-10 16:00,2026-09-10 20:00,ppc_ru_SVX_sr_dsa_a-all_exp-diff-login,ural,OFF,0
2026-09-10,2026-09-10 16:00,2026-09-10 20:00,ppc_ru_SVX_sr_gen_a-all_exp-diff-login,ural,OFF,0
2026-09-10,2026-09-10 16:00,2026-09-10 20:00,ppc_ru_TJM_sr_dsa_a-all_exp-diff-login,ural,OFF,0
2026-09-10,2026-09-10 16:00,2026-09-10 20:00,ppc_ru_TJM_sr_gen_a-all_exp-diff-login,ural,OFF,0
2026-09-10,2026-09-10 16:00,2026-09-10 20:00,ppc_ru_UFA_sr_dsa_a-all_exp-diff-login,UFA,ON,1
2026-09-10,2026-09-10 16:00,2026-09-10 20:00,ppc_ru_UFA_sr_gen_a-all_exp-diff-login,UFA,ON,1
2026-09-10,2026-09-10 16:00,2026-09-10 20:00,ppc_ru_centr_sr_dsa_a-all_exp-diff-login,centr,OFF,0
2026-09-10,2026-09-10 16:00,2026-09-10 20:00,ppc_ru_centr_sr_gen_a-all_exp-diff-login,centr,OFF,0
2026-09-10,2026-09-10 16:00,2026-09-10 20:00,ppc_ru_sibir_sr_dsa_a-all_exp-diff-login,sibir,OFF,0
2026-09-10,2026-09-10 16:00,2026-09-10 20:00,ppc_ru_sibir_sr_gen_a-all_exp-diff-login,sibir,OFF,0
2026-09-10,2026-09-10 16:00,2026-09-10 20:00,ppc_ru_ural_sr_dsa_a-all_exp-diff-login,ural,OFF,0
2026-09-10,2026-09-10 16:00,2026-09-10 20:00,ppc_ru_ural_sr_gen_a-all_exp-diff-login,ural,OFF,0
2026-09-10,2026-09-10 16:00,2026-09-10 20:00,ppc_ru_ural_sr_s-auto_a-all_exp-diff-login,ural,OFF,0
2026-09-10,2026-09-10 20:00,2026-09-11 00:00,ppc_ru_IKT_sr_gen_a-all_exp-diff-login,sibir,ON,1
2026-09-10,2026-09-10 20:00,2026-09-11 00:00,ppc_ru_KJA_sr_dsa_a-all_exp-diff-login,KJA,ON,1
2026-09-10,2026-09-10 20:00,2026-09-11 00:00,ppc_ru_KJA_sr_gen_a-all_exp-diff-login,KJA,ON,1
2026-09-10,2026-09-10 20:00,2026-09-11 00:00,ppc_ru_KRR_sr_dsa_a-all_exp-diff-login,KRR,OFF,0
2026-09-10,2026-09-10 20:00,2026-09-11 00:00,ppc_ru_KRR_sr_gen_a-all_exp-diff-login,KRR,OFF,0
2026-09-10,2026-09-10 20:00,2026-09-11 00:00,ppc_ru_KRR_sr_s-auto_a-all_exp-diff-login,KRR,OFF,0
2026-09-10,2026-09-10 20:00,2026-09-11 00:00,ppc_ru_KVKZ_sr_gen_a-all_exp-diff-login,KVKZ,OFF,0
2026-09-10,2026-09-10 20:00,2026-09-11 00:00,ppc_ru_KVKZ_sr_s-auto_a-all_exp-diff-login,KVKZ,OFF,0
2026-09-10,2026-09-10 20:00,2026-09-11 00:00,ppc_ru_KZN_sr_gen_a-all_exp-diff-login,KZN,OFF,0
2026-09-10,2026-09-10 20:00,2026-09-11 00:00,ppc_ru_KZN_sr_s-auto_a-all_exp-diff-login,KZN,OFF,0
2026-09-10,2026-09-10 20:00,2026-09-11 00:00,ppc_ru_LED_sr_dsa_a-all_exp-diff-login,LED,ON,1
2026-09-10,2026-09-10 20:00,2026-09-11 00:00,ppc_ru_LED_sr_gen_a-all_exp-diff-login,LED,ON,1
2026-09-10,2026-09-10 20:00,2026-09-11 00:00,ppc_ru_LED_sr_s-auto_a-all_exp-diff-login,LED,ON,1
2026-09-10,2026-09-10 20:00,2026-09-11 00:00,ppc_ru_MOW_sr_dsa_a-all_exp-diff-login,MOW,ON,1
2026-09-10,2026-09-10 20:00,2026-09-11 00:00,ppc_ru_MOW_sr_gen_a-all_exp-diff-login,MOW,ON,1
2026-09-10,2026-09-10 20:00,2026-09-11 00:00,ppc_ru_MOW_sr_s-auto_a-all_exp-diff-login,MOW,ON,1
2026-09-10,2026-09-10 20:00,2026-09-11 00:00,ppc_ru_MOW_sr_s-auto_a-all_exp-diff-login_exp_travel-aud,MOW,ON,1
2026-09-10,2026-09-10 20:00,2026-09-11 00:00,ppc_ru_OVB_sr_dsa_a-all_exp-diff-login,OVB,OFF,0
2026-09-10,2026-09-10 20:00,2026-09-11 00:00,ppc_ru_OVB_sr_gen_a-all_exp-diff-login,OVB,OFF,0
2026-09-10,2026-09-10 20:00,2026-09-11 00:00,ppc_ru_SVX_sr_dsa_a-all_exp-diff-login,ural,ON,1
2026-09-10,2026-09-10 20:00,2026-09-11 00:00,ppc_ru_SVX_sr_gen_a-all_exp-diff-login,ural,ON,1
2026-09-10,2026-09-10 20:00,2026-09-11 00:00,ppc_ru_TJM_sr_dsa_a-all_exp-diff-login,ural,ON,1
2026-09-10,2026-09-10 20:00,2026-09-11 00:00,ppc_ru_TJM_sr_gen_a-all_exp-diff-login,ural,ON,1
2026-09-10,2026-09-10 20:00,2026-09-11 00:00,ppc_ru_UFA_sr_dsa_a-all_exp-diff-login,UFA,ON,1
2026-09-10,2026-09-10 20:00,2026-09-11 00:00,ppc_ru_UFA_sr_gen_a-all_exp-diff-login,UFA,ON,1
2026-09-10,2026-09-10 20:00,2026-09-11 00:00,ppc_ru_centr_sr_dsa_a-all_exp-diff-login,centr,ON,1
2026-09-10,2026-09-10 20:00,2026-09-11 00:00,ppc_ru_centr_sr_gen_a-all_exp-diff-login,centr,ON,1
2026-09-10,2026-09-10 20:00,2026-09-11 00:00,ppc_ru_sibir_sr_dsa_a-all_exp-diff-login,sibir,ON,1
2026-09-10,2026-09-10 20:00,2026-09-11 00:00,ppc_ru_sibir_sr_gen_a-all_exp-diff-login,sibir,ON,1
2026-09-10,2026-09-10 20:00,2026-09-11 00:00,ppc_ru_ural_sr_dsa_a-all_exp-diff-login,ural,ON,1
2026-09-10,2026-09-10 20:00,2026-09-11 00:00,ppc_ru_ural_sr_gen_a-all_exp-diff-login,ural,ON,1
2026-09-10,2026-09-10 20:00,2026-09-11 00:00,ppc_ru_ural_sr_s-auto_a-all_exp-diff-login,ural,ON,1
2026-09-11,2026-09-11 00:00,2026-09-11 04:00,ppc_ru_IKT_sr_gen_a-all_exp-diff-login,sibir,ON,1
2026-09-11,2026-09-11 00:00,2026-09-11 04:00,ppc_ru_KJA_sr_dsa_a-all_exp-diff-login,KJA,ON,1
2026-09-11,2026-09-11 00:00,2026-09-11 04:00,ppc_ru_KJA_sr_gen_a-all_exp-diff-login,KJA,ON,1
2026-09-11,2026-09-11 00:00,2026-09-11 04:00,ppc_ru_KRR_sr_dsa_a-all_exp-diff-login,KRR,ON,1
2026-09-11,2026-09-11 00:00,2026-09-11 04:00,ppc_ru_KRR_sr_gen_a-all_exp-diff-login,KRR,ON,1
2026-09-11,2026-09-11 00:00,2026-09-11 04:00,ppc_ru_KRR_sr_s-auto_a-all_exp-diff-login,KRR,ON,1
2026-09-11,2026-09-11 00:00,2026-09-11 04:00,ppc_ru_KVKZ_sr_gen_a-all_exp-diff-login,KVKZ,ON,1
2026-09-11,2026-09-11 00:00,2026-09-11 04:00,ppc_ru_KVKZ_sr_s-auto_a-all_exp-diff-login,KVKZ,ON,1
2026-09-11,2026-09-11 00:00,2026-09-11 04:00,ppc_ru_KZN_sr_gen_a-all_exp-diff-login,KZN,OFF,0
2026-09-11,2026-09-11 00:00,2026-09-11 04:00,ppc_ru_KZN_sr_s-auto_a-all_exp-diff-login,KZN,OFF,0
2026-09-11,2026-09-11 00:00,2026-09-11 04:00,ppc_ru_LED_sr_dsa_a-all_exp-diff-login,LED,ON,1
2026-09-11,2026-09-11 00:00,2026-09-11 04:00,ppc_ru_LED_sr_gen_a-all_exp-diff-login,LED,ON,1
2026-09-11,2026-09-11 00:00,2026-09-11 04:00,ppc_ru_LED_sr_s-auto_a-all_exp-diff-login,LED,ON,1
2026-09-11,2026-09-11 00:00,2026-09-11 04:00,ppc_ru_MOW_sr_dsa_a-all_exp-diff-login,MOW,ON,1
2026-09-11,2026-09-11 00:00,2026-09-11 04:00,ppc_ru_MOW_sr_gen_a-all_exp-diff-login,MOW,ON,1
2026-09-11,2026-09-11 00:00,2026-09-11 04:00,ppc_ru_MOW_sr_s-auto_a-all_exp-diff-login,MOW,ON,1
2026-09-11,2026-09-11 00:00,2026-09-11 04:00,ppc_ru_MOW_sr_s-auto_a-all_exp-diff-login_exp_travel-aud,MOW,ON,1
2026-09-11,2026-09-11 00:00,2026-09-11 04:00,ppc_ru_OVB_sr_dsa_a-all_exp-diff-login,OVB,ON,1
2026-09-11,2026-09-11 00:00,2026-09-11 04:00,ppc_ru_OVB_sr_gen_a-all_exp-diff-login,OVB,ON,1
2026-09-11,2026-09-11 00:00,2026-09-11 04:00,ppc_ru_SVX_sr_dsa_a-all_exp-diff-login,ural,OFF,0
2026-09-11,2026-09-11 00:00,2026-09-11 04:00,ppc_ru_SVX_sr_gen_a-all_exp-diff-login,ural,OFF,0
2026-09-11,2026-09-11 00:00,2026-09-11 04:00,ppc_ru_TJM_sr_dsa_a-all_exp-diff-login,ural,OFF,0
2026-09-11,2026-09-11 00:00,2026-09-11 04:00,ppc_ru_TJM_sr_gen_a-all_exp-diff-login,ural,OFF,0
2026-09-11,2026-09-11 00:00,2026-09-11 04:00,ppc_ru_UFA_sr_dsa_a-all_exp-diff-login,UFA,ON,1
2026-09-11,2026-09-11 00:00,2026-09-11 04:00,ppc_ru_UFA_sr_gen_a-all_exp-diff-login,UFA,ON,1
2026-09-11,2026-09-11 00:00,2026-09-11 04:00,ppc_ru_centr_sr_dsa_a-all_exp-diff-login,centr,OFF,0
2026-09-11,2026-09-11 00:00,2026-09-11 04:00,ppc_ru_centr_sr_gen_a-all_exp-diff-login,centr,OFF,0
2026-09-11,2026-09-11 00:00,2026-09-11 04:00,ppc_ru_sibir_sr_dsa_a-all_exp-diff-login,sibir,ON,1
2026-09-11,2026-09-11 00:00,2026-09-11 04:00,ppc_ru_sibir_sr_gen_a-all_exp-diff-login,sibir,ON,1
2026-09-11,2026-09-11 00:00,2026-09-11 04:00,ppc_ru_ural_sr_dsa_a-all_exp-diff-login,ural,OFF,0
2026-09-11,2026-09-11 00:00,2026-09-11 04:00,ppc_ru_ural_sr_gen_a-all_exp-diff-login,ural,OFF,0
2026-09-11,2026-09-11 00:00,2026-09-11 04:00,ppc_ru_ural_sr_s-auto_a-all_exp-diff-login,ural,OFF,0
2026-09-11,2026-09-11 04:00,2026-09-11 08:00,ppc_ru_IKT_sr_gen_a-all_exp-diff-login,sibir,OFF,0
2026-09-11,2026-09-11 04:00,2026-09-11 08:00,ppc_ru_KJA_sr_dsa_a-all_exp-diff-login,KJA,OFF,0
2026-09-11,2026-09-11 04:00,2026-09-11 08:00,ppc_ru_KJA_sr_gen_a-all_exp-diff-login,KJA,OFF,0
2026-09-11,2026-09-11 04:00,2026-09-11 08:00,ppc_ru_KRR_sr_dsa_a-all_exp-diff-login,KRR,OFF,0
2026-09-11,2026-09-11 04:00,2026-09-11 08:00,ppc_ru_KRR_sr_gen_a-all_exp-diff-login,KRR,OFF,0
2026-09-11,2026-09-11 04:00,2026-09-11 08:00,ppc_ru_KRR_sr_s-auto_a-all_exp-diff-login,KRR,OFF,0
2026-09-11,2026-09-11 04:00,2026-09-11 08:00,ppc_ru_KVKZ_sr_gen_a-all_exp-diff-login,KVKZ,ON,1
2026-09-11,2026-09-11 04:00,2026-09-11 08:00,ppc_ru_KVKZ_sr_s-auto_a-all_exp-diff-login,KVKZ,ON,1
2026-09-11,2026-09-11 04:00,2026-09-11 08:00,ppc_ru_KZN_sr_gen_a-all_exp-diff-login,KZN,ON,1
2026-09-11,2026-09-11 04:00,2026-09-11 08:00,ppc_ru_KZN_sr_s-auto_a-all_exp-diff-login,KZN,ON,1
2026-09-11,2026-09-11 04:00,2026-09-11 08:00,ppc_ru_LED_sr_dsa_a-all_exp-diff-login,LED,ON,1
2026-09-11,2026-09-11 04:00,2026-09-11 08:00,ppc_ru_LED_sr_gen_a-all_exp-diff-login,LED,ON,1
2026-09-11,2026-09-11 04:00,2026-09-11 08:00,ppc_ru_LED_sr_s-auto_a-all_exp-diff-login,LED,ON,1
2026-09-11,2026-09-11 04:00,2026-09-11 08:00,ppc_ru_MOW_sr_dsa_a-all_exp-diff-login,MOW,OFF,0
2026-09-11,2026-09-11 04:00,2026-09-11 08:00,ppc_ru_MOW_sr_gen_a-all_exp-diff-login,MOW,OFF,0
2026-09-11,2026-09-11 04:00,2026-09-11 08:00,ppc_ru_MOW_sr_s-auto_a-all_exp-diff-login,MOW,OFF,0
2026-09-11,2026-09-11 04:00,2026-09-11 08:00,ppc_ru_MOW_sr_s-auto_a-all_exp-diff-login_exp_travel-aud,MOW,OFF,0
2026-09-11,2026-09-11 04:00,2026-09-11 08:00,ppc_ru_OVB_sr_dsa_a-all_exp-diff-login,OVB,OFF,0
2026-09-11,2026-09-11 04:00,2026-09-11 08:00,ppc_ru_OVB_sr_gen_a-all_exp-diff-login,OVB,OFF,0
2026-09-11,2026-09-11 04:00,2026-09-11 08:00,ppc_ru_SVX_sr_dsa_a-all_exp-diff-login,ural,OFF,0
2026-09-11,2026-09-11 04:00,2026-09-11 08:00,ppc_ru_SVX_sr_gen_a-all_exp-diff-login,ural,OFF,0
2026-09-11,2026-09-11 04:00,2026-09-11 08:00,ppc_ru_TJM_sr_dsa_a-all_exp-diff-login,ural,OFF,0
2026-09-11,2026-09-11 04:00,2026-09-11 08:00,ppc_ru_TJM_sr_gen_a-all_exp-diff-login,ural,OFF,0
2026-09-11,2026-09-11 04:00,2026-09-11 08:00,ppc_ru_UFA_sr_dsa_a-all_exp-diff-login,UFA,OFF,0
2026-09-11,2026-09-11 04:00,2026-09-11 08:00,ppc_ru_UFA_sr_gen_a-all_exp-diff-login,UFA,OFF,0
2026-09-11,2026-09-11 04:00,2026-09-11 08:00,ppc_ru_centr_sr_dsa_a-all_exp-diff-login,centr,OFF,0
2026-09-11,2026-09-11 04:00,2026-09-11 08:00,ppc_ru_centr_sr_gen_a-all_exp-diff-login,centr,OFF,0
2026-09-11,2026-09-11 04:00,2026-09-11 08:00,ppc_ru_sibir_sr_dsa_a-all_exp-diff-login,sibir,OFF,0
2026-09-11,2026-09-11 04:00,2026-09-11 08:00,ppc_ru_sibir_sr_gen_a-all_exp-diff-login,sibir,OFF,0
2026-09-11,2026-09-11 04:00,2026-09-11 08:00,ppc_ru_ural_sr_dsa_a-all_exp-diff-login,ural,OFF,0
2026-09-11,2026-09-11 04:00,2026-09-11 08:00,ppc_ru_ural_sr_gen_a-all_exp-diff-login,ural,OFF,0
2026-09-11,2026-09-11 04:00,2026-09-11 08:00,ppc_ru_ural_sr_s-auto_a-all_exp-diff-login,ural,OFF,0
2026-09-11,2026-09-11 08:00,2026-09-11 12:00,ppc_ru_IKT_sr_gen_a-all_exp-diff-login,sibir,OFF,0
2026-09-11,2026-09-11 08:00,2026-09-11 12:00,ppc_ru_KJA_sr_dsa_a-all_exp-diff-login,KJA,ON,1
2026-09-11,2026-09-11 08:00,2026-09-11 12:00,ppc_ru_KJA_sr_gen_a-all_exp-diff-login,KJA,ON,1
2026-09-11,2026-09-11 08:00,2026-09-11 12:00,ppc_ru_KRR_sr_dsa_a-all_exp-diff-login,KRR,ON,1
2026-09-11,2026-09-11 08:00,2026-09-11 12:00,ppc_ru_KRR_sr_gen_a-all_exp-diff-login,KRR,ON,1
2026-09-11,2026-09-11 08:00,2026-09-11 12:00,ppc_ru_KRR_sr_s-auto_a-all_exp-diff-login,KRR,ON,1
2026-09-11,2026-09-11 08:00,2026-09-11 12:00,ppc_ru_KVKZ_sr_gen_a-all_exp-diff-login,KVKZ,OFF,0
2026-09-11,2026-09-11 08:00,2026-09-11 12:00,ppc_ru_KVKZ_sr_s-auto_a-all_exp-diff-login,KVKZ,OFF,0
2026-09-11,2026-09-11 08:00,2026-09-11 12:00,ppc_ru_KZN_sr_gen_a-all_exp-diff-login,KZN,OFF,0
2026-09-11,2026-09-11 08:00,2026-09-11 12:00,ppc_ru_KZN_sr_s-auto_a-all_exp-diff-login,KZN,OFF,0
2026-09-11,2026-09-11 08:00,2026-09-11 12:00,ppc_ru_LED_sr_dsa_a-all_exp-diff-login,LED,ON,1
2026-09-11,2026-09-11 08:00,2026-09-11 12:00,ppc_ru_LED_sr_gen_a-all_exp-diff-login,LED,ON,1
2026-09-11,2026-09-11 08:00,2026-09-11 12:00,ppc_ru_LED_sr_s-auto_a-all_exp-diff-login,LED,ON,1
2026-09-11,2026-09-11 08:00,2026-09-11 12:00,ppc_ru_MOW_sr_dsa_a-all_exp-diff-login,MOW,OFF,0
2026-09-11,2026-09-11 08:00,2026-09-11 12:00,ppc_ru_MOW_sr_gen_a-all_exp-diff-login,MOW,OFF,0
2026-09-11,2026-09-11 08:00,2026-09-11 12:00,ppc_ru_MOW_sr_s-auto_a-all_exp-diff-login,MOW,OFF,0
2026-09-11,2026-09-11 08:00,2026-09-11 12:00,ppc_ru_MOW_sr_s-auto_a-all_exp-diff-login_exp_travel-aud,MOW,OFF,0
2026-09-11,2026-09-11 08:00,2026-09-11 12:00,ppc_ru_OVB_sr_dsa_a-all_exp-diff-login,OVB,ON,1
2026-09-11,2026-09-11 08:00,2026-09-11 12:00,ppc_ru_OVB_sr_gen_a-all_exp-diff-login,OVB,ON,1
2026-09-11,2026-09-11 08:00,2026-09-11 12:00,ppc_ru_SVX_sr_dsa_a-all_exp-diff-login,ural,ON,1
2026-09-11,2026-09-11 08:00,2026-09-11 12:00,ppc_ru_SVX_sr_gen_a-all_exp-diff-login,ural,ON,1
2026-09-11,2026-09-11 08:00,2026-09-11 12:00,ppc_ru_TJM_sr_dsa_a-all_exp-diff-login,ural,ON,1
2026-09-11,2026-09-11 08:00,2026-09-11 12:00,ppc_ru_TJM_sr_gen_a-all_exp-diff-login,ural,ON,1
2026-09-11,2026-09-11 08:00,2026-09-11 12:00,ppc_ru_UFA_sr_dsa_a-all_exp-diff-login,UFA,OFF,0
2026-09-11,2026-09-11 08:00,2026-09-11 12:00,ppc_ru_UFA_sr_gen_a-all_exp-diff-login,UFA,OFF,0
2026-09-11,2026-09-11 08:00,2026-09-11 12:00,ppc_ru_centr_sr_dsa_a-all_exp-diff-login,centr,OFF,0
2026-09-11,2026-09-11 08:00,2026-09-11 12:00,ppc_ru_centr_sr_gen_a-all_exp-diff-login,centr,OFF,0
2026-09-11,2026-09-11 08:00,2026-09-11 12:00,ppc_ru_sibir_sr_dsa_a-all_exp-diff-login,sibir,OFF,0
2026-09-11,2026-09-11 08:00,2026-09-11 12:00,ppc_ru_sibir_sr_gen_a-all_exp-diff-login,sibir,OFF,0
2026-09-11,2026-09-11 08:00,2026-09-11 12:00,ppc_ru_ural_sr_dsa_a-all_exp-diff-login,ural,ON,1
2026-09-11,2026-09-11 08:00,2026-09-11 12:00,ppc_ru_ural_sr_gen_a-all_exp-diff-login,ural,ON,1
2026-09-11,2026-09-11 08:00,2026-09-11 12:00,ppc_ru_ural_sr_s-auto_a-all_exp-diff-login,ural,ON,1
2026-09-11,2026-09-11 12:00,2026-09-11 16:00,ppc_ru_IKT_sr_gen_a-all_exp-diff-login,sibir,ON,1
2026-09-11,2026-09-11 12:00,2026-09-11 16:00,ppc_ru_KJA_sr_dsa_a-all_exp-diff-login,KJA,ON,1
2026-09-11,2026-09-11 12:00,2026-09-11 16:00,ppc_ru_KJA_sr_gen_a-all_exp-diff-login,KJA,ON,1
2026-09-11,2026-09-11 12:00,2026-09-11 16:00,ppc_ru_KRR_sr_dsa_a-all_exp-diff-login,KRR,OFF,0
2026-09-11,2026-09-11 12:00,2026-09-11 16:00,ppc_ru_KRR_sr_gen_a-all_exp-diff-login,KRR,OFF,0
2026-09-11,2026-09-11 12:00,2026-09-11 16:00,ppc_ru_KRR_sr_s-auto_a-all_exp-diff-login,KRR,OFF,0
2026-09-11,2026-09-11 12:00,2026-09-11 16:00,ppc_ru_KVKZ_sr_gen_a-all_exp-diff-login,KVKZ,ON,1
2026-09-11,2026-09-11 12:00,2026-09-11 16:00,ppc_ru_KVKZ_sr_s-auto_a-all_exp-diff-login,KVKZ,ON,1
2026-09-11,2026-09-11 12:00,2026-09-11 16:00,ppc_ru_KZN_sr_gen_a-all_exp-diff-login,KZN,ON,1
2026-09-11,2026-09-11 12:00,2026-09-11 16:00,ppc_ru_KZN_sr_s-auto_a-all_exp-diff-login,KZN,ON,1
2026-09-11,2026-09-11 12:00,2026-09-11 16:00,ppc_ru_LED_sr_dsa_a-all_exp-diff-login,LED,OFF,0
2026-09-11,2026-09-11 12:00,2026-09-11 16:00,ppc_ru_LED_sr_gen_a-all_exp-diff-login,LED,OFF,0
2026-09-11,2026-09-11 12:00,2026-09-11 16:00,ppc_ru_LED_sr_s-auto_a-all_exp-diff-login,LED,OFF,0
2026-09-11,2026-09-11 12:00,2026-09-11 16:00,ppc_ru_MOW_sr_dsa_a-all_exp-diff-login,MOW,OFF,0
2026-09-11,2026-09-11 12:00,2026-09-11 16:00,ppc_ru_MOW_sr_gen_a-all_exp-diff-login,MOW,OFF,0
2026-09-11,2026-09-11 12:00,2026-09-11 16:00,ppc_ru_MOW_sr_s-auto_a-all_exp-diff-login,MOW,OFF,0
2026-09-11,2026-09-11 12:00,2026-09-11 16:00,ppc_ru_MOW_sr_s-auto_a-all_exp-diff-login_exp_travel-aud,MOW,OFF,0
2026-09-11,2026-09-11 12:00,2026-09-11 16:00,ppc_ru_OVB_sr_dsa_a-all_exp-diff-login,OVB,OFF,0
2026-09-11,2026-09-11 12:00,2026-09-11 16:00,ppc_ru_OVB_sr_gen_a-all_exp-diff-login,OVB,OFF,0
2026-09-11,2026-09-11 12:00,2026-09-11 16:00,ppc_ru_SVX_sr_dsa_a-all_exp-diff-login,ural,ON,1
2026-09-11,2026-09-11 12:00,2026-09-11 16:00,ppc_ru_SVX_sr_gen_a-all_exp-diff-login,ural,ON,1
2026-09-11,2026-09-11 12:00,2026-09-11 16:00,ppc_ru_TJM_sr_dsa_a-all_exp-diff-login,ural,ON,1
2026-09-11,2026-09-11 12:00,2026-09-11 16:00,ppc_ru_TJM_sr_gen_a-all_exp-diff-login,ural,ON,1
2026-09-11,2026-09-11 12:00,2026-09-11 16:00,ppc_ru_UFA_sr_dsa_a-all_exp-diff-login,UFA,OFF,0
2026-09-11,2026-09-11 12:00,2026-09-11 16:00,ppc_ru_UFA_sr_gen_a-all_exp-diff-login,UFA,OFF,0
2026-09-11,2026-09-11 12:00,2026-09-11 16:00,ppc_ru_centr_sr_dsa_a-all_exp-diff-login,centr,ON,1
2026-09-11,2026-09-11 12:00,2026-09-11 16:00,ppc_ru_centr_sr_gen_a-all_exp-diff-login,centr,ON,1
2026-09-11,2026-09-11 12:00,2026-09-11 16:00,ppc_ru_sibir_sr_dsa_a-all_exp-diff-login,sibir,ON,1
2026-09-11,2026-09-11 12:00,2026-09-11 16:00,ppc_ru_sibir_sr_gen_a-all_exp-diff-login,sibir,ON,1
2026-09-11,2026-09-11 12:00,2026-09-11 16:00,ppc_ru_ural_sr_dsa_a-all_exp-diff-login,ural,ON,1
2026-09-11,2026-09-11 12:00,2026-09-11 16:00,ppc_ru_ural_sr_gen_a-all_exp-diff-login,ural,ON,1
2026-09-11,2026-09-11 12:00,2026-09-11 16:00,ppc_ru_ural_sr_s-auto_a-all_exp-diff-login,ural,ON,1
2026-09-11,2026-09-11 16:00,2026-09-11 20:00,ppc_ru_IKT_sr_gen_a-all_exp-diff-login,sibir,OFF,0
2026-09-11,2026-09-11 16:00,2026-09-11 20:00,ppc_ru_KJA_sr_dsa_a-all_exp-diff-login,KJA,OFF,0
2026-09-11,2026-09-11 16:00,2026-09-11 20:00,ppc_ru_KJA_sr_gen_a-all_exp-diff-login,KJA,OFF,0
2026-09-11,2026-09-11 16:00,2026-09-11 20:00,ppc_ru_KRR_sr_dsa_a-all_exp-diff-login,KRR,OFF,0
2026-09-11,2026-09-11 16:00,2026-09-11 20:00,ppc_ru_KRR_sr_gen_a-all_exp-diff-login,KRR,OFF,0
2026-09-11,2026-09-11 16:00,2026-09-11 20:00,ppc_ru_KRR_sr_s-auto_a-all_exp-diff-login,KRR,OFF,0
2026-09-11,2026-09-11 16:00,2026-09-11 20:00,ppc_ru_KVKZ_sr_gen_a-all_exp-diff-login,KVKZ,OFF,0
2026-09-11,2026-09-11 16:00,2026-09-11 20:00,ppc_ru_KVKZ_sr_s-auto_a-all_exp-diff-login,KVKZ,OFF,0
2026-09-11,2026-09-11 16:00,2026-09-11 20:00,ppc_ru_KZN_sr_gen_a-all_exp-diff-login,KZN,OFF,0
2026-09-11,2026-09-11 16:00,2026-09-11 20:00,ppc_ru_KZN_sr_s-auto_a-all_exp-diff-login,KZN,OFF,0
2026-09-11,2026-09-11 16:00,2026-09-11 20:00,ppc_ru_LED_sr_dsa_a-all_exp-diff-login,LED,OFF,0
2026-09-11,2026-09-11 16:00,2026-09-11 20:00,ppc_ru_LED_sr_gen_a-all_exp-diff-login,LED,OFF,0
2026-09-11,2026-09-11 16:00,2026-09-11 20:00,ppc_ru_LED_sr_s-auto_a-all_exp-diff-login,LED,OFF,0
2026-09-11,2026-09-11 16:00,2026-09-11 20:00,ppc_ru_MOW_sr_dsa_a-all_exp-diff-login,MOW,ON,1
2026-09-11,2026-09-11 16:00,2026-09-11 20:00,ppc_ru_MOW_sr_gen_a-all_exp-diff-login,MOW,ON,1
2026-09-11,2026-09-11 16:00,2026-09-11 20:00,ppc_ru_MOW_sr_s-auto_a-all_exp-diff-login,MOW,ON,1
2026-09-11,2026-09-11 16:00,2026-09-11 20:00,ppc_ru_MOW_sr_s-auto_a-all_exp-diff-login_exp_travel-aud,MOW,ON,1
2026-09-11,2026-09-11 16:00,2026-09-11 20:00,ppc_ru_OVB_sr_dsa_a-all_exp-diff-login,OVB,OFF,0
2026-09-11,2026-09-11 16:00,2026-09-11 20:00,ppc_ru_OVB_sr_gen_a-all_exp-diff-login,OVB,OFF,0
2026-09-11,2026-09-11 16:00,2026-09-11 20:00,ppc_ru_SVX_sr_dsa_a-all_exp-diff-login,ural,OFF,0
2026-09-11,2026-09-11 16:00,2026-09-11 20:00,ppc_ru_SVX_sr_gen_a-all_exp-diff-login,ural,OFF,0
2026-09-11,2026-09-11 16:00,2026-09-11 20:00,ppc_ru_TJM_sr_dsa_a-all_exp-diff-login,ural,OFF,0
2026-09-11,2026-09-11 16:00,2026-09-11 20:00,ppc_ru_TJM_sr_gen_a-all_exp-diff-login,ural,OFF,0
2026-09-11,2026-09-11 16:00,2026-09-11 20:00,ppc_ru_UFA_sr_dsa_a-all_exp-diff-login,UFA,ON,1
2026-09-11,2026-09-11 16:00,2026-09-11 20:00,ppc_ru_UFA_sr_gen_a-all_exp-diff-login,UFA,ON,1
2026-09-11,2026-09-11 16:00,2026-09-11 20:00,ppc_ru_centr_sr_dsa_a-all_exp-diff-login,centr,ON,1
2026-09-11,2026-09-11 16:00,2026-09-11 20:00,ppc_ru_centr_sr_gen_a-all_exp-diff-login,centr,ON,1
2026-09-11,2026-09-11 16:00,2026-09-11 20:00,ppc_ru_sibir_sr_dsa_a-all_exp-diff-login,sibir,OFF,0
2026-09-11,2026-09-11 16:00,2026-09-11 20:00,ppc_ru_sibir_sr_gen_a-all_exp-diff-login,sibir,OFF,0
2026-09-11,2026-09-11 16:00,2026-09-11 20:00,ppc_ru_ural_sr_dsa_a-all_exp-diff-login,ural,OFF,0
2026-09-11,2026-09-11 16:00,2026-09-11 20:00,ppc_ru_ural_sr_gen_a-all_exp-diff-login,ural,OFF,0
2026-09-11,2026-09-11 16:00,2026-09-11 20:00,ppc_ru_ural_sr_s-auto_a-all_exp-diff-login,ural,OFF,0
2026-09-11,2026-09-11 20:00,2026-09-12 00:00,ppc_ru_IKT_sr_gen_a-all_exp-diff-login,sibir,ON,1
2026-09-11,2026-09-11 20:00,2026-09-12 00:00,ppc_ru_KJA_sr_dsa_a-all_exp-diff-login,KJA,OFF,0
2026-09-11,2026-09-11 20:00,2026-09-12 00:00,ppc_ru_KJA_sr_gen_a-all_exp-diff-login,KJA,OFF,0
2026-09-11,2026-09-11 20:00,2026-09-12 00:00,ppc_ru_KRR_sr_dsa_a-all_exp-diff-login,KRR,ON,1
2026-09-11,2026-09-11 20:00,2026-09-12 00:00,ppc_ru_KRR_sr_gen_a-all_exp-diff-login,KRR,ON,1
2026-09-11,2026-09-11 20:00,2026-09-12 00:00,ppc_ru_KRR_sr_s-auto_a-all_exp-diff-login,KRR,ON,1
2026-09-11,2026-09-11 20:00,2026-09-12 00:00,ppc_ru_KVKZ_sr_gen_a-all_exp-diff-login,KVKZ,OFF,0
2026-09-11,2026-09-11 20:00,2026-09-12 00:00,ppc_ru_KVKZ_sr_s-auto_a-all_exp-diff-login,KVKZ,OFF,0
2026-09-11,2026-09-11 20:00,2026-09-12 00:00,ppc_ru_KZN_sr_gen_a-all_exp-diff-login,KZN,ON,1
2026-09-11,2026-09-11 20:00,2026-09-12 00:00,ppc_ru_KZN_sr_s-auto_a-all_exp-diff-login,KZN,ON,1
2026-09-11,2026-09-11 20:00,2026-09-12 00:00,ppc_ru_LED_sr_dsa_a-all_exp-diff-login,LED,OFF,0
2026-09-11,2026-09-11 20:00,2026-09-12 00:00,ppc_ru_LED_sr_gen_a-all_exp-diff-login,LED,OFF,0
2026-09-11,2026-09-11 20:00,2026-09-12 00:00,ppc_ru_LED_sr_s-auto_a-all_exp-diff-login,LED,OFF,0
2026-09-11,2026-09-11 20:00,2026-09-12 00:00,ppc_ru_MOW_sr_dsa_a-all_exp-diff-login,MOW,ON,1
2026-09-11,2026-09-11 20:00,2026-09-12 00:00,ppc_ru_MOW_sr_gen_a-all_exp-diff-login,MOW,ON,1
2026-09-11,2026-09-11 20:00,2026-09-12 00:00,ppc_ru_MOW_sr_s-auto_a-all_exp-diff-login,MOW,ON,1
2026-09-11,2026-09-11 20:00,2026-09-12 00:00,ppc_ru_MOW_sr_s-auto_a-all_exp-diff-login_exp_travel-aud,MOW,ON,1
2026-09-11,2026-09-11 20:00,2026-09-12 00:00,ppc_ru_OVB_sr_dsa_a-all_exp-diff-login,OVB,ON,1
2026-09-11,2026-09-11 20:00,2026-09-12 00:00,ppc_ru_OVB_sr_gen_a-all_exp-diff-login,OVB,ON,1
2026-09-11,2026-09-11 20:00,2026-09-12 00:00,ppc_ru_SVX_sr_dsa_a-all_exp-diff-login,ural,ON,1
2026-09-11,2026-09-11 20:00,2026-09-12 00:00,ppc_ru_SVX_sr_gen_a-all_exp-diff-login,ural,ON,1
2026-09-11,2026-09-11 20:00,2026-09-12 00:00,ppc_ru_TJM_sr_dsa_a-all_exp-diff-login,ural,ON,1
2026-09-11,2026-09-11 20:00,2026-09-12 00:00,ppc_ru_TJM_sr_gen_a-all_exp-diff-login,ural,ON,1
2026-09-11,2026-09-11 20:00,2026-09-12 00:00,ppc_ru_UFA_sr_dsa_a-all_exp-diff-login,UFA,ON,1
2026-09-11,2026-09-11 20:00,2026-09-12 00:00,ppc_ru_UFA_sr_gen_a-all_exp-diff-login,UFA,ON,1
2026-09-11,2026-09-11 20:00,2026-09-12 00:00,ppc_ru_centr_sr_dsa_a-all_exp-diff-login,centr,ON,1
2026-09-11,2026-09-11 20:00,2026-09-12 00:00,ppc_ru_centr_sr_gen_a-all_exp-diff-login,centr,ON,1
2026-09-11,2026-09-11 20:00,2026-09-12 00:00,ppc_ru_sibir_sr_dsa_a-all_exp-diff-login,sibir,ON,1
2026-09-11,2026-09-11 20:00,2026-09-12 00:00,ppc_ru_sibir_sr_gen_a-all_exp-diff-login,sibir,ON,1
2026-09-11,2026-09-11 20:00,2026-09-12 00:00,ppc_ru_ural_sr_dsa_a-all_exp-diff-login,ural,ON,1
2026-09-11,2026-09-11 20:00,2026-09-12 00:00,ppc_ru_ural_sr_gen_a-all_exp-diff-login,ural,ON,1
2026-09-11,2026-09-11 20:00,2026-09-12 00:00,ppc_ru_ural_sr_s-auto_a-all_exp-diff-login,ural,ON,1
2026-09-12,2026-09-12 00:00,2026-09-12 04:00,ppc_ru_IKT_sr_gen_a-all_exp-diff-login,sibir,OFF,0
2026-09-12,2026-09-12 00:00,2026-09-12 04:00,ppc_ru_KJA_sr_dsa_a-all_exp-diff-login,KJA,ON,1
2026-09-12,2026-09-12 00:00,2026-09-12 04:00,ppc_ru_KJA_sr_gen_a-all_exp-diff-login,KJA,ON,1
2026-09-12,2026-09-12 00:00,2026-09-12 04:00,ppc_ru_KRR_sr_dsa_a-all_exp-diff-login,KRR,ON,1
2026-09-12,2026-09-12 00:00,2026-09-12 04:00,ppc_ru_KRR_sr_gen_a-all_exp-diff-login,KRR,ON,1
2026-09-12,2026-09-12 00:00,2026-09-12 04:00,ppc_ru_KRR_sr_s-auto_a-all_exp-diff-login,KRR,ON,1
2026-09-12,2026-09-12 00:00,2026-09-12 04:00,ppc_ru_KVKZ_sr_gen_a-all_exp-diff-login,KVKZ,ON,1
2026-09-12,2026-09-12 00:00,2026-09-12 04:00,ppc_ru_KVKZ_sr_s-auto_a-all_exp-diff-login,KVKZ,ON,1
2026-09-12,2026-09-12 00:00,2026-09-12 04:00,ppc_ru_KZN_sr_gen_a-all_exp-diff-login,KZN,ON,1
2026-09-12,2026-09-12 00:00,2026-09-12 04:00,ppc_ru_KZN_sr_s-auto_a-all_exp-diff-login,KZN,ON,1
2026-09-12,2026-09-12 00:00,2026-09-12 04:00,ppc_ru_LED_sr_dsa_a-all_exp-diff-login,LED,ON,1
2026-09-12,2026-09-12 00:00,2026-09-12 04:00,ppc_ru_LED_sr_gen_a-all_exp-diff-login,LED,ON,1
2026-09-12,2026-09-12 00:00,2026-09-12 04:00,ppc_ru_LED_sr_s-auto_a-all_exp-diff-login,LED,ON,1
2026-09-12,2026-09-12 00:00,2026-09-12 04:00,ppc_ru_MOW_sr_dsa_a-all_exp-diff-login,MOW,OFF,0
2026-09-12,2026-09-12 00:00,2026-09-12 04:00,ppc_ru_MOW_sr_gen_a-all_exp-diff-login,MOW,OFF,0
2026-09-12,2026-09-12 00:00,2026-09-12 04:00,ppc_ru_MOW_sr_s-auto_a-all_exp-diff-login,MOW,OFF,0
2026-09-12,2026-09-12 00:00,2026-09-12 04:00,ppc_ru_MOW_sr_s-auto_a-all_exp-diff-login_exp_travel-aud,MOW,OFF,0
2026-09-12,2026-09-12 00:00,2026-09-12 04:00,ppc_ru_OVB_sr_dsa_a-all_exp-diff-login,OVB,OFF,0
2026-09-12,2026-09-12 00:00,2026-09-12 04:00,ppc_ru_OVB_sr_gen_a-all_exp-diff-login,OVB,OFF,0
2026-09-12,2026-09-12 00:00,2026-09-12 04:00,ppc_ru_SVX_sr_dsa_a-all_exp-diff-login,ural,OFF,0
2026-09-12,2026-09-12 00:00,2026-09-12 04:00,ppc_ru_SVX_sr_gen_a-all_exp-diff-login,ural,OFF,0
2026-09-12,2026-09-12 00:00,2026-09-12 04:00,ppc_ru_TJM_sr_dsa_a-all_exp-diff-login,ural,OFF,0
2026-09-12,2026-09-12 00:00,2026-09-12 04:00,ppc_ru_TJM_sr_gen_a-all_exp-diff-login,ural,OFF,0
2026-09-12,2026-09-12 00:00,2026-09-12 04:00,ppc_ru_UFA_sr_dsa_a-all_exp-diff-login,UFA,OFF,0
2026-09-12,2026-09-12 00:00,2026-09-12 04:00,ppc_ru_UFA_sr_gen_a-all_exp-diff-login,UFA,OFF,0
2026-09-12,2026-09-12 00:00,2026-09-12 04:00,ppc_ru_centr_sr_dsa_a-all_exp-diff-login,centr,ON,1
2026-09-12,2026-09-12 00:00,2026-09-12 04:00,ppc_ru_centr_sr_gen_a-all_exp-diff-login,centr,ON,1
2026-09-12,2026-09-12 00:00,2026-09-12 04:00,ppc_ru_sibir_sr_dsa_a-all_exp-diff-login,sibir,OFF,0
2026-09-12,2026-09-12 00:00,2026-09-12 04:00,ppc_ru_sibir_sr_gen_a-all_exp-diff-login,sibir,OFF,0
2026-09-12,2026-09-12 00:00,2026-09-12 04:00,ppc_ru_ural_sr_dsa_a-all_exp-diff-login,ural,OFF,0
2026-09-12,2026-09-12 00:00,2026-09-12 04:00,ppc_ru_ural_sr_gen_a-all_exp-diff-login,ural,OFF,0
2026-09-12,2026-09-12 00:00,2026-09-12 04:00,ppc_ru_ural_sr_s-auto_a-all_exp-diff-login,ural,OFF,0
2026-09-12,2026-09-12 04:00,2026-09-12 08:00,ppc_ru_IKT_sr_gen_a-all_exp-diff-login,sibir,ON,1
2026-09-12,2026-09-12 04:00,2026-09-12 08:00,ppc_ru_KJA_sr_dsa_a-all_exp-diff-login,KJA,ON,1
2026-09-12,2026-09-12 04:00,2026-09-12 08:00,ppc_ru_KJA_sr_gen_a-all_exp-diff-login,KJA,ON,1
2026-09-12,2026-09-12 04:00,2026-09-12 08:00,ppc_ru_KRR_sr_dsa_a-all_exp-diff-login,KRR,ON,1
2026-09-12,2026-09-12 04:00,2026-09-12 08:00,ppc_ru_KRR_sr_gen_a-all_exp-diff-login,KRR,ON,1
2026-09-12,2026-09-12 04:00,2026-09-12 08:00,ppc_ru_KRR_sr_s-auto_a-all_exp-diff-login,KRR,ON,1
2026-09-12,2026-09-12 04:00,2026-09-12 08:00,ppc_ru_KVKZ_sr_gen_a-all_exp-diff-login,KVKZ,ON,1
2026-09-12,2026-09-12 04:00,2026-09-12 08:00,ppc_ru_KVKZ_sr_s-auto_a-all_exp-diff-login,KVKZ,ON,1
2026-09-12,2026-09-12 04:00,2026-09-12 08:00,ppc_ru_KZN_sr_gen_a-all_exp-diff-login,KZN,OFF,0
2026-09-12,2026-09-12 04:00,2026-09-12 08:00,ppc_ru_KZN_sr_s-auto_a-all_exp-diff-login,KZN,OFF,0
2026-09-12,2026-09-12 04:00,2026-09-12 08:00,ppc_ru_LED_sr_dsa_a-all_exp-diff-login,LED,OFF,0
2026-09-12,2026-09-12 04:00,2026-09-12 08:00,ppc_ru_LED_sr_gen_a-all_exp-diff-login,LED,OFF,0
2026-09-12,2026-09-12 04:00,2026-09-12 08:00,ppc_ru_LED_sr_s-auto_a-all_exp-diff-login,LED,OFF,0
2026-09-12,2026-09-12 04:00,2026-09-12 08:00,ppc_ru_MOW_sr_dsa_a-all_exp-diff-login,MOW,OFF,0
2026-09-12,2026-09-12 04:00,2026-09-12 08:00,ppc_ru_MOW_sr_gen_a-all_exp-diff-login,MOW,OFF,0
2026-09-12,2026-09-12 04:00,2026-09-12 08:00,ppc_ru_MOW_sr_s-auto_a-all_exp-diff-login,MOW,OFF,0
2026-09-12,2026-09-12 04:00,2026-09-12 08:00,ppc_ru_MOW_sr_s-auto_a-all_exp-diff-login_exp_travel-aud,MOW,OFF,0
2026-09-12,2026-09-12 04:00,2026-09-12 08:00,ppc_ru_OVB_sr_dsa_a-all_exp-diff-login,OVB,OFF,0
2026-09-12,2026-09-12 04:00,2026-09-12 08:00,ppc_ru_OVB_sr_gen_a-all_exp-diff-login,OVB,OFF,0
2026-09-12,2026-09-12 04:00,2026-09-12 08:00,ppc_ru_SVX_sr_dsa_a-all_exp-diff-login,ural,OFF,0
2026-09-12,2026-09-12 04:00,2026-09-12 08:00,ppc_ru_SVX_sr_gen_a-all_exp-diff-login,ural,OFF,0
2026-09-12,2026-09-12 04:00,2026-09-12 08:00,ppc_ru_TJM_sr_dsa_a-all_exp-diff-login,ural,OFF,0
2026-09-12,2026-09-12 04:00,2026-09-12 08:00,ppc_ru_TJM_sr_gen_a-all_exp-diff-login,ural,OFF,0
2026-09-12,2026-09-12 04:00,2026-09-12 08:00,ppc_ru_UFA_sr_dsa_a-all_exp-diff-login,UFA,OFF,0
2026-09-12,2026-09-12 04:00,2026-09-12 08:00,ppc_ru_UFA_sr_gen_a-all_exp-diff-login,UFA,OFF,0
2026-09-12,2026-09-12 04:00,2026-09-12 08:00,ppc_ru_centr_sr_dsa_a-all_exp-diff-login,centr,ON,1
2026-09-12,2026-09-12 04:00,2026-09-12 08:00,ppc_ru_centr_sr_gen_a-all_exp-diff-login,centr,ON,1
2026-09-12,2026-09-12 04:00,2026-09-12 08:00,ppc_ru_sibir_sr_dsa_a-all_exp-diff-login,sibir,ON,1
2026-09-12,2026-09-12 04:00,2026-09-12 08:00,ppc_ru_sibir_sr_gen_a-all_exp-diff-login,sibir,ON,1
2026-09-12,2026-09-12 04:00,2026-09-12 08:00,ppc_ru_ural_sr_dsa_a-all_exp-diff-login,ural,OFF,0
2026-09-12,2026-09-12 04:00,2026-09-12 08:00,ppc_ru_ural_sr_gen_a-all_exp-diff-login,ural,OFF,0
2026-09-12,2026-09-12 04:00,2026-09-12 08:00,ppc_ru_ural_sr_s-auto_a-all_exp-diff-login,ural,OFF,0
2026-09-12,2026-09-12 08:00,2026-09-12 12:00,ppc_ru_IKT_sr_gen_a-all_exp-diff-login,sibir,ON,1
2026-09-12,2026-09-12 08:00,2026-09-12 12:00,ppc_ru_KJA_sr_dsa_a-all_exp-diff-login,KJA,ON,1
2026-09-12,2026-09-12 08:00,2026-09-12 12:00,ppc_ru_KJA_sr_gen_a-all_exp-diff-login,KJA,ON,1
2026-09-12,2026-09-12 08:00,2026-09-12 12:00,ppc_ru_KRR_sr_dsa_a-all_exp-diff-login,KRR,ON,1
2026-09-12,2026-09-12 08:00,2026-09-12 12:00,ppc_ru_KRR_sr_gen_a-all_exp-diff-login,KRR,ON,1
2026-09-12,2026-09-12 08:00,2026-09-12 12:00,ppc_ru_KRR_sr_s-auto_a-all_exp-diff-login,KRR,ON,1
2026-09-12,2026-09-12 08:00,2026-09-12 12:00,ppc_ru_KVKZ_sr_gen_a-all_exp-diff-login,KVKZ,OFF,0
2026-09-12,2026-09-12 08:00,2026-09-12 12:00,ppc_ru_KVKZ_sr_s-auto_a-all_exp-diff-login,KVKZ,OFF,0
2026-09-12,2026-09-12 08:00,2026-09-12 12:00,ppc_ru_KZN_sr_gen_a-all_exp-diff-login,KZN,ON,1
2026-09-12,2026-09-12 08:00,2026-09-12 12:00,ppc_ru_KZN_sr_s-auto_a-all_exp-diff-login,KZN,ON,1
2026-09-12,2026-09-12 08:00,2026-09-12 12:00,ppc_ru_LED_sr_dsa_a-all_exp-diff-login,LED,ON,1
2026-09-12,2026-09-12 08:00,2026-09-12 12:00,ppc_ru_LED_sr_gen_a-all_exp-diff-login,LED,ON,1
2026-09-12,2026-09-12 08:00,2026-09-12 12:00,ppc_ru_LED_sr_s-auto_a-all_exp-diff-login,LED,ON,1
2026-09-12,2026-09-12 08:00,2026-09-12 12:00,ppc_ru_MOW_sr_dsa_a-all_exp-diff-login,MOW,ON,1
2026-09-12,2026-09-12 08:00,2026-09-12 12:00,ppc_ru_MOW_sr_gen_a-all_exp-diff-login,MOW,ON,1
2026-09-12,2026-09-12 08:00,2026-09-12 12:00,ppc_ru_MOW_sr_s-auto_a-all_exp-diff-login,MOW,ON,1
2026-09-12,2026-09-12 08:00,2026-09-12 12:00,ppc_ru_MOW_sr_s-auto_a-all_exp-diff-login_exp_travel-aud,MOW,ON,1
2026-09-12,2026-09-12 08:00,2026-09-12 12:00,ppc_ru_OVB_sr_dsa_a-all_exp-diff-login,OVB,ON,1
2026-09-12,2026-09-12 08:00,2026-09-12 12:00,ppc_ru_OVB_sr_gen_a-all_exp-diff-login,OVB,ON,1
2026-09-12,2026-09-12 08:00,2026-09-12 12:00,ppc_ru_SVX_sr_dsa_a-all_exp-diff-login,ural,ON,1
2026-09-12,2026-09-12 08:00,2026-09-12 12:00,ppc_ru_SVX_sr_gen_a-all_exp-diff-login,ural,ON,1
2026-09-12,2026-09-12 08:00,2026-09-12 12:00,ppc_ru_TJM_sr_dsa_a-all_exp-diff-login,ural,ON,1
2026-09-12,2026-09-12 08:00,2026-09-12 12:00,ppc_ru_TJM_sr_gen_a-all_exp-diff-login,ural,ON,1
2026-09-12,2026-09-12 08:00,2026-09-12 12:00,ppc_ru_UFA_sr_dsa_a-all_exp-diff-login,UFA,ON,1
2026-09-12,2026-09-12 08:00,2026-09-12 12:00,ppc_ru_UFA_sr_gen_a-all_exp-diff-login,UFA,ON,1
2026-09-12,2026-09-12 08:00,2026-09-12 12:00,ppc_ru_centr_sr_dsa_a-all_exp-diff-login,centr,OFF,0
2026-09-12,2026-09-12 08:00,2026-09-12 12:00,ppc_ru_centr_sr_gen_a-all_exp-diff-login,centr,OFF,0
2026-09-12,2026-09-12 08:00,2026-09-12 12:00,ppc_ru_sibir_sr_dsa_a-all_exp-diff-login,sibir,ON,1
2026-09-12,2026-09-12 08:00,2026-09-12 12:00,ppc_ru_sibir_sr_gen_a-all_exp-diff-login,sibir,ON,1
2026-09-12,2026-09-12 08:00,2026-09-12 12:00,ppc_ru_ural_sr_dsa_a-all_exp-diff-login,ural,ON,1
2026-09-12,2026-09-12 08:00,2026-09-12 12:00,ppc_ru_ural_sr_gen_a-all_exp-diff-login,ural,ON,1
2026-09-12,2026-09-12 08:00,2026-09-12 12:00,ppc_ru_ural_sr_s-auto_a-all_exp-diff-login,ural,ON,1
2026-09-12,2026-09-12 12:00,2026-09-12 16:00,ppc_ru_IKT_sr_gen_a-all_exp-diff-login,sibir,OFF,0
2026-09-12,2026-09-12 12:00,2026-09-12 16:00,ppc_ru_KJA_sr_dsa_a-all_exp-diff-login,KJA,OFF,0
2026-09-12,2026-09-12 12:00,2026-09-12 16:00,ppc_ru_KJA_sr_gen_a-all_exp-diff-login,KJA,OFF,0
2026-09-12,2026-09-12 12:00,2026-09-12 16:00,ppc_ru_KRR_sr_dsa_a-all_exp-diff-login,KRR,OFF,0
2026-09-12,2026-09-12 12:00,2026-09-12 16:00,ppc_ru_KRR_sr_gen_a-all_exp-diff-login,KRR,OFF,0
2026-09-12,2026-09-12 12:00,2026-09-12 16:00,ppc_ru_KRR_sr_s-auto_a-all_exp-diff-login,KRR,OFF,0
2026-09-12,2026-09-12 12:00,2026-09-12 16:00,ppc_ru_KVKZ_sr_gen_a-all_exp-diff-login,KVKZ,OFF,0
2026-09-12,2026-09-12 12:00,2026-09-12 16:00,ppc_ru_KVKZ_sr_s-auto_a-all_exp-diff-login,KVKZ,OFF,0
2026-09-12,2026-09-12 12:00,2026-09-12 16:00,ppc_ru_KZN_sr_gen_a-all_exp-diff-login,KZN,OFF,0
2026-09-12,2026-09-12 12:00,2026-09-12 16:00,ppc_ru_KZN_sr_s-auto_a-all_exp-diff-login,KZN,OFF,0
2026-09-12,2026-09-12 12:00,2026-09-12 16:00,ppc_ru_LED_sr_dsa_a-all_exp-diff-login,LED,ON,1
2026-09-12,2026-09-12 12:00,2026-09-12 16:00,ppc_ru_LED_sr_gen_a-all_exp-diff-login,LED,ON,1
2026-09-12,2026-09-12 12:00,2026-09-12 16:00,ppc_ru_LED_sr_s-auto_a-all_exp-diff-login,LED,ON,1
2026-09-12,2026-09-12 12:00,2026-09-12 16:00,ppc_ru_MOW_sr_dsa_a-all_exp-diff-login,MOW,ON,1
2026-09-12,2026-09-12 12:00,2026-09-12 16:00,ppc_ru_MOW_sr_gen_a-all_exp-diff-login,MOW,ON,1
2026-09-12,2026-09-12 12:00,2026-09-12 16:00,ppc_ru_MOW_sr_s-auto_a-all_exp-diff-login,MOW,ON,1
2026-09-12,2026-09-12 12:00,2026-09-12 16:00,ppc_ru_MOW_sr_s-auto_a-all_exp-diff-login_exp_travel-aud,MOW,ON,1
2026-09-12,2026-09-12 12:00,2026-09-12 16:00,ppc_ru_OVB_sr_dsa_a-all_exp-diff-login,OVB,OFF,0
2026-09-12,2026-09-12 12:00,2026-09-12 16:00,ppc_ru_OVB_sr_gen_a-all_exp-diff-login,OVB,OFF,0
2026-09-12,2026-09-12 12:00,2026-09-12 16:00,ppc_ru_SVX_sr_dsa_a-all_exp-diff-login,ural,ON,1
2026-09-12,2026-09-12 12:00,2026-09-12 16:00,ppc_ru_SVX_sr_gen_a-all_exp-diff-login,ural,ON,1
2026-09-12,2026-09-12 12:00,2026-09-12 16:00,ppc_ru_TJM_sr_dsa_a-all_exp-diff-login,ural,ON,1
2026-09-12,2026-09-12 12:00,2026-09-12 16:00,ppc_ru_TJM_sr_gen_a-all_exp-diff-login,ural,ON,1
2026-09-12,2026-09-12 12:00,2026-09-12 16:00,ppc_ru_UFA_sr_dsa_a-all_exp-diff-login,UFA,ON,1
2026-09-12,2026-09-12 12:00,2026-09-12 16:00,ppc_ru_UFA_sr_gen_a-all_exp-diff-login,UFA,ON,1
2026-09-12,2026-09-12 12:00,2026-09-12 16:00,ppc_ru_centr_sr_dsa_a-all_exp-diff-login,centr,ON,1
2026-09-12,2026-09-12 12:00,2026-09-12 16:00,ppc_ru_centr_sr_gen_a-all_exp-diff-login,centr,ON,1
2026-09-12,2026-09-12 12:00,2026-09-12 16:00,ppc_ru_sibir_sr_dsa_a-all_exp-diff-login,sibir,OFF,0
2026-09-12,2026-09-12 12:00,2026-09-12 16:00,ppc_ru_sibir_sr_gen_a-all_exp-diff-login,sibir,OFF,0
2026-09-12,2026-09-12 12:00,2026-09-12 16:00,ppc_ru_ural_sr_dsa_a-all_exp-diff-login,ural,ON,1
2026-09-12,2026-09-12 12:00,2026-09-12 16:00,ppc_ru_ural_sr_gen_a-all_exp-diff-login,ural,ON,1
2026-09-12,2026-09-12 12:00,2026-09-12 16:00,ppc_ru_ural_sr_s-auto_a-all_exp-diff-login,ural,ON,1
2026-09-12,2026-09-12 16:00,2026-09-12 20:00,ppc_ru_IKT_sr_gen_a-all_exp-diff-login,sibir,OFF,0
2026-09-12,2026-09-12 16:00,2026-09-12 20:00,ppc_ru_KJA_sr_dsa_a-all_exp-diff-login,KJA,OFF,0
2026-09-12,2026-09-12 16:00,2026-09-12 20:00,ppc_ru_KJA_sr_gen_a-all_exp-diff-login,KJA,OFF,0
2026-09-12,2026-09-12 16:00,2026-09-12 20:00,ppc_ru_KRR_sr_dsa_a-all_exp-diff-login,KRR,OFF,0
2026-09-12,2026-09-12 16:00,2026-09-12 20:00,ppc_ru_KRR_sr_gen_a-all_exp-diff-login,KRR,OFF,0
2026-09-12,2026-09-12 16:00,2026-09-12 20:00,ppc_ru_KRR_sr_s-auto_a-all_exp-diff-login,KRR,OFF,0
2026-09-12,2026-09-12 16:00,2026-09-12 20:00,ppc_ru_KVKZ_sr_gen_a-all_exp-diff-login,KVKZ,OFF,0
2026-09-12,2026-09-12 16:00,2026-09-12 20:00,ppc_ru_KVKZ_sr_s-auto_a-all_exp-diff-login,KVKZ,OFF,0
2026-09-12,2026-09-12 16:00,2026-09-12 20:00,ppc_ru_KZN_sr_gen_a-all_exp-diff-login,KZN,OFF,0
2026-09-12,2026-09-12 16:00,2026-09-12 20:00,ppc_ru_KZN_sr_s-auto_a-all_exp-diff-login,KZN,OFF,0
2026-09-12,2026-09-12 16:00,2026-09-12 20:00,ppc_ru_LED_sr_dsa_a-all_exp-diff-login,LED,OFF,0
2026-09-12,2026-09-12 16:00,2026-09-12 20:00,ppc_ru_LED_sr_gen_a-all_exp-diff-login,LED,OFF,0
2026-09-12,2026-09-12 16:00,2026-09-12 20:00,ppc_ru_LED_sr_s-auto_a-all_exp-diff-login,LED,OFF,0
2026-09-12,2026-09-12 16:00,2026-09-12 20:00,ppc_ru_MOW_sr_dsa_a-all_exp-diff-login,MOW,OFF,0
2026-09-12,2026-09-12 16:00,2026-09-12 20:00,ppc_ru_MOW_sr_gen_a-all_exp-diff-login,MOW,OFF,0
2026-09-12,2026-09-12 16:00,2026-09-12 20:00,ppc_ru_MOW_sr_s-auto_a-all_exp-diff-login,MOW,OFF,0
2026-09-12,2026-09-12 16:00,2026-09-12 20:00,ppc_ru_MOW_sr_s-auto_a-all_exp-diff-login_exp_travel-aud,MOW,OFF,0
2026-09-12,2026-09-12 16:00,2026-09-12 20:00,ppc_ru_OVB_sr_dsa_a-all_exp-diff-login,OVB,ON,1
2026-09-12,2026-09-12 16:00,2026-09-12 20:00,ppc_ru_OVB_sr_gen_a-all_exp-diff-login,OVB,ON,1
2026-09-12,2026-09-12 16:00,2026-09-12 20:00,ppc_ru_SVX_sr_dsa_a-all_exp-diff-login,ural,ON,1
2026-09-12,2026-09-12 16:00,2026-09-12 20:00,ppc_ru_SVX_sr_gen_a-all_exp-diff-login,ural,ON,1
2026-09-12,2026-09-12 16:00,2026-09-12 20:00,ppc_ru_TJM_sr_dsa_a-all_exp-diff-login,ural,ON,1
2026-09-12,2026-09-12 16:00,2026-09-12 20:00,ppc_ru_TJM_sr_gen_a-all_exp-diff-login,ural,ON,1
2026-09-12,2026-09-12 16:00,2026-09-12 20:00,ppc_ru_UFA_sr_dsa_a-all_exp-diff-login,UFA,OFF,0
2026-09-12,2026-09-12 16:00,2026-09-12 20:00,ppc_ru_UFA_sr_gen_a-all_exp-diff-login,UFA,OFF,0
2026-09-12,2026-09-12 16:00,2026-09-12 20:00,ppc_ru_centr_sr_dsa_a-all_exp-diff-login,centr,OFF,0
2026-09-12,2026-09-12 16:00,2026-09-12 20:00,ppc_ru_centr_sr_gen_a-all_exp-diff-login,centr,OFF,0
2026-09-12,2026-09-12 16:00,2026-09-12 20:00,ppc_ru_sibir_sr_dsa_a-all_exp-diff-login,sibir,OFF,0
2026-09-12,2026-09-12 16:00,2026-09-12 20:00,ppc_ru_sibir_sr_gen_a-all_exp-diff-login,sibir,OFF,0
2026-09-12,2026-09-12 16:00,2026-09-12 20:00,ppc_ru_ural_sr_dsa_a-all_exp-diff-login,ural,ON,1
2026-09-12,2026-09-12 16:00,2026-09-12 20:00,ppc_ru_ural_sr_gen_a-all_exp-diff-login,ural,ON,1
2026-09-12,2026-09-12 16:00,2026-09-12 20:00,ppc_ru_ural_sr_s-auto_a-all_exp-diff-login,ural,ON,1
2026-09-12,2026-09-12 20:00,2026-09-13 00:00,ppc_ru_IKT_sr_gen_a-all_exp-diff-login,sibir,ON,1
2026-09-12,2026-09-12 20:00,2026-09-13 00:00,ppc_ru_KJA_sr_dsa_a-all_exp-diff-login,KJA,OFF,0
2026-09-12,2026-09-12 20:00,2026-09-13 00:00,ppc_ru_KJA_sr_gen_a-all_exp-diff-login,KJA,OFF,0
2026-09-12,2026-09-12 20:00,2026-09-13 00:00,ppc_ru_KRR_sr_dsa_a-all_exp-diff-login,KRR,OFF,0
2026-09-12,2026-09-12 20:00,2026-09-13 00:00,ppc_ru_KRR_sr_gen_a-all_exp-diff-login,KRR,OFF,0
2026-09-12,2026-09-12 20:00,2026-09-13 00:00,ppc_ru_KRR_sr_s-auto_a-all_exp-diff-login,KRR,OFF,0
2026-09-12,2026-09-12 20:00,2026-09-13 00:00,ppc_ru_KVKZ_sr_gen_a-all_exp-diff-login,KVKZ,ON,1
2026-09-12,2026-09-12 20:00,2026-09-13 00:00,ppc_ru_KVKZ_sr_s-auto_a-all_exp-diff-login,KVKZ,ON,1
2026-09-12,2026-09-12 20:00,2026-09-13 00:00,ppc_ru_KZN_sr_gen_a-all_exp-diff-login,KZN,ON,1
2026-09-12,2026-09-12 20:00,2026-09-13 00:00,ppc_ru_KZN_sr_s-auto_a-all_exp-diff-login,KZN,ON,1
2026-09-12,2026-09-12 20:00,2026-09-13 00:00,ppc_ru_LED_sr_dsa_a-all_exp-diff-login,LED,OFF,0
2026-09-12,2026-09-12 20:00,2026-09-13 00:00,ppc_ru_LED_sr_gen_a-all_exp-diff-login,LED,OFF,0
2026-09-12,2026-09-12 20:00,2026-09-13 00:00,ppc_ru_LED_sr_s-auto_a-all_exp-diff-login,LED,OFF,0
2026-09-12,2026-09-12 20:00,2026-09-13 00:00,ppc_ru_MOW_sr_dsa_a-all_exp-diff-login,MOW,ON,1
2026-09-12,2026-09-12 20:00,2026-09-13 00:00,ppc_ru_MOW_sr_gen_a-all_exp-diff-login,MOW,ON,1
2026-09-12,2026-09-12 20:00,2026-09-13 00:00,ppc_ru_MOW_sr_s-auto_a-all_exp-diff-login,MOW,ON,1
2026-09-12,2026-09-12 20:00,2026-09-13 00:00,ppc_ru_MOW_sr_s-auto_a-all_exp-diff-login_exp_travel-aud,MOW,ON,1
2026-09-12,2026-09-12 20:00,2026-09-13 00:00,ppc_ru_OVB_sr_dsa_a-all_exp-diff-login,OVB,ON,1
2026-09-12,2026-09-12 20:00,2026-09-13 00:00,ppc_ru_OVB_sr_gen_a-all_exp-diff-login,OVB,ON,1
2026-09-12,2026-09-12 20:00,2026-09-13 00:00,ppc_ru_SVX_sr_dsa_a-all_exp-diff-login,ural,OFF,0
2026-09-12,2026-09-12 20:00,2026-09-13 00:00,ppc_ru_SVX_sr_gen_a-all_exp-diff-login,ural,OFF,0
2026-09-12,2026-09-12 20:00,2026-09-13 00:00,ppc_ru_TJM_sr_dsa_a-all_exp-diff-login,ural,OFF,0
2026-09-12,2026-09-12 20:00,2026-09-13 00:00,ppc_ru_TJM_sr_gen_a-all_exp-diff-login,ural,OFF,0
2026-09-12,2026-09-12 20:00,2026-09-13 00:00,ppc_ru_UFA_sr_dsa_a-all_exp-diff-login,UFA,ON,1
2026-09-12,2026-09-12 20:00,2026-09-13 00:00,ppc_ru_UFA_sr_gen_a-all_exp-diff-login,UFA,ON,1
2026-09-12,2026-09-12 20:00,2026-09-13 00:00,ppc_ru_centr_sr_dsa_a-all_exp-diff-login,centr,OFF,0
2026-09-12,2026-09-12 20:00,2026-09-13 00:00,ppc_ru_centr_sr_gen_a-all_exp-diff-login,centr,OFF,0
2026-09-12,2026-09-12 20:00,2026-09-13 00:00,ppc_ru_sibir_sr_dsa_a-all_exp-diff-login,sibir,ON,1
2026-09-12,2026-09-12 20:00,2026-09-13 00:00,ppc_ru_sibir_sr_gen_a-all_exp-diff-login,sibir,ON,1
2026-09-12,2026-09-12 20:00,2026-09-13 00:00,ppc_ru_ural_sr_dsa_a-all_exp-diff-login,ural,OFF,0
2026-09-12,2026-09-12 20:00,2026-09-13 00:00,ppc_ru_ural_sr_gen_a-all_exp-diff-login,ural,OFF,0
2026-09-12,2026-09-12 20:00,2026-09-13 00:00,ppc_ru_ural_sr_s-auto_a-all_exp-diff-login,ural,OFF,0
2026-09-13,2026-09-13 00:00,2026-09-13 04:00,ppc_ru_IKT_sr_gen_a-all_exp-diff-login,sibir,ON,1
2026-09-13,2026-09-13 00:00,2026-09-13 04:00,ppc_ru_KJA_sr_dsa_a-all_exp-diff-login,KJA,OFF,0
2026-09-13,2026-09-13 00:00,2026-09-13 04:00,ppc_ru_KJA_sr_gen_a-all_exp-diff-login,KJA,OFF,0
2026-09-13,2026-09-13 00:00,2026-09-13 04:00,ppc_ru_KRR_sr_dsa_a-all_exp-diff-login,KRR,OFF,0
2026-09-13,2026-09-13 00:00,2026-09-13 04:00,ppc_ru_KRR_sr_gen_a-all_exp-diff-login,KRR,OFF,0
2026-09-13,2026-09-13 00:00,2026-09-13 04:00,ppc_ru_KRR_sr_s-auto_a-all_exp-diff-login,KRR,OFF,0
2026-09-13,2026-09-13 00:00,2026-09-13 04:00,ppc_ru_KVKZ_sr_gen_a-all_exp-diff-login,KVKZ,ON,1
2026-09-13,2026-09-13 00:00,2026-09-13 04:00,ppc_ru_KVKZ_sr_s-auto_a-all_exp-diff-login,KVKZ,ON,1
2026-09-13,2026-09-13 00:00,2026-09-13 04:00,ppc_ru_KZN_sr_gen_a-all_exp-diff-login,KZN,ON,1
2026-09-13,2026-09-13 00:00,2026-09-13 04:00,ppc_ru_KZN_sr_s-auto_a-all_exp-diff-login,KZN,ON,1
2026-09-13,2026-09-13 00:00,2026-09-13 04:00,ppc_ru_LED_sr_dsa_a-all_exp-diff-login,LED,OFF,0
2026-09-13,2026-09-13 00:00,2026-09-13 04:00,ppc_ru_LED_sr_gen_a-all_exp-diff-login,LED,OFF,0
2026-09-13,2026-09-13 00:00,2026-09-13 04:00,ppc_ru_LED_sr_s-auto_a-all_exp-diff-login,LED,OFF,0
2026-09-13,2026-09-13 00:00,2026-09-13 04:00,ppc_ru_MOW_sr_dsa_a-all_exp-diff-login,MOW,OFF,0
2026-09-13,2026-09-13 00:00,2026-09-13 04:00,ppc_ru_MOW_sr_gen_a-all_exp-diff-login,MOW,OFF,0
2026-09-13,2026-09-13 00:00,2026-09-13 04:00,ppc_ru_MOW_sr_s-auto_a-all_exp-diff-login,MOW,OFF,0
2026-09-13,2026-09-13 00:00,2026-09-13 04:00,ppc_ru_MOW_sr_s-auto_a-all_exp-diff-login_exp_travel-aud,MOW,OFF,0
2026-09-13,2026-09-13 00:00,2026-09-13 04:00,ppc_ru_OVB_sr_dsa_a-all_exp-diff-login,OVB,OFF,0
2026-09-13,2026-09-13 00:00,2026-09-13 04:00,ppc_ru_OVB_sr_gen_a-all_exp-diff-login,OVB,OFF,0
2026-09-13,2026-09-13 00:00,2026-09-13 04:00,ppc_ru_SVX_sr_dsa_a-all_exp-diff-login,ural,OFF,0
2026-09-13,2026-09-13 00:00,2026-09-13 04:00,ppc_ru_SVX_sr_gen_a-all_exp-diff-login,ural,OFF,0
2026-09-13,2026-09-13 00:00,2026-09-13 04:00,ppc_ru_TJM_sr_dsa_a-all_exp-diff-login,ural,OFF,0
2026-09-13,2026-09-13 00:00,2026-09-13 04:00,ppc_ru_TJM_sr_gen_a-all_exp-diff-login,ural,OFF,0
2026-09-13,2026-09-13 00:00,2026-09-13 04:00,ppc_ru_UFA_sr_dsa_a-all_exp-diff-login,UFA,ON,1
2026-09-13,2026-09-13 00:00,2026-09-13 04:00,ppc_ru_UFA_sr_gen_a-all_exp-diff-login,UFA,ON,1
2026-09-13,2026-09-13 00:00,2026-09-13 04:00,ppc_ru_centr_sr_dsa_a-all_exp-diff-login,centr,OFF,0
2026-09-13,2026-09-13 00:00,2026-09-13 04:00,ppc_ru_centr_sr_gen_a-all_exp-diff-login,centr,OFF,0
2026-09-13,2026-09-13 00:00,2026-09-13 04:00,ppc_ru_sibir_sr_dsa_a-all_exp-diff-login,sibir,ON,1
2026-09-13,2026-09-13 00:00,2026-09-13 04:00,ppc_ru_sibir_sr_gen_a-all_exp-diff-login,sibir,ON,1
2026-09-13,2026-09-13 00:00,2026-09-13 04:00,ppc_ru_ural_sr_dsa_a-all_exp-diff-login,ural,OFF,0
2026-09-13,2026-09-13 00:00,2026-09-13 04:00,ppc_ru_ural_sr_gen_a-all_exp-diff-login,ural,OFF,0
2026-09-13,2026-09-13 00:00,2026-09-13 04:00,ppc_ru_ural_sr_s-auto_a-all_exp-diff-login,ural,OFF,0
2026-09-13,2026-09-13 04:00,2026-09-13 08:00,ppc_ru_IKT_sr_gen_a-all_exp-diff-login,sibir,OFF,0
2026-09-13,2026-09-13 04:00,2026-09-13 08:00,ppc_ru_KJA_sr_dsa_a-all_exp-diff-login,KJA,OFF,0
2026-09-13,2026-09-13 04:00,2026-09-13 08:00,ppc_ru_KJA_sr_gen_a-all_exp-diff-login,KJA,OFF,0
2026-09-13,2026-09-13 04:00,2026-09-13 08:00,ppc_ru_KRR_sr_dsa_a-all_exp-diff-login,KRR,ON,1
2026-09-13,2026-09-13 04:00,2026-09-13 08:00,ppc_ru_KRR_sr_gen_a-all_exp-diff-login,KRR,ON,1
2026-09-13,2026-09-13 04:00,2026-09-13 08:00,ppc_ru_KRR_sr_s-auto_a-all_exp-diff-login,KRR,ON,1
2026-09-13,2026-09-13 04:00,2026-09-13 08:00,ppc_ru_KVKZ_sr_gen_a-all_exp-diff-login,KVKZ,ON,1
2026-09-13,2026-09-13 04:00,2026-09-13 08:00,ppc_ru_KVKZ_sr_s-auto_a-all_exp-diff-login,KVKZ,ON,1
2026-09-13,2026-09-13 04:00,2026-09-13 08:00,ppc_ru_KZN_sr_gen_a-all_exp-diff-login,KZN,ON,1
2026-09-13,2026-09-13 04:00,2026-09-13 08:00,ppc_ru_KZN_sr_s-auto_a-all_exp-diff-login,KZN,ON,1
2026-09-13,2026-09-13 04:00,2026-09-13 08:00,ppc_ru_LED_sr_dsa_a-all_exp-diff-login,LED,OFF,0
2026-09-13,2026-09-13 04:00,2026-09-13 08:00,ppc_ru_LED_sr_gen_a-all_exp-diff-login,LED,OFF,0
2026-09-13,2026-09-13 04:00,2026-09-13 08:00,ppc_ru_LED_sr_s-auto_a-all_exp-diff-login,LED,OFF,0
2026-09-13,2026-09-13 04:00,2026-09-13 08:00,ppc_ru_MOW_sr_dsa_a-all_exp-diff-login,MOW,ON,1
2026-09-13,2026-09-13 04:00,2026-09-13 08:00,ppc_ru_MOW_sr_gen_a-all_exp-diff-login,MOW,ON,1
2026-09-13,2026-09-13 04:00,2026-09-13 08:00,ppc_ru_MOW_sr_s-auto_a-all_exp-diff-login,MOW,ON,1
2026-09-13,2026-09-13 04:00,2026-09-13 08:00,ppc_ru_MOW_sr_s-auto_a-all_exp-diff-login_exp_travel-aud,MOW,ON,1
2026-09-13,2026-09-13 04:00,2026-09-13 08:00,ppc_ru_OVB_sr_dsa_a-all_exp-diff-login,OVB,ON,1
2026-09-13,2026-09-13 04:00,2026-09-13 08:00,ppc_ru_OVB_sr_gen_a-all_exp-diff-login,OVB,ON,1
2026-09-13,2026-09-13 04:00,2026-09-13 08:00,ppc_ru_SVX_sr_dsa_a-all_exp-diff-login,ural,OFF,0
2026-09-13,2026-09-13 04:00,2026-09-13 08:00,ppc_ru_SVX_sr_gen_a-all_exp-diff-login,ural,OFF,0
2026-09-13,2026-09-13 04:00,2026-09-13 08:00,ppc_ru_TJM_sr_dsa_a-all_exp-diff-login,ural,OFF,0
2026-09-13,2026-09-13 04:00,2026-09-13 08:00,ppc_ru_TJM_sr_gen_a-all_exp-diff-login,ural,OFF,0
2026-09-13,2026-09-13 04:00,2026-09-13 08:00,ppc_ru_UFA_sr_dsa_a-all_exp-diff-login,UFA,OFF,0
2026-09-13,2026-09-13 04:00,2026-09-13 08:00,ppc_ru_UFA_sr_gen_a-all_exp-diff-login,UFA,OFF,0
2026-09-13,2026-09-13 04:00,2026-09-13 08:00,ppc_ru_centr_sr_dsa_a-all_exp-diff-login,centr,ON,1
2026-09-13,2026-09-13 04:00,2026-09-13 08:00,ppc_ru_centr_sr_gen_a-all_exp-diff-login,centr,ON,1
2026-09-13,2026-09-13 04:00,2026-09-13 08:00,ppc_ru_sibir_sr_dsa_a-all_exp-diff-login,sibir,OFF,0
2026-09-13,2026-09-13 04:00,2026-09-13 08:00,ppc_ru_sibir_sr_gen_a-all_exp-diff-login,sibir,OFF,0
2026-09-13,2026-09-13 04:00,2026-09-13 08:00,ppc_ru_ural_sr_dsa_a-all_exp-diff-login,ural,OFF,0
2026-09-13,2026-09-13 04:00,2026-09-13 08:00,ppc_ru_ural_sr_gen_a-all_exp-diff-login,ural,OFF,0
2026-09-13,2026-09-13 04:00,2026-09-13 08:00,ppc_ru_ural_sr_s-auto_a-all_exp-diff-login,ural,OFF,0
2026-09-13,2026-09-13 08:00,2026-09-13 12:00,ppc_ru_IKT_sr_gen_a-all_exp-diff-login,sibir,OFF,0
2026-09-13,2026-09-13 08:00,2026-09-13 12:00,ppc_ru_KJA_sr_dsa_a-all_exp-diff-login,KJA,ON,1
2026-09-13,2026-09-13 08:00,2026-09-13 12:00,ppc_ru_KJA_sr_gen_a-all_exp-diff-login,KJA,ON,1
2026-09-13,2026-09-13 08:00,2026-09-13 12:00,ppc_ru_KRR_sr_dsa_a-all_exp-diff-login,KRR,OFF,0
2026-09-13,2026-09-13 08:00,2026-09-13 12:00,ppc_ru_KRR_sr_gen_a-all_exp-diff-login,KRR,OFF,0
2026-09-13,2026-09-13 08:00,2026-09-13 12:00,ppc_ru_KRR_sr_s-auto_a-all_exp-diff-login,KRR,OFF,0
2026-09-13,2026-09-13 08:00,2026-09-13 12:00,ppc_ru_KVKZ_sr_gen_a-all_exp-diff-login,KVKZ,ON,1
2026-09-13,2026-09-13 08:00,2026-09-13 12:00,ppc_ru_KVKZ_sr_s-auto_a-all_exp-diff-login,KVKZ,ON,1
2026-09-13,2026-09-13 08:00,2026-09-13 12:00,ppc_ru_KZN_sr_gen_a-all_exp-diff-login,KZN,OFF,0
2026-09-13,2026-09-13 08:00,2026-09-13 12:00,ppc_ru_KZN_sr_s-auto_a-all_exp-diff-login,KZN,OFF,0
2026-09-13,2026-09-13 08:00,2026-09-13 12:00,ppc_ru_LED_sr_dsa_a-all_exp-diff-login,LED,ON,1
2026-09-13,2026-09-13 08:00,2026-09-13 12:00,ppc_ru_LED_sr_gen_a-all_exp-diff-login,LED,ON,1
2026-09-13,2026-09-13 08:00,2026-09-13 12:00,ppc_ru_LED_sr_s-auto_a-all_exp-diff-login,LED,ON,1
2026-09-13,2026-09-13 08:00,2026-09-13 12:00,ppc_ru_MOW_sr_dsa_a-all_exp-diff-login,MOW,OFF,0
2026-09-13,2026-09-13 08:00,2026-09-13 12:00,ppc_ru_MOW_sr_gen_a-all_exp-diff-login,MOW,OFF,0
2026-09-13,2026-09-13 08:00,2026-09-13 12:00,ppc_ru_MOW_sr_s-auto_a-all_exp-diff-login,MOW,OFF,0
2026-09-13,2026-09-13 08:00,2026-09-13 12:00,ppc_ru_MOW_sr_s-auto_a-all_exp-diff-login_exp_travel-aud,MOW,OFF,0
2026-09-13,2026-09-13 08:00,2026-09-13 12:00,ppc_ru_OVB_sr_dsa_a-all_exp-diff-login,OVB,ON,1
2026-09-13,2026-09-13 08:00,2026-09-13 12:00,ppc_ru_OVB_sr_gen_a-all_exp-diff-login,OVB,ON,1
2026-09-13,2026-09-13 08:00,2026-09-13 12:00,ppc_ru_SVX_sr_dsa_a-all_exp-diff-login,ural,ON,1
2026-09-13,2026-09-13 08:00,2026-09-13 12:00,ppc_ru_SVX_sr_gen_a-all_exp-diff-login,ural,ON,1
2026-09-13,2026-09-13 08:00,2026-09-13 12:00,ppc_ru_TJM_sr_dsa_a-all_exp-diff-login,ural,ON,1
2026-09-13,2026-09-13 08:00,2026-09-13 12:00,ppc_ru_TJM_sr_gen_a-all_exp-diff-login,ural,ON,1
2026-09-13,2026-09-13 08:00,2026-09-13 12:00,ppc_ru_UFA_sr_dsa_a-all_exp-diff-login,UFA,OFF,0
2026-09-13,2026-09-13 08:00,2026-09-13 12:00,ppc_ru_UFA_sr_gen_a-all_exp-diff-login,UFA,OFF,0
2026-09-13,2026-09-13 08:00,2026-09-13 12:00,ppc_ru_centr_sr_dsa_a-all_exp-diff-login,centr,OFF,0
2026-09-13,2026-09-13 08:00,2026-09-13 12:00,ppc_ru_centr_sr_gen_a-all_exp-diff-login,centr,OFF,0
2026-09-13,2026-09-13 08:00,2026-09-13 12:00,ppc_ru_sibir_sr_dsa_a-all_exp-diff-login,sibir,OFF,0
2026-09-13,2026-09-13 08:00,2026-09-13 12:00,ppc_ru_sibir_sr_gen_a-all_exp-diff-login,sibir,OFF,0
2026-09-13,2026-09-13 08:00,2026-09-13 12:00,ppc_ru_ural_sr_dsa_a-all_exp-diff-login,ural,ON,1
2026-09-13,2026-09-13 08:00,2026-09-13 12:00,ppc_ru_ural_sr_gen_a-all_exp-diff-login,ural,ON,1
2026-09-13,2026-09-13 08:00,2026-09-13 12:00,ppc_ru_ural_sr_s-auto_a-all_exp-diff-login,ural,ON,1
2026-09-13,2026-09-13 12:00,2026-09-13 16:00,ppc_ru_IKT_sr_gen_a-all_exp-diff-login,sibir,ON,1
2026-09-13,2026-09-13 12:00,2026-09-13 16:00,ppc_ru_KJA_sr_dsa_a-all_exp-diff-login,KJA,ON,1
2026-09-13,2026-09-13 12:00,2026-09-13 16:00,ppc_ru_KJA_sr_gen_a-all_exp-diff-login,KJA,ON,1
2026-09-13,2026-09-13 12:00,2026-09-13 16:00,ppc_ru_KRR_sr_dsa_a-all_exp-diff-login,KRR,ON,1
2026-09-13,2026-09-13 12:00,2026-09-13 16:00,ppc_ru_KRR_sr_gen_a-all_exp-diff-login,KRR,ON,1
2026-09-13,2026-09-13 12:00,2026-09-13 16:00,ppc_ru_KRR_sr_s-auto_a-all_exp-diff-login,KRR,ON,1
2026-09-13,2026-09-13 12:00,2026-09-13 16:00,ppc_ru_KVKZ_sr_gen_a-all_exp-diff-login,KVKZ,OFF,0
2026-09-13,2026-09-13 12:00,2026-09-13 16:00,ppc_ru_KVKZ_sr_s-auto_a-all_exp-diff-login,KVKZ,OFF,0
2026-09-13,2026-09-13 12:00,2026-09-13 16:00,ppc_ru_KZN_sr_gen_a-all_exp-diff-login,KZN,OFF,0
2026-09-13,2026-09-13 12:00,2026-09-13 16:00,ppc_ru_KZN_sr_s-auto_a-all_exp-diff-login,KZN,OFF,0
2026-09-13,2026-09-13 12:00,2026-09-13 16:00,ppc_ru_LED_sr_dsa_a-all_exp-diff-login,LED,OFF,0
2026-09-13,2026-09-13 12:00,2026-09-13 16:00,ppc_ru_LED_sr_gen_a-all_exp-diff-login,LED,OFF,0
2026-09-13,2026-09-13 12:00,2026-09-13 16:00,ppc_ru_LED_sr_s-auto_a-all_exp-diff-login,LED,OFF,0
2026-09-13,2026-09-13 12:00,2026-09-13 16:00,ppc_ru_MOW_sr_dsa_a-all_exp-diff-login,MOW,ON,1
2026-09-13,2026-09-13 12:00,2026-09-13 16:00,ppc_ru_MOW_sr_gen_a-all_exp-diff-login,MOW,ON,1
2026-09-13,2026-09-13 12:00,2026-09-13 16:00,ppc_ru_MOW_sr_s-auto_a-all_exp-diff-login,MOW,ON,1
2026-09-13,2026-09-13 12:00,2026-09-13 16:00,ppc_ru_MOW_sr_s-auto_a-all_exp-diff-login_exp_travel-aud,MOW,ON,1
2026-09-13,2026-09-13 12:00,2026-09-13 16:00,ppc_ru_OVB_sr_dsa_a-all_exp-diff-login,OVB,OFF,0
2026-09-13,2026-09-13 12:00,2026-09-13 16:00,ppc_ru_OVB_sr_gen_a-all_exp-diff-login,OVB,OFF,0
2026-09-13,2026-09-13 12:00,2026-09-13 16:00,ppc_ru_SVX_sr_dsa_a-all_exp-diff-login,ural,ON,1
2026-09-13,2026-09-13 12:00,2026-09-13 16:00,ppc_ru_SVX_sr_gen_a-all_exp-diff-login,ural,ON,1
2026-09-13,2026-09-13 12:00,2026-09-13 16:00,ppc_ru_TJM_sr_dsa_a-all_exp-diff-login,ural,ON,1
2026-09-13,2026-09-13 12:00,2026-09-13 16:00,ppc_ru_TJM_sr_gen_a-all_exp-diff-login,ural,ON,1
2026-09-13,2026-09-13 12:00,2026-09-13 16:00,ppc_ru_UFA_sr_dsa_a-all_exp-diff-login,UFA,OFF,0
2026-09-13,2026-09-13 12:00,2026-09-13 16:00,ppc_ru_UFA_sr_gen_a-all_exp-diff-login,UFA,OFF,0
2026-09-13,2026-09-13 12:00,2026-09-13 16:00,ppc_ru_centr_sr_dsa_a-all_exp-diff-login,centr,OFF,0
2026-09-13,2026-09-13 12:00,2026-09-13 16:00,ppc_ru_centr_sr_gen_a-all_exp-diff-login,centr,OFF,0
2026-09-13,2026-09-13 12:00,2026-09-13 16:00,ppc_ru_sibir_sr_dsa_a-all_exp-diff-login,sibir,ON,1
2026-09-13,2026-09-13 12:00,2026-09-13 16:00,ppc_ru_sibir_sr_gen_a-all_exp-diff-login,sibir,ON,1
2026-09-13,2026-09-13 12:00,2026-09-13 16:00,ppc_ru_ural_sr_dsa_a-all_exp-diff-login,ural,ON,1
2026-09-13,2026-09-13 12:00,2026-09-13 16:00,ppc_ru_ural_sr_gen_a-all_exp-diff-login,ural,ON,1
2026-09-13,2026-09-13 12:00,2026-09-13 16:00,ppc_ru_ural_sr_s-auto_a-all_exp-diff-login,ural,ON,1
2026-09-13,2026-09-13 16:00,2026-09-13 20:00,ppc_ru_IKT_sr_gen_a-all_exp-diff-login,sibir,ON,1
2026-09-13,2026-09-13 16:00,2026-09-13 20:00,ppc_ru_KJA_sr_dsa_a-all_exp-diff-login,KJA,OFF,0
2026-09-13,2026-09-13 16:00,2026-09-13 20:00,ppc_ru_KJA_sr_gen_a-all_exp-diff-login,KJA,OFF,0
2026-09-13,2026-09-13 16:00,2026-09-13 20:00,ppc_ru_KRR_sr_dsa_a-all_exp-diff-login,KRR,OFF,0
2026-09-13,2026-09-13 16:00,2026-09-13 20:00,ppc_ru_KRR_sr_gen_a-all_exp-diff-login,KRR,OFF,0
2026-09-13,2026-09-13 16:00,2026-09-13 20:00,ppc_ru_KRR_sr_s-auto_a-all_exp-diff-login,KRR,OFF,0
2026-09-13,2026-09-13 16:00,2026-09-13 20:00,ppc_ru_KVKZ_sr_gen_a-all_exp-diff-login,KVKZ,OFF,0
2026-09-13,2026-09-13 16:00,2026-09-13 20:00,ppc_ru_KVKZ_sr_s-auto_a-all_exp-diff-login,KVKZ,OFF,0
2026-09-13,2026-09-13 16:00,2026-09-13 20:00,ppc_ru_KZN_sr_gen_a-all_exp-diff-login,KZN,ON,1
2026-09-13,2026-09-13 16:00,2026-09-13 20:00,ppc_ru_KZN_sr_s-auto_a-all_exp-diff-login,KZN,ON,1
2026-09-13,2026-09-13 16:00,2026-09-13 20:00,ppc_ru_LED_sr_dsa_a-all_exp-diff-login,LED,ON,1
2026-09-13,2026-09-13 16:00,2026-09-13 20:00,ppc_ru_LED_sr_gen_a-all_exp-diff-login,LED,ON,1
2026-09-13,2026-09-13 16:00,2026-09-13 20:00,ppc_ru_LED_sr_s-auto_a-all_exp-diff-login,LED,ON,1
2026-09-13,2026-09-13 16:00,2026-09-13 20:00,ppc_ru_MOW_sr_dsa_a-all_exp-diff-login,MOW,ON,1
2026-09-13,2026-09-13 16:00,2026-09-13 20:00,ppc_ru_MOW_sr_gen_a-all_exp-diff-login,MOW,ON,1
2026-09-13,2026-09-13 16:00,2026-09-13 20:00,ppc_ru_MOW_sr_s-auto_a-all_exp-diff-login,MOW,ON,1
2026-09-13,2026-09-13 16:00,2026-09-13 20:00,ppc_ru_MOW_sr_s-auto_a-all_exp-diff-login_exp_travel-aud,MOW,ON,1
2026-09-13,2026-09-13 16:00,2026-09-13 20:00,ppc_ru_OVB_sr_dsa_a-all_exp-diff-login,OVB,ON,1
2026-09-13,2026-09-13 16:00,2026-09-13 20:00,ppc_ru_OVB_sr_gen_a-all_exp-diff-login,OVB,ON,1
2026-09-13,2026-09-13 16:00,2026-09-13 20:00,ppc_ru_SVX_sr_dsa_a-all_exp-diff-login,ural,ON,1
2026-09-13,2026-09-13 16:00,2026-09-13 20:00,ppc_ru_SVX_sr_gen_a-all_exp-diff-login,ural,ON,1
2026-09-13,2026-09-13 16:00,2026-09-13 20:00,ppc_ru_TJM_sr_dsa_a-all_exp-diff-login,ural,ON,1
2026-09-13,2026-09-13 16:00,2026-09-13 20:00,ppc_ru_TJM_sr_gen_a-all_exp-diff-login,ural,ON,1
2026-09-13,2026-09-13 16:00,2026-09-13 20:00,ppc_ru_UFA_sr_dsa_a-all_exp-diff-login,UFA,ON,1
2026-09-13,2026-09-13 16:00,2026-09-13 20:00,ppc_ru_UFA_sr_gen_a-all_exp-diff-login,UFA,ON,1
2026-09-13,2026-09-13 16:00,2026-09-13 20:00,ppc_ru_centr_sr_dsa_a-all_exp-diff-login,centr,ON,1
2026-09-13,2026-09-13 16:00,2026-09-13 20:00,ppc_ru_centr_sr_gen_a-all_exp-diff-login,centr,ON,1
2026-09-13,2026-09-13 16:00,2026-09-13 20:00,ppc_ru_sibir_sr_dsa_a-all_exp-diff-login,sibir,ON,1
2026-09-13,2026-09-13 16:00,2026-09-13 20:00,ppc_ru_sibir_sr_gen_a-all_exp-diff-login,sibir,ON,1
2026-09-13,2026-09-13 16:00,2026-09-13 20:00,ppc_ru_ural_sr_dsa_a-all_exp-diff-login,ural,ON,1
2026-09-13,2026-09-13 16:00,2026-09-13 20:00,ppc_ru_ural_sr_gen_a-all_exp-diff-login,ural,ON,1
2026-09-13,2026-09-13 16:00,2026-09-13 20:00,ppc_ru_ural_sr_s-auto_a-all_exp-diff-login,ural,ON,1
2026-09-13,2026-09-13 20:00,2026-09-14 00:00,ppc_ru_IKT_sr_gen_a-all_exp-diff-login,sibir,OFF,0
2026-09-13,2026-09-13 20:00,2026-09-14 00:00,ppc_ru_KJA_sr_dsa_a-all_exp-diff-login,KJA,ON,1
2026-09-13,2026-09-13 20:00,2026-09-14 00:00,ppc_ru_KJA_sr_gen_a-all_exp-diff-login,KJA,ON,1
2026-09-13,2026-09-13 20:00,2026-09-14 00:00,ppc_ru_KRR_sr_dsa_a-all_exp-diff-login,KRR,ON,1
2026-09-13,2026-09-13 20:00,2026-09-14 00:00,ppc_ru_KRR_sr_gen_a-all_exp-diff-login,KRR,ON,1
2026-09-13,2026-09-13 20:00,2026-09-14 00:00,ppc_ru_KRR_sr_s-auto_a-all_exp-diff-login,KRR,ON,1
2026-09-13,2026-09-13 20:00,2026-09-14 00:00,ppc_ru_KVKZ_sr_gen_a-all_exp-diff-login,KVKZ,OFF,0
2026-09-13,2026-09-13 20:00,2026-09-14 00:00,ppc_ru_KVKZ_sr_s-auto_a-all_exp-diff-login,KVKZ,OFF,0
2026-09-13,2026-09-13 20:00,2026-09-14 00:00,ppc_ru_KZN_sr_gen_a-all_exp-diff-login,KZN,OFF,0
2026-09-13,2026-09-13 20:00,2026-09-14 00:00,ppc_ru_KZN_sr_s-auto_a-all_exp-diff-login,KZN,OFF,0
2026-09-13,2026-09-13 20:00,2026-09-14 00:00,ppc_ru_LED_sr_dsa_a-all_exp-diff-login,LED,ON,1
2026-09-13,2026-09-13 20:00,2026-09-14 00:00,ppc_ru_LED_sr_gen_a-all_exp-diff-login,LED,ON,1
2026-09-13,2026-09-13 20:00,2026-09-14 00:00,ppc_ru_LED_sr_s-auto_a-all_exp-diff-login,LED,ON,1
2026-09-13,2026-09-13 20:00,2026-09-14 00:00,ppc_ru_MOW_sr_dsa_a-all_exp-diff-login,MOW,OFF,0
2026-09-13,2026-09-13 20:00,2026-09-14 00:00,ppc_ru_MOW_sr_gen_a-all_exp-diff-login,MOW,OFF,0
2026-09-13,2026-09-13 20:00,2026-09-14 00:00,ppc_ru_MOW_sr_s-auto_a-all_exp-diff-login,MOW,OFF,0
2026-09-13,2026-09-13 20:00,2026-09-14 00:00,ppc_ru_MOW_sr_s-auto_a-all_exp-diff-login_exp_travel-aud,MOW,OFF,0
2026-09-13,2026-09-13 20:00,2026-09-14 00:00,ppc_ru_OVB_sr_dsa_a-all_exp-diff-login,OVB,OFF,0
2026-09-13,2026-09-13 20:00,2026-09-14 00:00,ppc_ru_OVB_sr_gen_a-all_exp-diff-login,OVB,OFF,0
2026-09-13,2026-09-13 20:00,2026-09-14 00:00,ppc_ru_SVX_sr_dsa_a-all_exp-diff-login,ural,OFF,0
2026-09-13,2026-09-13 20:00,2026-09-14 00:00,ppc_ru_SVX_sr_gen_a-all_exp-diff-login,ural,OFF,0
2026-09-13,2026-09-13 20:00,2026-09-14 00:00,ppc_ru_TJM_sr_dsa_a-all_exp-diff-login,ural,OFF,0
2026-09-13,2026-09-13 20:00,2026-09-14 00:00,ppc_ru_TJM_sr_gen_a-all_exp-diff-login,ural,OFF,0
2026-09-13,2026-09-13 20:00,2026-09-14 00:00,ppc_ru_UFA_sr_dsa_a-all_exp-diff-login,UFA,ON,1
2026-09-13,2026-09-13 20:00,2026-09-14 00:00,ppc_ru_UFA_sr_gen_a-all_exp-diff-login,UFA,ON,1
2026-09-13,2026-09-13 20:00,2026-09-14 00:00,ppc_ru_centr_sr_dsa_a-all_exp-diff-login,centr,ON,1
2026-09-13,2026-09-13 20:00,2026-09-14 00:00,ppc_ru_centr_sr_gen_a-all_exp-diff-login,centr,ON,1
2026-09-13,2026-09-13 20:00,2026-09-14 00:00,ppc_ru_sibir_sr_dsa_a-all_exp-diff-login,sibir,OFF,0
2026-09-13,2026-09-13 20:00,2026-09-14 00:00,ppc_ru_sibir_sr_gen_a-all_exp-diff-login,sibir,OFF,0
2026-09-13,2026-09-13 20:00,2026-09-14 00:00,ppc_ru_ural_sr_dsa_a-all_exp-diff-login,ural,OFF,0
2026-09-13,2026-09-13 20:00,2026-09-14 00:00,ppc_ru_ural_sr_gen_a-all_exp-diff-login,ural,OFF,0
2026-09-13,2026-09-13 20:00,2026-09-14 00:00,ppc_ru_ural_sr_s-auto_a-all_exp-diff-login,ural,OFF,0
2026-09-14,2026-09-14 00:00,2026-09-14 04:00,ppc_ru_IKT_sr_gen_a-all_exp-diff-login,sibir,ON,1
2026-09-14,2026-09-14 00:00,2026-09-14 04:00,ppc_ru_KJA_sr_dsa_a-all_exp-diff-login,KJA,ON,1
2026-09-14,2026-09-14 00:00,2026-09-14 04:00,ppc_ru_KJA_sr_gen_a-all_exp-diff-login,KJA,ON,1
2026-09-14,2026-09-14 00:00,2026-09-14 04:00,ppc_ru_KRR_sr_dsa_a-all_exp-diff-login,KRR,OFF,0
2026-09-14,2026-09-14 00:00,2026-09-14 04:00,ppc_ru_KRR_sr_gen_a-all_exp-diff-login,KRR,OFF,0
2026-09-14,2026-09-14 00:00,2026-09-14 04:00,ppc_ru_KRR_sr_s-auto_a-all_exp-diff-login,KRR,OFF,0
2026-09-14,2026-09-14 00:00,2026-09-14 04:00,ppc_ru_KVKZ_sr_gen_a-all_exp-diff-login,KVKZ,OFF,0
2026-09-14,2026-09-14 00:00,2026-09-14 04:00,ppc_ru_KVKZ_sr_s-auto_a-all_exp-diff-login,KVKZ,OFF,0
2026-09-14,2026-09-14 00:00,2026-09-14 04:00,ppc_ru_KZN_sr_gen_a-all_exp-diff-login,KZN,OFF,0
2026-09-14,2026-09-14 00:00,2026-09-14 04:00,ppc_ru_KZN_sr_s-auto_a-all_exp-diff-login,KZN,OFF,0
2026-09-14,2026-09-14 00:00,2026-09-14 04:00,ppc_ru_LED_sr_dsa_a-all_exp-diff-login,LED,ON,1
2026-09-14,2026-09-14 00:00,2026-09-14 04:00,ppc_ru_LED_sr_gen_a-all_exp-diff-login,LED,ON,1
2026-09-14,2026-09-14 00:00,2026-09-14 04:00,ppc_ru_LED_sr_s-auto_a-all_exp-diff-login,LED,ON,1
2026-09-14,2026-09-14 00:00,2026-09-14 04:00,ppc_ru_MOW_sr_dsa_a-all_exp-diff-login,MOW,ON,1
2026-09-14,2026-09-14 00:00,2026-09-14 04:00,ppc_ru_MOW_sr_gen_a-all_exp-diff-login,MOW,ON,1
2026-09-14,2026-09-14 00:00,2026-09-14 04:00,ppc_ru_MOW_sr_s-auto_a-all_exp-diff-login,MOW,ON,1
2026-09-14,2026-09-14 00:00,2026-09-14 04:00,ppc_ru_MOW_sr_s-auto_a-all_exp-diff-login_exp_travel-aud,MOW,ON,1
2026-09-14,2026-09-14 00:00,2026-09-14 04:00,ppc_ru_OVB_sr_dsa_a-all_exp-diff-login,OVB,ON,1
2026-09-14,2026-09-14 00:00,2026-09-14 04:00,ppc_ru_OVB_sr_gen_a-all_exp-diff-login,OVB,ON,1
2026-09-14,2026-09-14 00:00,2026-09-14 04:00,ppc_ru_SVX_sr_dsa_a-all_exp-diff-login,ural,OFF,0
2026-09-14,2026-09-14 00:00,2026-09-14 04:00,ppc_ru_SVX_sr_gen_a-all_exp-diff-login,ural,OFF,0
2026-09-14,2026-09-14 00:00,2026-09-14 04:00,ppc_ru_TJM_sr_dsa_a-all_exp-diff-login,ural,OFF,0
2026-09-14,2026-09-14 00:00,2026-09-14 04:00,ppc_ru_TJM_sr_gen_a-all_exp-diff-login,ural,OFF,0
2026-09-14,2026-09-14 00:00,2026-09-14 04:00,ppc_ru_UFA_sr_dsa_a-all_exp-diff-login,UFA,ON,1
2026-09-14,2026-09-14 00:00,2026-09-14 04:00,ppc_ru_UFA_sr_gen_a-all_exp-diff-login,UFA,ON,1
2026-09-14,2026-09-14 00:00,2026-09-14 04:00,ppc_ru_centr_sr_dsa_a-all_exp-diff-login,centr,OFF,0
2026-09-14,2026-09-14 00:00,2026-09-14 04:00,ppc_ru_centr_sr_gen_a-all_exp-diff-login,centr,OFF,0
2026-09-14,2026-09-14 00:00,2026-09-14 04:00,ppc_ru_sibir_sr_dsa_a-all_exp-diff-login,sibir,ON,1
2026-09-14,2026-09-14 00:00,2026-09-14 04:00,ppc_ru_sibir_sr_gen_a-all_exp-diff-login,sibir,ON,1
2026-09-14,2026-09-14 00:00,2026-09-14 04:00,ppc_ru_ural_sr_dsa_a-all_exp-diff-login,ural,OFF,0
2026-09-14,2026-09-14 00:00,2026-09-14 04:00,ppc_ru_ural_sr_gen_a-all_exp-diff-login,ural,OFF,0
2026-09-14,2026-09-14 00:00,2026-09-14 04:00,ppc_ru_ural_sr_s-auto_a-all_exp-diff-login,ural,OFF,0
2026-09-14,2026-09-14 04:00,2026-09-14 08:00,ppc_ru_IKT_sr_gen_a-all_exp-diff-login,sibir,OFF,0
2026-09-14,2026-09-14 04:00,2026-09-14 08:00,ppc_ru_KJA_sr_dsa_a-all_exp-diff-login,KJA,ON,1
2026-09-14,2026-09-14 04:00,2026-09-14 08:00,ppc_ru_KJA_sr_gen_a-all_exp-diff-login,KJA,ON,1
2026-09-14,2026-09-14 04:00,2026-09-14 08:00,ppc_ru_KRR_sr_dsa_a-all_exp-diff-login,KRR,OFF,0
2026-09-14,2026-09-14 04:00,2026-09-14 08:00,ppc_ru_KRR_sr_gen_a-all_exp-diff-login,KRR,OFF,0
2026-09-14,2026-09-14 04:00,2026-09-14 08:00,ppc_ru_KRR_sr_s-auto_a-all_exp-diff-login,KRR,OFF,0
2026-09-14,2026-09-14 04:00,2026-09-14 08:00,ppc_ru_KVKZ_sr_gen_a-all_exp-diff-login,KVKZ,OFF,0
2026-09-14,2026-09-14 04:00,2026-09-14 08:00,ppc_ru_KVKZ_sr_s-auto_a-all_exp-diff-login,KVKZ,OFF,0
2026-09-14,2026-09-14 04:00,2026-09-14 08:00,ppc_ru_KZN_sr_gen_a-all_exp-diff-login,KZN,ON,1
2026-09-14,2026-09-14 04:00,2026-09-14 08:00,ppc_ru_KZN_sr_s-auto_a-all_exp-diff-login,KZN,ON,1
2026-09-14,2026-09-14 04:00,2026-09-14 08:00,ppc_ru_LED_sr_dsa_a-all_exp-diff-login,LED,OFF,0
2026-09-14,2026-09-14 04:00,2026-09-14 08:00,ppc_ru_LED_sr_gen_a-all_exp-diff-login,LED,OFF,0
2026-09-14,2026-09-14 04:00,2026-09-14 08:00,ppc_ru_LED_sr_s-auto_a-all_exp-diff-login,LED,OFF,0
2026-09-14,2026-09-14 04:00,2026-09-14 08:00,ppc_ru_MOW_sr_dsa_a-all_exp-diff-login,MOW,ON,1
2026-09-14,2026-09-14 04:00,2026-09-14 08:00,ppc_ru_MOW_sr_gen_a-all_exp-diff-login,MOW,ON,1
2026-09-14,2026-09-14 04:00,2026-09-14 08:00,ppc_ru_MOW_sr_s-auto_a-all_exp-diff-login,MOW,ON,1
2026-09-14,2026-09-14 04:00,2026-09-14 08:00,ppc_ru_MOW_sr_s-auto_a-all_exp-diff-login_exp_travel-aud,MOW,ON,1
2026-09-14,2026-09-14 04:00,2026-09-14 08:00,ppc_ru_OVB_sr_dsa_a-all_exp-diff-login,OVB,ON,1
2026-09-14,2026-09-14 04:00,2026-09-14 08:00,ppc_ru_OVB_sr_gen_a-all_exp-diff-login,OVB,ON,1
2026-09-14,2026-09-14 04:00,2026-09-14 08:00,ppc_ru_SVX_sr_dsa_a-all_exp-diff-login,ural,OFF,0
2026-09-14,2026-09-14 04:00,2026-09-14 08:00,ppc_ru_SVX_sr_gen_a-all_exp-diff-login,ural,OFF,0
2026-09-14,2026-09-14 04:00,2026-09-14 08:00,ppc_ru_TJM_sr_dsa_a-all_exp-diff-login,ural,OFF,0
2026-09-14,2026-09-14 04:00,2026-09-14 08:00,ppc_ru_TJM_sr_gen_a-all_exp-diff-login,ural,OFF,0
2026-09-14,2026-09-14 04:00,2026-09-14 08:00,ppc_ru_UFA_sr_dsa_a-all_exp-diff-login,UFA,OFF,0
2026-09-14,2026-09-14 04:00,2026-09-14 08:00,ppc_ru_UFA_sr_gen_a-all_exp-diff-login,UFA,OFF,0
2026-09-14,2026-09-14 04:00,2026-09-14 08:00,ppc_ru_centr_sr_dsa_a-all_exp-diff-login,centr,OFF,0
2026-09-14,2026-09-14 04:00,2026-09-14 08:00,ppc_ru_centr_sr_gen_a-all_exp-diff-login,centr,OFF,0
2026-09-14,2026-09-14 04:00,2026-09-14 08:00,ppc_ru_sibir_sr_dsa_a-all_exp-diff-login,sibir,OFF,0
2026-09-14,2026-09-14 04:00,2026-09-14 08:00,ppc_ru_sibir_sr_gen_a-all_exp-diff-login,sibir,OFF,0
2026-09-14,2026-09-14 04:00,2026-09-14 08:00,ppc_ru_ural_sr_dsa_a-all_exp-diff-login,ural,OFF,0
2026-09-14,2026-09-14 04:00,2026-09-14 08:00,ppc_ru_ural_sr_gen_a-all_exp-diff-login,ural,OFF,0
2026-09-14,2026-09-14 04:00,2026-09-14 08:00,ppc_ru_ural_sr_s-auto_a-all_exp-diff-login,ural,OFF,0
2026-09-14,2026-09-14 08:00,2026-09-14 12:00,ppc_ru_IKT_sr_gen_a-all_exp-diff-login,sibir,OFF,0
2026-09-14,2026-09-14 08:00,2026-09-14 12:00,ppc_ru_KJA_sr_dsa_a-all_exp-diff-login,KJA,OFF,0
2026-09-14,2026-09-14 08:00,2026-09-14 12:00,ppc_ru_KJA_sr_gen_a-all_exp-diff-login,KJA,OFF,0
2026-09-14,2026-09-14 08:00,2026-09-14 12:00,ppc_ru_KRR_sr_dsa_a-all_exp-diff-login,KRR,ON,1
2026-09-14,2026-09-14 08:00,2026-09-14 12:00,ppc_ru_KRR_sr_gen_a-all_exp-diff-login,KRR,ON,1
2026-09-14,2026-09-14 08:00,2026-09-14 12:00,ppc_ru_KRR_sr_s-auto_a-all_exp-diff-login,KRR,ON,1
2026-09-14,2026-09-14 08:00,2026-09-14 12:00,ppc_ru_KVKZ_sr_gen_a-all_exp-diff-login,KVKZ,ON,1
2026-09-14,2026-09-14 08:00,2026-09-14 12:00,ppc_ru_KVKZ_sr_s-auto_a-all_exp-diff-login,KVKZ,ON,1
2026-09-14,2026-09-14 08:00,2026-09-14 12:00,ppc_ru_KZN_sr_gen_a-all_exp-diff-login,KZN,OFF,0
2026-09-14,2026-09-14 08:00,2026-09-14 12:00,ppc_ru_KZN_sr_s-auto_a-all_exp-diff-login,KZN,OFF,0
2026-09-14,2026-09-14 08:00,2026-09-14 12:00,ppc_ru_LED_sr_dsa_a-all_exp-diff-login,LED,ON,1
2026-09-14,2026-09-14 08:00,2026-09-14 12:00,ppc_ru_LED_sr_gen_a-all_exp-diff-login,LED,ON,1
2026-09-14,2026-09-14 08:00,2026-09-14 12:00,ppc_ru_LED_sr_s-auto_a-all_exp-diff-login,LED,ON,1
2026-09-14,2026-09-14 08:00,2026-09-14 12:00,ppc_ru_MOW_sr_dsa_a-all_exp-diff-login,MOW,ON,1
2026-09-14,2026-09-14 08:00,2026-09-14 12:00,ppc_ru_MOW_sr_gen_a-all_exp-diff-login,MOW,ON,1
2026-09-14,2026-09-14 08:00,2026-09-14 12:00,ppc_ru_MOW_sr_s-auto_a-all_exp-diff-login,MOW,ON,1
2026-09-14,2026-09-14 08:00,2026-09-14 12:00,ppc_ru_MOW_sr_s-auto_a-all_exp-diff-login_exp_travel-aud,MOW,ON,1
2026-09-14,2026-09-14 08:00,2026-09-14 12:00,ppc_ru_OVB_sr_dsa_a-all_exp-diff-login,OVB,OFF,0
2026-09-14,2026-09-14 08:00,2026-09-14 12:00,ppc_ru_OVB_sr_gen_a-all_exp-diff-login,OVB,OFF,0
2026-09-14,2026-09-14 08:00,2026-09-14 12:00,ppc_ru_SVX_sr_dsa_a-all_exp-diff-login,ural,ON,1
2026-09-14,2026-09-14 08:00,2026-09-14 12:00,ppc_ru_SVX_sr_gen_a-all_exp-diff-login,ural,ON,1
2026-09-14,2026-09-14 08:00,2026-09-14 12:00,ppc_ru_TJM_sr_dsa_a-all_exp-diff-login,ural,ON,1
2026-09-14,2026-09-14 08:00,2026-09-14 12:00,ppc_ru_TJM_sr_gen_a-all_exp-diff-login,ural,ON,1
2026-09-14,2026-09-14 08:00,2026-09-14 12:00,ppc_ru_UFA_sr_dsa_a-all_exp-diff-login,UFA,OFF,0
2026-09-14,2026-09-14 08:00,2026-09-14 12:00,ppc_ru_UFA_sr_gen_a-all_exp-diff-login,UFA,OFF,0
2026-09-14,2026-09-14 08:00,2026-09-14 12:00,ppc_ru_centr_sr_dsa_a-all_exp-diff-login,centr,ON,1
2026-09-14,2026-09-14 08:00,2026-09-14 12:00,ppc_ru_centr_sr_gen_a-all_exp-diff-login,centr,ON,1
2026-09-14,2026-09-14 08:00,2026-09-14 12:00,ppc_ru_sibir_sr_dsa_a-all_exp-diff-login,sibir,OFF,0
2026-09-14,2026-09-14 08:00,2026-09-14 12:00,ppc_ru_sibir_sr_gen_a-all_exp-diff-login,sibir,OFF,0
2026-09-14,2026-09-14 08:00,2026-09-14 12:00,ppc_ru_ural_sr_dsa_a-all_exp-diff-login,ural,ON,1
2026-09-14,2026-09-14 08:00,2026-09-14 12:00,ppc_ru_ural_sr_gen_a-all_exp-diff-login,ural,ON,1
2026-09-14,2026-09-14 08:00,2026-09-14 12:00,ppc_ru_ural_sr_s-auto_a-all_exp-diff-login,ural,ON,1
2026-09-14,2026-09-14 12:00,2026-09-14 16:00,ppc_ru_IKT_sr_gen_a-all_exp-diff-login,sibir,ON,1
2026-09-14,2026-09-14 12:00,2026-09-14 16:00,ppc_ru_KJA_sr_dsa_a-all_exp-diff-login,KJA,OFF,0
2026-09-14,2026-09-14 12:00,2026-09-14 16:00,ppc_ru_KJA_sr_gen_a-all_exp-diff-login,KJA,OFF,0
2026-09-14,2026-09-14 12:00,2026-09-14 16:00,ppc_ru_KRR_sr_dsa_a-all_exp-diff-login,KRR,ON,1
2026-09-14,2026-09-14 12:00,2026-09-14 16:00,ppc_ru_KRR_sr_gen_a-all_exp-diff-login,KRR,ON,1
2026-09-14,2026-09-14 12:00,2026-09-14 16:00,ppc_ru_KRR_sr_s-auto_a-all_exp-diff-login,KRR,ON,1
2026-09-14,2026-09-14 12:00,2026-09-14 16:00,ppc_ru_KVKZ_sr_gen_a-all_exp-diff-login,KVKZ,ON,1
2026-09-14,2026-09-14 12:00,2026-09-14 16:00,ppc_ru_KVKZ_sr_s-auto_a-all_exp-diff-login,KVKZ,ON,1
2026-09-14,2026-09-14 12:00,2026-09-14 16:00,ppc_ru_KZN_sr_gen_a-all_exp-diff-login,KZN,ON,1
2026-09-14,2026-09-14 12:00,2026-09-14 16:00,ppc_ru_KZN_sr_s-auto_a-all_exp-diff-login,KZN,ON,1
2026-09-14,2026-09-14 12:00,2026-09-14 16:00,ppc_ru_LED_sr_dsa_a-all_exp-diff-login,LED,ON,1
2026-09-14,2026-09-14 12:00,2026-09-14 16:00,ppc_ru_LED_sr_gen_a-all_exp-diff-login,LED,ON,1
2026-09-14,2026-09-14 12:00,2026-09-14 16:00,ppc_ru_LED_sr_s-auto_a-all_exp-diff-login,LED,ON,1
2026-09-14,2026-09-14 12:00,2026-09-14 16:00,ppc_ru_MOW_sr_dsa_a-all_exp-diff-login,MOW,OFF,0
2026-09-14,2026-09-14 12:00,2026-09-14 16:00,ppc_ru_MOW_sr_gen_a-all_exp-diff-login,MOW,OFF,0
2026-09-14,2026-09-14 12:00,2026-09-14 16:00,ppc_ru_MOW_sr_s-auto_a-all_exp-diff-login,MOW,OFF,0
2026-09-14,2026-09-14 12:00,2026-09-14 16:00,ppc_ru_MOW_sr_s-auto_a-all_exp-diff-login_exp_travel-aud,MOW,OFF,0
2026-09-14,2026-09-14 12:00,2026-09-14 16:00,ppc_ru_OVB_sr_dsa_a-all_exp-diff-login,OVB,OFF,0
2026-09-14,2026-09-14 12:00,2026-09-14 16:00,ppc_ru_OVB_sr_gen_a-all_exp-diff-login,OVB,OFF,0
2026-09-14,2026-09-14 12:00,2026-09-14 16:00,ppc_ru_SVX_sr_dsa_a-all_exp-diff-login,ural,OFF,0
2026-09-14,2026-09-14 12:00,2026-09-14 16:00,ppc_ru_SVX_sr_gen_a-all_exp-diff-login,ural,OFF,0
2026-09-14,2026-09-14 12:00,2026-09-14 16:00,ppc_ru_TJM_sr_dsa_a-all_exp-diff-login,ural,OFF,0
2026-09-14,2026-09-14 12:00,2026-09-14 16:00,ppc_ru_TJM_sr_gen_a-all_exp-diff-login,ural,OFF,0
2026-09-14,2026-09-14 12:00,2026-09-14 16:00,ppc_ru_UFA_sr_dsa_a-all_exp-diff-login,UFA,OFF,0
2026-09-14,2026-09-14 12:00,2026-09-14 16:00,ppc_ru_UFA_sr_gen_a-all_exp-diff-login,UFA,OFF,0
2026-09-14,2026-09-14 12:00,2026-09-14 16:00,ppc_ru_centr_sr_dsa_a-all_exp-diff-login,centr,ON,1
2026-09-14,2026-09-14 12:00,2026-09-14 16:00,ppc_ru_centr_sr_gen_a-all_exp-diff-login,centr,ON,1
2026-09-14,2026-09-14 12:00,2026-09-14 16:00,ppc_ru_sibir_sr_dsa_a-all_exp-diff-login,sibir,ON,1
2026-09-14,2026-09-14 12:00,2026-09-14 16:00,ppc_ru_sibir_sr_gen_a-all_exp-diff-login,sibir,ON,1
2026-09-14,2026-09-14 12:00,2026-09-14 16:00,ppc_ru_ural_sr_dsa_a-all_exp-diff-login,ural,OFF,0
2026-09-14,2026-09-14 12:00,2026-09-14 16:00,ppc_ru_ural_sr_gen_a-all_exp-diff-login,ural,OFF,0
2026-09-14,2026-09-14 12:00,2026-09-14 16:00,ppc_ru_ural_sr_s-auto_a-all_exp-diff-login,ural,OFF,0
2026-09-14,2026-09-14 16:00,2026-09-14 20:00,ppc_ru_IKT_sr_gen_a-all_exp-diff-login,sibir,OFF,0
2026-09-14,2026-09-14 16:00,2026-09-14 20:00,ppc_ru_KJA_sr_dsa_a-all_exp-diff-login,KJA,ON,1
2026-09-14,2026-09-14 16:00,2026-09-14 20:00,ppc_ru_KJA_sr_gen_a-all_exp-diff-login,KJA,ON,1
2026-09-14,2026-09-14 16:00,2026-09-14 20:00,ppc_ru_KRR_sr_dsa_a-all_exp-diff-login,KRR,OFF,0
2026-09-14,2026-09-14 16:00,2026-09-14 20:00,ppc_ru_KRR_sr_gen_a-all_exp-diff-login,KRR,OFF,0
2026-09-14,2026-09-14 16:00,2026-09-14 20:00,ppc_ru_KRR_sr_s-auto_a-all_exp-diff-login,KRR,OFF,0
2026-09-14,2026-09-14 16:00,2026-09-14 20:00,ppc_ru_KVKZ_sr_gen_a-all_exp-diff-login,KVKZ,OFF,0
2026-09-14,2026-09-14 16:00,2026-09-14 20:00,ppc_ru_KVKZ_sr_s-auto_a-all_exp-diff-login,KVKZ,OFF,0
2026-09-14,2026-09-14 16:00,2026-09-14 20:00,ppc_ru_KZN_sr_gen_a-all_exp-diff-login,KZN,OFF,0
2026-09-14,2026-09-14 16:00,2026-09-14 20:00,ppc_ru_KZN_sr_s-auto_a-all_exp-diff-login,KZN,OFF,0
2026-09-14,2026-09-14 16:00,2026-09-14 20:00,ppc_ru_LED_sr_dsa_a-all_exp-diff-login,LED,OFF,0
2026-09-14,2026-09-14 16:00,2026-09-14 20:00,ppc_ru_LED_sr_gen_a-all_exp-diff-login,LED,OFF,0
2026-09-14,2026-09-14 16:00,2026-09-14 20:00,ppc_ru_LED_sr_s-auto_a-all_exp-diff-login,LED,OFF,0
2026-09-14,2026-09-14 16:00,2026-09-14 20:00,ppc_ru_MOW_sr_dsa_a-all_exp-diff-login,MOW,OFF,0
2026-09-14,2026-09-14 16:00,2026-09-14 20:00,ppc_ru_MOW_sr_gen_a-all_exp-diff-login,MOW,OFF,0
2026-09-14,2026-09-14 16:00,2026-09-14 20:00,ppc_ru_MOW_sr_s-auto_a-all_exp-diff-login,MOW,OFF,0
2026-09-14,2026-09-14 16:00,2026-09-14 20:00,ppc_ru_MOW_sr_s-auto_a-all_exp-diff-login_exp_travel-aud,MOW,OFF,0
2026-09-14,2026-09-14 16:00,2026-09-14 20:00,ppc_ru_OVB_sr_dsa_a-all_exp-diff-login,OVB,OFF,0
2026-09-14,2026-09-14 16:00,2026-09-14 20:00,ppc_ru_OVB_sr_gen_a-all_exp-diff-login,OVB,OFF,0
2026-09-14,2026-09-14 16:00,2026-09-14 20:00,ppc_ru_SVX_sr_dsa_a-all_exp-diff-login,ural,ON,1
2026-09-14,2026-09-14 16:00,2026-09-14 20:00,ppc_ru_SVX_sr_gen_a-all_exp-diff-login,ural,ON,1
2026-09-14,2026-09-14 16:00,2026-09-14 20:00,ppc_ru_TJM_sr_dsa_a-all_exp-diff-login,ural,ON,1
2026-09-14,2026-09-14 16:00,2026-09-14 20:00,ppc_ru_TJM_sr_gen_a-all_exp-diff-login,ural,ON,1
2026-09-14,2026-09-14 16:00,2026-09-14 20:00,ppc_ru_UFA_sr_dsa_a-all_exp-diff-login,UFA,ON,1
2026-09-14,2026-09-14 16:00,2026-09-14 20:00,ppc_ru_UFA_sr_gen_a-all_exp-diff-login,UFA,ON,1
2026-09-14,2026-09-14 16:00,2026-09-14 20:00,ppc_ru_centr_sr_dsa_a-all_exp-diff-login,centr,ON,1
2026-09-14,2026-09-14 16:00,2026-09-14 20:00,ppc_ru_centr_sr_gen_a-all_exp-diff-login,centr,ON,1
2026-09-14,2026-09-14 16:00,2026-09-14 20:00,ppc_ru_sibir_sr_dsa_a-all_exp-diff-login,sibir,OFF,0
2026-09-14,2026-09-14 16:00,2026-09-14 20:00,ppc_ru_sibir_sr_gen_a-all_exp-diff-login,sibir,OFF,0
2026-09-14,2026-09-14 16:00,2026-09-14 20:00,ppc_ru_ural_sr_dsa_a-all_exp-diff-login,ural,ON,1
2026-09-14,2026-09-14 16:00,2026-09-14 20:00,ppc_ru_ural_sr_gen_a-all_exp-diff-login,ural,ON,1
2026-09-14,2026-09-14 16:00,2026-09-14 20:00,ppc_ru_ural_sr_s-auto_a-all_exp-diff-login,ural,ON,1
2026-09-14,2026-09-14 20:00,2026-09-15 00:00,ppc_ru_IKT_sr_gen_a-all_exp-diff-login,sibir,ON,1
2026-09-14,2026-09-14 20:00,2026-09-15 00:00,ppc_ru_KJA_sr_dsa_a-all_exp-diff-login,KJA,OFF,0
2026-09-14,2026-09-14 20:00,2026-09-15 00:00,ppc_ru_KJA_sr_gen_a-all_exp-diff-login,KJA,OFF,0
2026-09-14,2026-09-14 20:00,2026-09-15 00:00,ppc_ru_KRR_sr_dsa_a-all_exp-diff-login,KRR,ON,1
2026-09-14,2026-09-14 20:00,2026-09-15 00:00,ppc_ru_KRR_sr_gen_a-all_exp-diff-login,KRR,ON,1
2026-09-14,2026-09-14 20:00,2026-09-15 00:00,ppc_ru_KRR_sr_s-auto_a-all_exp-diff-login,KRR,ON,1
2026-09-14,2026-09-14 20:00,2026-09-15 00:00,ppc_ru_KVKZ_sr_gen_a-all_exp-diff-login,KVKZ,ON,1
2026-09-14,2026-09-14 20:00,2026-09-15 00:00,ppc_ru_KVKZ_sr_s-auto_a-all_exp-diff-login,KVKZ,ON,1
2026-09-14,2026-09-14 20:00,2026-09-15 00:00,ppc_ru_KZN_sr_gen_a-all_exp-diff-login,KZN,ON,1
2026-09-14,2026-09-14 20:00,2026-09-15 00:00,ppc_ru_KZN_sr_s-auto_a-all_exp-diff-login,KZN,ON,1
2026-09-14,2026-09-14 20:00,2026-09-15 00:00,ppc_ru_LED_sr_dsa_a-all_exp-diff-login,LED,OFF,0
2026-09-14,2026-09-14 20:00,2026-09-15 00:00,ppc_ru_LED_sr_gen_a-all_exp-diff-login,LED,OFF,0
2026-09-14,2026-09-14 20:00,2026-09-15 00:00,ppc_ru_LED_sr_s-auto_a-all_exp-diff-login,LED,OFF,0
2026-09-14,2026-09-14 20:00,2026-09-15 00:00,ppc_ru_MOW_sr_dsa_a-all_exp-diff-login,MOW,OFF,0
2026-09-14,2026-09-14 20:00,2026-09-15 00:00,ppc_ru_MOW_sr_gen_a-all_exp-diff-login,MOW,OFF,0
2026-09-14,2026-09-14 20:00,2026-09-15 00:00,ppc_ru_MOW_sr_s-auto_a-all_exp-diff-login,MOW,OFF,0
2026-09-14,2026-09-14 20:00,2026-09-15 00:00,ppc_ru_MOW_sr_s-auto_a-all_exp-diff-login_exp_travel-aud,MOW,OFF,0
2026-09-14,2026-09-14 20:00,2026-09-15 00:00,ppc_ru_OVB_sr_dsa_a-all_exp-diff-login,OVB,ON,1
2026-09-14,2026-09-14 20:00,2026-09-15 00:00,ppc_ru_OVB_sr_gen_a-all_exp-diff-login,OVB,ON,1
2026-09-14,2026-09-14 20:00,2026-09-15 00:00,ppc_ru_SVX_sr_dsa_a-all_exp-diff-login,ural,ON,1
2026-09-14,2026-09-14 20:00,2026-09-15 00:00,ppc_ru_SVX_sr_gen_a-all_exp-diff-login,ural,ON,1
2026-09-14,2026-09-14 20:00,2026-09-15 00:00,ppc_ru_TJM_sr_dsa_a-all_exp-diff-login,ural,ON,1
2026-09-14,2026-09-14 20:00,2026-09-15 00:00,ppc_ru_TJM_sr_gen_a-all_exp-diff-login,ural,ON,1
2026-09-14,2026-09-14 20:00,2026-09-15 00:00,ppc_ru_UFA_sr_dsa_a-all_exp-diff-login,UFA,ON,1
2026-09-14,2026-09-14 20:00,2026-09-15 00:00,ppc_ru_UFA_sr_gen_a-all_exp-diff-login,UFA,ON,1
2026-09-14,2026-09-14 20:00,2026-09-15 00:00,ppc_ru_centr_sr_dsa_a-all_exp-diff-login,centr,OFF,0
2026-09-14,2026-09-14 20:00,2026-09-15 00:00,ppc_ru_centr_sr_gen_a-all_exp-diff-login,centr,OFF,0
2026-09-14,2026-09-14 20:00,2026-09-15 00:00,ppc_ru_sibir_sr_dsa_a-all_exp-diff-login,sibir,ON,1
2026-09-14,2026-09-14 20:00,2026-09-15 00:00,ppc_ru_sibir_sr_gen_a-all_exp-diff-login,sibir,ON,1
2026-09-14,2026-09-14 20:00,2026-09-15 00:00,ppc_ru_ural_sr_dsa_a-all_exp-diff-login,ural,ON,1
2026-09-14,2026-09-14 20:00,2026-09-15 00:00,ppc_ru_ural_sr_gen_a-all_exp-diff-login,ural,ON,1
2026-09-14,2026-09-14 20:00,2026-09-15 00:00,ppc_ru_ural_sr_s-auto_a-all_exp-diff-login,ural,ON,1
2026-09-15,2026-09-15 00:00,2026-09-15 04:00,ppc_ru_IKT_sr_gen_a-all_exp-diff-login,sibir,ON,1
2026-09-15,2026-09-15 00:00,2026-09-15 04:00,ppc_ru_KJA_sr_dsa_a-all_exp-diff-login,KJA,ON,1
2026-09-15,2026-09-15 00:00,2026-09-15 04:00,ppc_ru_KJA_sr_gen_a-all_exp-diff-login,KJA,ON,1
2026-09-15,2026-09-15 00:00,2026-09-15 04:00,ppc_ru_KRR_sr_dsa_a-all_exp-diff-login,KRR,ON,1
2026-09-15,2026-09-15 00:00,2026-09-15 04:00,ppc_ru_KRR_sr_gen_a-all_exp-diff-login,KRR,ON,1
2026-09-15,2026-09-15 00:00,2026-09-15 04:00,ppc_ru_KRR_sr_s-auto_a-all_exp-diff-login,KRR,ON,1
2026-09-15,2026-09-15 00:00,2026-09-15 04:00,ppc_ru_KVKZ_sr_gen_a-all_exp-diff-login,KVKZ,ON,1
2026-09-15,2026-09-15 00:00,2026-09-15 04:00,ppc_ru_KVKZ_sr_s-auto_a-all_exp-diff-login,KVKZ,ON,1
2026-09-15,2026-09-15 00:00,2026-09-15 04:00,ppc_ru_KZN_sr_gen_a-all_exp-diff-login,KZN,OFF,0
2026-09-15,2026-09-15 00:00,2026-09-15 04:00,ppc_ru_KZN_sr_s-auto_a-all_exp-diff-login,KZN,OFF,0
2026-09-15,2026-09-15 00:00,2026-09-15 04:00,ppc_ru_LED_sr_dsa_a-all_exp-diff-login,LED,ON,1
2026-09-15,2026-09-15 00:00,2026-09-15 04:00,ppc_ru_LED_sr_gen_a-all_exp-diff-login,LED,ON,1
2026-09-15,2026-09-15 00:00,2026-09-15 04:00,ppc_ru_LED_sr_s-auto_a-all_exp-diff-login,LED,ON,1
2026-09-15,2026-09-15 00:00,2026-09-15 04:00,ppc_ru_MOW_sr_dsa_a-all_exp-diff-login,MOW,OFF,0
2026-09-15,2026-09-15 00:00,2026-09-15 04:00,ppc_ru_MOW_sr_gen_a-all_exp-diff-login,MOW,OFF,0
2026-09-15,2026-09-15 00:00,2026-09-15 04:00,ppc_ru_MOW_sr_s-auto_a-all_exp-diff-login,MOW,OFF,0
2026-09-15,2026-09-15 00:00,2026-09-15 04:00,ppc_ru_MOW_sr_s-auto_a-all_exp-diff-login_exp_travel-aud,MOW,OFF,0
2026-09-15,2026-09-15 00:00,2026-09-15 04:00,ppc_ru_OVB_sr_dsa_a-all_exp-diff-login,OVB,OFF,0
2026-09-15,2026-09-15 00:00,2026-09-15 04:00,ppc_ru_OVB_sr_gen_a-all_exp-diff-login,OVB,OFF,0
2026-09-15,2026-09-15 00:00,2026-09-15 04:00,ppc_ru_SVX_sr_dsa_a-all_exp-diff-login,ural,OFF,0
2026-09-15,2026-09-15 00:00,2026-09-15 04:00,ppc_ru_SVX_sr_gen_a-all_exp-diff-login,ural,OFF,0
2026-09-15,2026-09-15 00:00,2026-09-15 04:00,ppc_ru_TJM_sr_dsa_a-all_exp-diff-login,ural,OFF,0
2026-09-15,2026-09-15 00:00,2026-09-15 04:00,ppc_ru_TJM_sr_gen_a-all_exp-diff-login,ural,OFF,0
2026-09-15,2026-09-15 00:00,2026-09-15 04:00,ppc_ru_UFA_sr_dsa_a-all_exp-diff-login,UFA,OFF,0
2026-09-15,2026-09-15 00:00,2026-09-15 04:00,ppc_ru_UFA_sr_gen_a-all_exp-diff-login,UFA,OFF,0
2026-09-15,2026-09-15 00:00,2026-09-15 04:00,ppc_ru_centr_sr_dsa_a-all_exp-diff-login,centr,ON,1
2026-09-15,2026-09-15 00:00,2026-09-15 04:00,ppc_ru_centr_sr_gen_a-all_exp-diff-login,centr,ON,1
2026-09-15,2026-09-15 00:00,2026-09-15 04:00,ppc_ru_sibir_sr_dsa_a-all_exp-diff-login,sibir,ON,1
2026-09-15,2026-09-15 00:00,2026-09-15 04:00,ppc_ru_sibir_sr_gen_a-all_exp-diff-login,sibir,ON,1
2026-09-15,2026-09-15 00:00,2026-09-15 04:00,ppc_ru_ural_sr_dsa_a-all_exp-diff-login,ural,OFF,0
2026-09-15,2026-09-15 00:00,2026-09-15 04:00,ppc_ru_ural_sr_gen_a-all_exp-diff-login,ural,OFF,0
2026-09-15,2026-09-15 00:00,2026-09-15 04:00,ppc_ru_ural_sr_s-auto_a-all_exp-diff-login,ural,OFF,0
2026-09-15,2026-09-15 04:00,2026-09-15 08:00,ppc_ru_IKT_sr_gen_a-all_exp-diff-login,sibir,OFF,0
2026-09-15,2026-09-15 04:00,2026-09-15 08:00,ppc_ru_KJA_sr_dsa_a-all_exp-diff-login,KJA,OFF,0
2026-09-15,2026-09-15 04:00,2026-09-15 08:00,ppc_ru_KJA_sr_gen_a-all_exp-diff-login,KJA,OFF,0
2026-09-15,2026-09-15 04:00,2026-09-15 08:00,ppc_ru_KRR_sr_dsa_a-all_exp-diff-login,KRR,OFF,0
2026-09-15,2026-09-15 04:00,2026-09-15 08:00,ppc_ru_KRR_sr_gen_a-all_exp-diff-login,KRR,OFF,0
2026-09-15,2026-09-15 04:00,2026-09-15 08:00,ppc_ru_KRR_sr_s-auto_a-all_exp-diff-login,KRR,OFF,0
2026-09-15,2026-09-15 04:00,2026-09-15 08:00,ppc_ru_KVKZ_sr_gen_a-all_exp-diff-login,KVKZ,ON,1
2026-09-15,2026-09-15 04:00,2026-09-15 08:00,ppc_ru_KVKZ_sr_s-auto_a-all_exp-diff-login,KVKZ,ON,1
2026-09-15,2026-09-15 04:00,2026-09-15 08:00,ppc_ru_KZN_sr_gen_a-all_exp-diff-login,KZN,ON,1
2026-09-15,2026-09-15 04:00,2026-09-15 08:00,ppc_ru_KZN_sr_s-auto_a-all_exp-diff-login,KZN,ON,1
2026-09-15,2026-09-15 04:00,2026-09-15 08:00,ppc_ru_LED_sr_dsa_a-all_exp-diff-login,LED,OFF,0
2026-09-15,2026-09-15 04:00,2026-09-15 08:00,ppc_ru_LED_sr_gen_a-all_exp-diff-login,LED,OFF,0
2026-09-15,2026-09-15 04:00,2026-09-15 08:00,ppc_ru_LED_sr_s-auto_a-all_exp-diff-login,LED,OFF,0
2026-09-15,2026-09-15 04:00,2026-09-15 08:00,ppc_ru_MOW_sr_dsa_a-all_exp-diff-login,MOW,ON,1
2026-09-15,2026-09-15 04:00,2026-09-15 08:00,ppc_ru_MOW_sr_gen_a-all_exp-diff-login,MOW,ON,1
2026-09-15,2026-09-15 04:00,2026-09-15 08:00,ppc_ru_MOW_sr_s-auto_a-all_exp-diff-login,MOW,ON,1
2026-09-15,2026-09-15 04:00,2026-09-15 08:00,ppc_ru_MOW_sr_s-auto_a-all_exp-diff-login_exp_travel-aud,MOW,ON,1
2026-09-15,2026-09-15 04:00,2026-09-15 08:00,ppc_ru_OVB_sr_dsa_a-all_exp-diff-login,OVB,ON,1
2026-09-15,2026-09-15 04:00,2026-09-15 08:00,ppc_ru_OVB_sr_gen_a-all_exp-diff-login,OVB,ON,1
2026-09-15,2026-09-15 04:00,2026-09-15 08:00,ppc_ru_SVX_sr_dsa_a-all_exp-diff-login,ural,ON,1
2026-09-15,2026-09-15 04:00,2026-09-15 08:00,ppc_ru_SVX_sr_gen_a-all_exp-diff-login,ural,ON,1
2026-09-15,2026-09-15 04:00,2026-09-15 08:00,ppc_ru_TJM_sr_dsa_a-all_exp-diff-login,ural,ON,1
2026-09-15,2026-09-15 04:00,2026-09-15 08:00,ppc_ru_TJM_sr_gen_a-all_exp-diff-login,ural,ON,1
2026-09-15,2026-09-15 04:00,2026-09-15 08:00,ppc_ru_UFA_sr_dsa_a-all_exp-diff-login,UFA,ON,1
2026-09-15,2026-09-15 04:00,2026-09-15 08:00,ppc_ru_UFA_sr_gen_a-all_exp-diff-login,UFA,ON,1
2026-09-15,2026-09-15 04:00,2026-09-15 08:00,ppc_ru_centr_sr_dsa_a-all_exp-diff-login,centr,OFF,0
2026-09-15,2026-09-15 04:00,2026-09-15 08:00,ppc_ru_centr_sr_gen_a-all_exp-diff-login,centr,OFF,0
2026-09-15,2026-09-15 04:00,2026-09-15 08:00,ppc_ru_sibir_sr_dsa_a-all_exp-diff-login,sibir,OFF,0
2026-09-15,2026-09-15 04:00,2026-09-15 08:00,ppc_ru_sibir_sr_gen_a-all_exp-diff-login,sibir,OFF,0
2026-09-15,2026-09-15 04:00,2026-09-15 08:00,ppc_ru_ural_sr_dsa_a-all_exp-diff-login,ural,ON,1
2026-09-15,2026-09-15 04:00,2026-09-15 08:00,ppc_ru_ural_sr_gen_a-all_exp-diff-login,ural,ON,1
2026-09-15,2026-09-15 04:00,2026-09-15 08:00,ppc_ru_ural_sr_s-auto_a-all_exp-diff-login,ural,ON,1
2026-09-15,2026-09-15 08:00,2026-09-15 12:00,ppc_ru_IKT_sr_gen_a-all_exp-diff-login,sibir,ON,1
2026-09-15,2026-09-15 08:00,2026-09-15 12:00,ppc_ru_KJA_sr_dsa_a-all_exp-diff-login,KJA,OFF,0
2026-09-15,2026-09-15 08:00,2026-09-15 12:00,ppc_ru_KJA_sr_gen_a-all_exp-diff-login,KJA,OFF,0
2026-09-15,2026-09-15 08:00,2026-09-15 12:00,ppc_ru_KRR_sr_dsa_a-all_exp-diff-login,KRR,OFF,0
2026-09-15,2026-09-15 08:00,2026-09-15 12:00,ppc_ru_KRR_sr_gen_a-all_exp-diff-login,KRR,OFF,0
2026-09-15,2026-09-15 08:00,2026-09-15 12:00,ppc_ru_KRR_sr_s-auto_a-all_exp-diff-login,KRR,OFF,0
2026-09-15,2026-09-15 08:00,2026-09-15 12:00,ppc_ru_KVKZ_sr_gen_a-all_exp-diff-login,KVKZ,ON,1
2026-09-15,2026-09-15 08:00,2026-09-15 12:00,ppc_ru_KVKZ_sr_s-auto_a-all_exp-diff-login,KVKZ,ON,1
2026-09-15,2026-09-15 08:00,2026-09-15 12:00,ppc_ru_KZN_sr_gen_a-all_exp-diff-login,KZN,OFF,0
2026-09-15,2026-09-15 08:00,2026-09-15 12:00,ppc_ru_KZN_sr_s-auto_a-all_exp-diff-login,KZN,OFF,0
2026-09-15,2026-09-15 08:00,2026-09-15 12:00,ppc_ru_LED_sr_dsa_a-all_exp-diff-login,LED,ON,1
2026-09-15,2026-09-15 08:00,2026-09-15 12:00,ppc_ru_LED_sr_gen_a-all_exp-diff-login,LED,ON,1
2026-09-15,2026-09-15 08:00,2026-09-15 12:00,ppc_ru_LED_sr_s-auto_a-all_exp-diff-login,LED,ON,1
2026-09-15,2026-09-15 08:00,2026-09-15 12:00,ppc_ru_MOW_sr_dsa_a-all_exp-diff-login,MOW,ON,1
2026-09-15,2026-09-15 08:00,2026-09-15 12:00,ppc_ru_MOW_sr_gen_a-all_exp-diff-login,MOW,ON,1
2026-09-15,2026-09-15 08:00,2026-09-15 12:00,ppc_ru_MOW_sr_s-auto_a-all_exp-diff-login,MOW,ON,1
2026-09-15,2026-09-15 08:00,2026-09-15 12:00,ppc_ru_MOW_sr_s-auto_a-all_exp-diff-login_exp_travel-aud,MOW,ON,1
2026-09-15,2026-09-15 08:00,2026-09-15 12:00,ppc_ru_OVB_sr_dsa_a-all_exp-diff-login,OVB,ON,1
2026-09-15,2026-09-15 08:00,2026-09-15 12:00,ppc_ru_OVB_sr_gen_a-all_exp-diff-login,OVB,ON,1
2026-09-15,2026-09-15 08:00,2026-09-15 12:00,ppc_ru_SVX_sr_dsa_a-all_exp-diff-login,ural,ON,1
2026-09-15,2026-09-15 08:00,2026-09-15 12:00,ppc_ru_SVX_sr_gen_a-all_exp-diff-login,ural,ON,1
2026-09-15,2026-09-15 08:00,2026-09-15 12:00,ppc_ru_TJM_sr_dsa_a-all_exp-diff-login,ural,ON,1
2026-09-15,2026-09-15 08:00,2026-09-15 12:00,ppc_ru_TJM_sr_gen_a-all_exp-diff-login,ural,ON,1
2026-09-15,2026-09-15 08:00,2026-09-15 12:00,ppc_ru_UFA_sr_dsa_a-all_exp-diff-login,UFA,ON,1
2026-09-15,2026-09-15 08:00,2026-09-15 12:00,ppc_ru_UFA_sr_gen_a-all_exp-diff-login,UFA,ON,1
2026-09-15,2026-09-15 08:00,2026-09-15 12:00,ppc_ru_centr_sr_dsa_a-all_exp-diff-login,centr,OFF,0
2026-09-15,2026-09-15 08:00,2026-09-15 12:00,ppc_ru_centr_sr_gen_a-all_exp-diff-login,centr,OFF,0
2026-09-15,2026-09-15 08:00,2026-09-15 12:00,ppc_ru_sibir_sr_dsa_a-all_exp-diff-login,sibir,ON,1
2026-09-15,2026-09-15 08:00,2026-09-15 12:00,ppc_ru_sibir_sr_gen_a-all_exp-diff-login,sibir,ON,1
2026-09-15,2026-09-15 08:00,2026-09-15 12:00,ppc_ru_ural_sr_dsa_a-all_exp-diff-login,ural,ON,1
2026-09-15,2026-09-15 08:00,2026-09-15 12:00,ppc_ru_ural_sr_gen_a-all_exp-diff-login,ural,ON,1
2026-09-15,2026-09-15 08:00,2026-09-15 12:00,ppc_ru_ural_sr_s-auto_a-all_exp-diff-login,ural,ON,1
2026-09-15,2026-09-15 12:00,2026-09-15 16:00,ppc_ru_IKT_sr_gen_a-all_exp-diff-login,sibir,ON,1
2026-09-15,2026-09-15 12:00,2026-09-15 16:00,ppc_ru_KJA_sr_dsa_a-all_exp-diff-login,KJA,ON,1
2026-09-15,2026-09-15 12:00,2026-09-15 16:00,ppc_ru_KJA_sr_gen_a-all_exp-diff-login,KJA,ON,1
2026-09-15,2026-09-15 12:00,2026-09-15 16:00,ppc_ru_KRR_sr_dsa_a-all_exp-diff-login,KRR,OFF,0
2026-09-15,2026-09-15 12:00,2026-09-15 16:00,ppc_ru_KRR_sr_gen_a-all_exp-diff-login,KRR,OFF,0
2026-09-15,2026-09-15 12:00,2026-09-15 16:00,ppc_ru_KRR_sr_s-auto_a-all_exp-diff-login,KRR,OFF,0
2026-09-15,2026-09-15 12:00,2026-09-15 16:00,ppc_ru_KVKZ_sr_gen_a-all_exp-diff-login,KVKZ,OFF,0
2026-09-15,2026-09-15 12:00,2026-09-15 16:00,ppc_ru_KVKZ_sr_s-auto_a-all_exp-diff-login,KVKZ,OFF,0
2026-09-15,2026-09-15 12:00,2026-09-15 16:00,ppc_ru_KZN_sr_gen_a-all_exp-diff-login,KZN,ON,1
2026-09-15,2026-09-15 12:00,2026-09-15 16:00,ppc_ru_KZN_sr_s-auto_a-all_exp-diff-login,KZN,ON,1
2026-09-15,2026-09-15 12:00,2026-09-15 16:00,ppc_ru_LED_sr_dsa_a-all_exp-diff-login,LED,ON,1
2026-09-15,2026-09-15 12:00,2026-09-15 16:00,ppc_ru_LED_sr_gen_a-all_exp-diff-login,LED,ON,1
2026-09-15,2026-09-15 12:00,2026-09-15 16:00,ppc_ru_LED_sr_s-auto_a-all_exp-diff-login,LED,ON,1
2026-09-15,2026-09-15 12:00,2026-09-15 16:00,ppc_ru_MOW_sr_dsa_a-all_exp-diff-login,MOW,OFF,0
2026-09-15,2026-09-15 12:00,2026-09-15 16:00,ppc_ru_MOW_sr_gen_a-all_exp-diff-login,MOW,OFF,0
2026-09-15,2026-09-15 12:00,2026-09-15 16:00,ppc_ru_MOW_sr_s-auto_a-all_exp-diff-login,MOW,OFF,0
2026-09-15,2026-09-15 12:00,2026-09-15 16:00,ppc_ru_MOW_sr_s-auto_a-all_exp-diff-login_exp_travel-aud,MOW,OFF,0
2026-09-15,2026-09-15 12:00,2026-09-15 16:00,ppc_ru_OVB_sr_dsa_a-all_exp-diff-login,OVB,ON,1
2026-09-15,2026-09-15 12:00,2026-09-15 16:00,ppc_ru_OVB_sr_gen_a-all_exp-diff-login,OVB,ON,1
2026-09-15,2026-09-15 12:00,2026-09-15 16:00,ppc_ru_SVX_sr_dsa_a-all_exp-diff-login,ural,OFF,0
2026-09-15,2026-09-15 12:00,2026-09-15 16:00,ppc_ru_SVX_sr_gen_a-all_exp-diff-login,ural,OFF,0
2026-09-15,2026-09-15 12:00,2026-09-15 16:00,ppc_ru_TJM_sr_dsa_a-all_exp-diff-login,ural,OFF,0
2026-09-15,2026-09-15 12:00,2026-09-15 16:00,ppc_ru_TJM_sr_gen_a-all_exp-diff-login,ural,OFF,0
2026-09-15,2026-09-15 12:00,2026-09-15 16:00,ppc_ru_UFA_sr_dsa_a-all_exp-diff-login,UFA,OFF,0
2026-09-15,2026-09-15 12:00,2026-09-15 16:00,ppc_ru_UFA_sr_gen_a-all_exp-diff-login,UFA,OFF,0
2026-09-15,2026-09-15 12:00,2026-09-15 16:00,ppc_ru_centr_sr_dsa_a-all_exp-diff-login,centr,OFF,0
2026-09-15,2026-09-15 12:00,2026-09-15 16:00,ppc_ru_centr_sr_gen_a-all_exp-diff-login,centr,OFF,0
2026-09-15,2026-09-15 12:00,2026-09-15 16:00,ppc_ru_sibir_sr_dsa_a-all_exp-diff-login,sibir,ON,1
2026-09-15,2026-09-15 12:00,2026-09-15 16:00,ppc_ru_sibir_sr_gen_a-all_exp-diff-login,sibir,ON,1
2026-09-15,2026-09-15 12:00,2026-09-15 16:00,ppc_ru_ural_sr_dsa_a-all_exp-diff-login,ural,OFF,0
2026-09-15,2026-09-15 12:00,2026-09-15 16:00,ppc_ru_ural_sr_gen_a-all_exp-diff-login,ural,OFF,0
2026-09-15,2026-09-15 12:00,2026-09-15 16:00,ppc_ru_ural_sr_s-auto_a-all_exp-diff-login,ural,OFF,0
2026-09-15,2026-09-15 16:00,2026-09-15 20:00,ppc_ru_IKT_sr_gen_a-all_exp-diff-login,sibir,OFF,0
2026-09-15,2026-09-15 16:00,2026-09-15 20:00,ppc_ru_KJA_sr_dsa_a-all_exp-diff-login,KJA,OFF,0
2026-09-15,2026-09-15 16:00,2026-09-15 20:00,ppc_ru_KJA_sr_gen_a-all_exp-diff-login,KJA,OFF,0
2026-09-15,2026-09-15 16:00,2026-09-15 20:00,ppc_ru_KRR_sr_dsa_a-all_exp-diff-login,KRR,ON,1
2026-09-15,2026-09-15 16:00,2026-09-15 20:00,ppc_ru_KRR_sr_gen_a-all_exp-diff-login,KRR,ON,1
2026-09-15,2026-09-15 16:00,2026-09-15 20:00,ppc_ru_KRR_sr_s-auto_a-all_exp-diff-login,KRR,ON,1
2026-09-15,2026-09-15 16:00,2026-09-15 20:00,ppc_ru_KVKZ_sr_gen_a-all_exp-diff-login,KVKZ,OFF,0
2026-09-15,2026-09-15 16:00,2026-09-15 20:00,ppc_ru_KVKZ_sr_s-auto_a-all_exp-diff-login,KVKZ,OFF,0
2026-09-15,2026-09-15 16:00,2026-09-15 20:00,ppc_ru_KZN_sr_gen_a-all_exp-diff-login,KZN,OFF,0
2026-09-15,2026-09-15 16:00,2026-09-15 20:00,ppc_ru_KZN_sr_s-auto_a-all_exp-diff-login,KZN,OFF,0
2026-09-15,2026-09-15 16:00,2026-09-15 20:00,ppc_ru_LED_sr_dsa_a-all_exp-diff-login,LED,OFF,0
2026-09-15,2026-09-15 16:00,2026-09-15 20:00,ppc_ru_LED_sr_gen_a-all_exp-diff-login,LED,OFF,0
2026-09-15,2026-09-15 16:00,2026-09-15 20:00,ppc_ru_LED_sr_s-auto_a-all_exp-diff-login,LED,OFF,0
2026-09-15,2026-09-15 16:00,2026-09-15 20:00,ppc_ru_MOW_sr_dsa_a-all_exp-diff-login,MOW,ON,1
2026-09-15,2026-09-15 16:00,2026-09-15 20:00,ppc_ru_MOW_sr_gen_a-all_exp-diff-login,MOW,ON,1
2026-09-15,2026-09-15 16:00,2026-09-15 20:00,ppc_ru_MOW_sr_s-auto_a-all_exp-diff-login,MOW,ON,1
2026-09-15,2026-09-15 16:00,2026-09-15 20:00,ppc_ru_MOW_sr_s-auto_a-all_exp-diff-login_exp_travel-aud,MOW,ON,1
2026-09-15,2026-09-15 16:00,2026-09-15 20:00,ppc_ru_OVB_sr_dsa_a-all_exp-diff-login,OVB,OFF,0
2026-09-15,2026-09-15 16:00,2026-09-15 20:00,ppc_ru_OVB_sr_gen_a-all_exp-diff-login,OVB,OFF,0
2026-09-15,2026-09-15 16:00,2026-09-15 20:00,ppc_ru_SVX_sr_dsa_a-all_exp-diff-login,ural,ON,1
2026-09-15,2026-09-15 16:00,2026-09-15 20:00,ppc_ru_SVX_sr_gen_a-all_exp-diff-login,ural,ON,1
2026-09-15,2026-09-15 16:00,2026-09-15 20:00,ppc_ru_TJM_sr_dsa_a-all_exp-diff-login,ural,ON,1
2026-09-15,2026-09-15 16:00,2026-09-15 20:00,ppc_ru_TJM_sr_gen_a-all_exp-diff-login,ural,ON,1
2026-09-15,2026-09-15 16:00,2026-09-15 20:00,ppc_ru_UFA_sr_dsa_a-all_exp-diff-login,UFA,OFF,0
2026-09-15,2026-09-15 16:00,2026-09-15 20:00,ppc_ru_UFA_sr_gen_a-all_exp-diff-login,UFA,OFF,0
2026-09-15,2026-09-15 16:00,2026-09-15 20:00,ppc_ru_centr_sr_dsa_a-all_exp-diff-login,centr,ON,1
2026-09-15,2026-09-15 16:00,2026-09-15 20:00,ppc_ru_centr_sr_gen_a-all_exp-diff-login,centr,ON,1
2026-09-15,2026-09-15 16:00,2026-09-15 20:00,ppc_ru_sibir_sr_dsa_a-all_exp-diff-login,sibir,OFF,0
2026-09-15,2026-09-15 16:00,2026-09-15 20:00,ppc_ru_sibir_sr_gen_a-all_exp-diff-login,sibir,OFF,0
2026-09-15,2026-09-15 16:00,2026-09-15 20:00,ppc_ru_ural_sr_dsa_a-all_exp-diff-login,ural,ON,1
2026-09-15,2026-09-15 16:00,2026-09-15 20:00,ppc_ru_ural_sr_gen_a-all_exp-diff-login,ural,ON,1
2026-09-15,2026-09-15 16:00,2026-09-15 20:00,ppc_ru_ural_sr_s-auto_a-all_exp-diff-login,ural,ON,1
2026-09-15,2026-09-15 20:00,2026-09-16 00:00,ppc_ru_IKT_sr_gen_a-all_exp-diff-login,sibir,OFF,0
2026-09-15,2026-09-15 20:00,2026-09-16 00:00,ppc_ru_KJA_sr_dsa_a-all_exp-diff-login,KJA,ON,1
2026-09-15,2026-09-15 20:00,2026-09-16 00:00,ppc_ru_KJA_sr_gen_a-all_exp-diff-login,KJA,ON,1
2026-09-15,2026-09-15 20:00,2026-09-16 00:00,ppc_ru_KRR_sr_dsa_a-all_exp-diff-login,KRR,ON,1
2026-09-15,2026-09-15 20:00,2026-09-16 00:00,ppc_ru_KRR_sr_gen_a-all_exp-diff-login,KRR,ON,1
2026-09-15,2026-09-15 20:00,2026-09-16 00:00,ppc_ru_KRR_sr_s-auto_a-all_exp-diff-login,KRR,ON,1
2026-09-15,2026-09-15 20:00,2026-09-16 00:00,ppc_ru_KVKZ_sr_gen_a-all_exp-diff-login,KVKZ,OFF,0
2026-09-15,2026-09-15 20:00,2026-09-16 00:00,ppc_ru_KVKZ_sr_s-auto_a-all_exp-diff-login,KVKZ,OFF,0
2026-09-15,2026-09-15 20:00,2026-09-16 00:00,ppc_ru_KZN_sr_gen_a-all_exp-diff-login,KZN,ON,1
2026-09-15,2026-09-15 20:00,2026-09-16 00:00,ppc_ru_KZN_sr_s-auto_a-all_exp-diff-login,KZN,ON,1
2026-09-15,2026-09-15 20:00,2026-09-16 00:00,ppc_ru_LED_sr_dsa_a-all_exp-diff-login,LED,OFF,0
2026-09-15,2026-09-15 20:00,2026-09-16 00:00,ppc_ru_LED_sr_gen_a-all_exp-diff-login,LED,OFF,0
2026-09-15,2026-09-15 20:00,2026-09-16 00:00,ppc_ru_LED_sr_s-auto_a-all_exp-diff-login,LED,OFF,0
2026-09-15,2026-09-15 20:00,2026-09-16 00:00,ppc_ru_MOW_sr_dsa_a-all_exp-diff-login,MOW,OFF,0
2026-09-15,2026-09-15 20:00,2026-09-16 00:00,ppc_ru_MOW_sr_gen_a-all_exp-diff-login,MOW,OFF,0
2026-09-15,2026-09-15 20:00,2026-09-16 00:00,ppc_ru_MOW_sr_s-auto_a-all_exp-diff-login,MOW,OFF,0
2026-09-15,2026-09-15 20:00,2026-09-16 00:00,ppc_ru_MOW_sr_s-auto_a-all_exp-diff-login_exp_travel-aud,MOW,OFF,0
2026-09-15,2026-09-15 20:00,2026-09-16 00:00,ppc_ru_OVB_sr_dsa_a-all_exp-diff-login,OVB,OFF,0
2026-09-15,2026-09-15 20:00,2026-09-16 00:00,ppc_ru_OVB_sr_gen_a-all_exp-diff-login,OVB,OFF,0
2026-09-15,2026-09-15 20:00,2026-09-16 00:00,ppc_ru_SVX_sr_dsa_a-all_exp-diff-login,ural,OFF,0
2026-09-15,2026-09-15 20:00,2026-09-16 00:00,ppc_ru_SVX_sr_gen_a-all_exp-diff-login,ural,OFF,0
2026-09-15,2026-09-15 20:00,2026-09-16 00:00,ppc_ru_TJM_sr_dsa_a-all_exp-diff-login,ural,OFF,0
2026-09-15,2026-09-15 20:00,2026-09-16 00:00,ppc_ru_TJM_sr_gen_a-all_exp-diff-login,ural,OFF,0
2026-09-15,2026-09-15 20:00,2026-09-16 00:00,ppc_ru_UFA_sr_dsa_a-all_exp-diff-login,UFA,ON,1
2026-09-15,2026-09-15 20:00,2026-09-16 00:00,ppc_ru_UFA_sr_gen_a-all_exp-diff-login,UFA,ON,1
2026-09-15,2026-09-15 20:00,2026-09-16 00:00,ppc_ru_centr_sr_dsa_a-all_exp-diff-login,centr,ON,1
2026-09-15,2026-09-15 20:00,2026-09-16 00:00,ppc_ru_centr_sr_gen_a-all_exp-diff-login,centr,ON,1
2026-09-15,2026-09-15 20:00,2026-09-16 00:00,ppc_ru_sibir_sr_dsa_a-all_exp-diff-login,sibir,OFF,0
2026-09-15,2026-09-15 20:00,2026-09-16 00:00,ppc_ru_sibir_sr_gen_a-all_exp-diff-login,sibir,OFF,0
2026-09-15,2026-09-15 20:00,2026-09-16 00:00,ppc_ru_ural_sr_dsa_a-all_exp-diff-login,ural,OFF,0
2026-09-15,2026-09-15 20:00,2026-09-16 00:00,ppc_ru_ural_sr_gen_a-all_exp-diff-login,ural,OFF,0
2026-09-15,2026-09-15 20:00,2026-09-16 00:00,ppc_ru_ural_sr_s-auto_a-all_exp-diff-login,ural,OFF,0
2026-09-16,2026-09-16 00:00,2026-09-16 04:00,ppc_ru_IKT_sr_gen_a-all_exp-diff-login,sibir,OFF,0
2026-09-16,2026-09-16 00:00,2026-09-16 04:00,ppc_ru_KJA_sr_dsa_a-all_exp-diff-login,KJA,OFF,0
2026-09-16,2026-09-16 00:00,2026-09-16 04:00,ppc_ru_KJA_sr_gen_a-all_exp-diff-login,KJA,OFF,0
2026-09-16,2026-09-16 00:00,2026-09-16 04:00,ppc_ru_KRR_sr_dsa_a-all_exp-diff-login,KRR,ON,1
2026-09-16,2026-09-16 00:00,2026-09-16 04:00,ppc_ru_KRR_sr_gen_a-all_exp-diff-login,KRR,ON,1
2026-09-16,2026-09-16 00:00,2026-09-16 04:00,ppc_ru_KRR_sr_s-auto_a-all_exp-diff-login,KRR,ON,1
2026-09-16,2026-09-16 00:00,2026-09-16 04:00,ppc_ru_KVKZ_sr_gen_a-all_exp-diff-login,KVKZ,ON,1
2026-09-16,2026-09-16 00:00,2026-09-16 04:00,ppc_ru_KVKZ_sr_s-auto_a-all_exp-diff-login,KVKZ,ON,1
2026-09-16,2026-09-16 00:00,2026-09-16 04:00,ppc_ru_KZN_sr_gen_a-all_exp-diff-login,KZN,OFF,0
2026-09-16,2026-09-16 00:00,2026-09-16 04:00,ppc_ru_KZN_sr_s-auto_a-all_exp-diff-login,KZN,OFF,0
2026-09-16,2026-09-16 00:00,2026-09-16 04:00,ppc_ru_LED_sr_dsa_a-all_exp-diff-login,LED,ON,1
2026-09-16,2026-09-16 00:00,2026-09-16 04:00,ppc_ru_LED_sr_gen_a-all_exp-diff-login,LED,ON,1
2026-09-16,2026-09-16 00:00,2026-09-16 04:00,ppc_ru_LED_sr_s-auto_a-all_exp-diff-login,LED,ON,1
2026-09-16,2026-09-16 00:00,2026-09-16 04:00,ppc_ru_MOW_sr_dsa_a-all_exp-diff-login,MOW,OFF,0
2026-09-16,2026-09-16 00:00,2026-09-16 04:00,ppc_ru_MOW_sr_gen_a-all_exp-diff-login,MOW,OFF,0
2026-09-16,2026-09-16 00:00,2026-09-16 04:00,ppc_ru_MOW_sr_s-auto_a-all_exp-diff-login,MOW,OFF,0
2026-09-16,2026-09-16 00:00,2026-09-16 04:00,ppc_ru_MOW_sr_s-auto_a-all_exp-diff-login_exp_travel-aud,MOW,OFF,0
2026-09-16,2026-09-16 00:00,2026-09-16 04:00,ppc_ru_OVB_sr_dsa_a-all_exp-diff-login,OVB,OFF,0
2026-09-16,2026-09-16 00:00,2026-09-16 04:00,ppc_ru_OVB_sr_gen_a-all_exp-diff-login,OVB,OFF,0
2026-09-16,2026-09-16 00:00,2026-09-16 04:00,ppc_ru_SVX_sr_dsa_a-all_exp-diff-login,ural,OFF,0
2026-09-16,2026-09-16 00:00,2026-09-16 04:00,ppc_ru_SVX_sr_gen_a-all_exp-diff-login,ural,OFF,0
2026-09-16,2026-09-16 00:00,2026-09-16 04:00,ppc_ru_TJM_sr_dsa_a-all_exp-diff-login,ural,OFF,0
2026-09-16,2026-09-16 00:00,2026-09-16 04:00,ppc_ru_TJM_sr_gen_a-all_exp-diff-login,ural,OFF,0
2026-09-16,2026-09-16 00:00,2026-09-16 04:00,ppc_ru_UFA_sr_dsa_a-all_exp-diff-login,UFA,OFF,0
2026-09-16,2026-09-16 00:00,2026-09-16 04:00,ppc_ru_UFA_sr_gen_a-all_exp-diff-login,UFA,OFF,0
2026-09-16,2026-09-16 00:00,2026-09-16 04:00,ppc_ru_centr_sr_dsa_a-all_exp-diff-login,centr,OFF,0
2026-09-16,2026-09-16 00:00,2026-09-16 04:00,ppc_ru_centr_sr_gen_a-all_exp-diff-login,centr,OFF,0
2026-09-16,2026-09-16 00:00,2026-09-16 04:00,ppc_ru_sibir_sr_dsa_a-all_exp-diff-login,sibir,OFF,0
2026-09-16,2026-09-16 00:00,2026-09-16 04:00,ppc_ru_sibir_sr_gen_a-all_exp-diff-login,sibir,OFF,0
2026-09-16,2026-09-16 00:00,2026-09-16 04:00,ppc_ru_ural_sr_dsa_a-all_exp-diff-login,ural,OFF,0
2026-09-16,2026-09-16 00:00,2026-09-16 04:00,ppc_ru_ural_sr_gen_a-all_exp-diff-login,ural,OFF,0
2026-09-16,2026-09-16 00:00,2026-09-16 04:00,ppc_ru_ural_sr_s-auto_a-all_exp-diff-login,ural,OFF,0
2026-09-16,2026-09-16 04:00,2026-09-16 08:00,ppc_ru_IKT_sr_gen_a-all_exp-diff-login,sibir,ON,1
2026-09-16,2026-09-16 04:00,2026-09-16 08:00,ppc_ru_KJA_sr_dsa_a-all_exp-diff-login,KJA,OFF,0
2026-09-16,2026-09-16 04:00,2026-09-16 08:00,ppc_ru_KJA_sr_gen_a-all_exp-diff-login,KJA,OFF,0
2026-09-16,2026-09-16 04:00,2026-09-16 08:00,ppc_ru_KRR_sr_dsa_a-all_exp-diff-login,KRR,OFF,0
2026-09-16,2026-09-16 04:00,2026-09-16 08:00,ppc_ru_KRR_sr_gen_a-all_exp-diff-login,KRR,OFF,0
2026-09-16,2026-09-16 04:00,2026-09-16 08:00,ppc_ru_KRR_sr_s-auto_a-all_exp-diff-login,KRR,OFF,0
2026-09-16,2026-09-16 04:00,2026-09-16 08:00,ppc_ru_KVKZ_sr_gen_a-all_exp-diff-login,KVKZ,ON,1
2026-09-16,2026-09-16 04:00,2026-09-16 08:00,ppc_ru_KVKZ_sr_s-auto_a-all_exp-diff-login,KVKZ,ON,1
2026-09-16,2026-09-16 04:00,2026-09-16 08:00,ppc_ru_KZN_sr_gen_a-all_exp-diff-login,KZN,ON,1
2026-09-16,2026-09-16 04:00,2026-09-16 08:00,ppc_ru_KZN_sr_s-auto_a-all_exp-diff-login,KZN,ON,1
2026-09-16,2026-09-16 04:00,2026-09-16 08:00,ppc_ru_LED_sr_dsa_a-all_exp-diff-login,LED,ON,1
2026-09-16,2026-09-16 04:00,2026-09-16 08:00,ppc_ru_LED_sr_gen_a-all_exp-diff-login,LED,ON,1
2026-09-16,2026-09-16 04:00,2026-09-16 08:00,ppc_ru_LED_sr_s-auto_a-all_exp-diff-login,LED,ON,1
2026-09-16,2026-09-16 04:00,2026-09-16 08:00,ppc_ru_MOW_sr_dsa_a-all_exp-diff-login,MOW,ON,1
2026-09-16,2026-09-16 04:00,2026-09-16 08:00,ppc_ru_MOW_sr_gen_a-all_exp-diff-login,MOW,ON,1
2026-09-16,2026-09-16 04:00,2026-09-16 08:00,ppc_ru_MOW_sr_s-auto_a-all_exp-diff-login,MOW,ON,1
2026-09-16,2026-09-16 04:00,2026-09-16 08:00,ppc_ru_MOW_sr_s-auto_a-all_exp-diff-login_exp_travel-aud,MOW,ON,1
2026-09-16,2026-09-16 04:00,2026-09-16 08:00,ppc_ru_OVB_sr_dsa_a-all_exp-diff-login,OVB,ON,1
2026-09-16,2026-09-16 04:00,2026-09-16 08:00,ppc_ru_OVB_sr_gen_a-all_exp-diff-login,OVB,ON,1
2026-09-16,2026-09-16 04:00,2026-09-16 08:00,ppc_ru_SVX_sr_dsa_a-all_exp-diff-login,ural,ON,1
2026-09-16,2026-09-16 04:00,2026-09-16 08:00,ppc_ru_SVX_sr_gen_a-all_exp-diff-login,ural,ON,1
2026-09-16,2026-09-16 04:00,2026-09-16 08:00,ppc_ru_TJM_sr_dsa_a-all_exp-diff-login,ural,ON,1
2026-09-16,2026-09-16 04:00,2026-09-16 08:00,ppc_ru_TJM_sr_gen_a-all_exp-diff-login,ural,ON,1
2026-09-16,2026-09-16 04:00,2026-09-16 08:00,ppc_ru_UFA_sr_dsa_a-all_exp-diff-login,UFA,ON,1
2026-09-16,2026-09-16 04:00,2026-09-16 08:00,ppc_ru_UFA_sr_gen_a-all_exp-diff-login,UFA,ON,1
2026-09-16,2026-09-16 04:00,2026-09-16 08:00,ppc_ru_centr_sr_dsa_a-all_exp-diff-login,centr,ON,1
2026-09-16,2026-09-16 04:00,2026-09-16 08:00,ppc_ru_centr_sr_gen_a-all_exp-diff-login,centr,ON,1
2026-09-16,2026-09-16 04:00,2026-09-16 08:00,ppc_ru_sibir_sr_dsa_a-all_exp-diff-login,sibir,ON,1
2026-09-16,2026-09-16 04:00,2026-09-16 08:00,ppc_ru_sibir_sr_gen_a-all_exp-diff-login,sibir,ON,1
2026-09-16,2026-09-16 04:00,2026-09-16 08:00,ppc_ru_ural_sr_dsa_a-all_exp-diff-login,ural,ON,1
2026-09-16,2026-09-16 04:00,2026-09-16 08:00,ppc_ru_ural_sr_gen_a-all_exp-diff-login,ural,ON,1
2026-09-16,2026-09-16 04:00,2026-09-16 08:00,ppc_ru_ural_sr_s-auto_a-all_exp-diff-login,ural,ON,1
2026-09-16,2026-09-16 08:00,2026-09-16 12:00,ppc_ru_IKT_sr_gen_a-all_exp-diff-login,sibir,ON,1
2026-09-16,2026-09-16 08:00,2026-09-16 12:00,ppc_ru_KJA_sr_dsa_a-all_exp-diff-login,KJA,ON,1
2026-09-16,2026-09-16 08:00,2026-09-16 12:00,ppc_ru_KJA_sr_gen_a-all_exp-diff-login,KJA,ON,1
2026-09-16,2026-09-16 08:00,2026-09-16 12:00,ppc_ru_KRR_sr_dsa_a-all_exp-diff-login,KRR,ON,1
2026-09-16,2026-09-16 08:00,2026-09-16 12:00,ppc_ru_KRR_sr_gen_a-all_exp-diff-login,KRR,ON,1
2026-09-16,2026-09-16 08:00,2026-09-16 12:00,ppc_ru_KRR_sr_s-auto_a-all_exp-diff-login,KRR,ON,1
2026-09-16,2026-09-16 08:00,2026-09-16 12:00,ppc_ru_KVKZ_sr_gen_a-all_exp-diff-login,KVKZ,OFF,0
2026-09-16,2026-09-16 08:00,2026-09-16 12:00,ppc_ru_KVKZ_sr_s-auto_a-all_exp-diff-login,KVKZ,OFF,0
2026-09-16,2026-09-16 08:00,2026-09-16 12:00,ppc_ru_KZN_sr_gen_a-all_exp-diff-login,KZN,ON,1
2026-09-16,2026-09-16 08:00,2026-09-16 12:00,ppc_ru_KZN_sr_s-auto_a-all_exp-diff-login,KZN,ON,1
2026-09-16,2026-09-16 08:00,2026-09-16 12:00,ppc_ru_LED_sr_dsa_a-all_exp-diff-login,LED,OFF,0
2026-09-16,2026-09-16 08:00,2026-09-16 12:00,ppc_ru_LED_sr_gen_a-all_exp-diff-login,LED,OFF,0
2026-09-16,2026-09-16 08:00,2026-09-16 12:00,ppc_ru_LED_sr_s-auto_a-all_exp-diff-login,LED,OFF,0
2026-09-16,2026-09-16 08:00,2026-09-16 12:00,ppc_ru_MOW_sr_dsa_a-all_exp-diff-login,MOW,ON,1
2026-09-16,2026-09-16 08:00,2026-09-16 12:00,ppc_ru_MOW_sr_gen_a-all_exp-diff-login,MOW,ON,1
2026-09-16,2026-09-16 08:00,2026-09-16 12:00,ppc_ru_MOW_sr_s-auto_a-all_exp-diff-login,MOW,ON,1
2026-09-16,2026-09-16 08:00,2026-09-16 12:00,ppc_ru_MOW_sr_s-auto_a-all_exp-diff-login_exp_travel-aud,MOW,ON,1
2026-09-16,2026-09-16 08:00,2026-09-16 12:00,ppc_ru_OVB_sr_dsa_a-all_exp-diff-login,OVB,OFF,0
2026-09-16,2026-09-16 08:00,2026-09-16 12:00,ppc_ru_OVB_sr_gen_a-all_exp-diff-login,OVB,OFF,0
2026-09-16,2026-09-16 08:00,2026-09-16 12:00,ppc_ru_SVX_sr_dsa_a-all_exp-diff-login,ural,OFF,0
2026-09-16,2026-09-16 08:00,2026-09-16 12:00,ppc_ru_SVX_sr_gen_a-all_exp-diff-login,ural,OFF,0
2026-09-16,2026-09-16 08:00,2026-09-16 12:00,ppc_ru_TJM_sr_dsa_a-all_exp-diff-login,ural,OFF,0
2026-09-16,2026-09-16 08:00,2026-09-16 12:00,ppc_ru_TJM_sr_gen_a-all_exp-diff-login,ural,OFF,0
2026-09-16,2026-09-16 08:00,2026-09-16 12:00,ppc_ru_UFA_sr_dsa_a-all_exp-diff-login,UFA,ON,1
2026-09-16,2026-09-16 08:00,2026-09-16 12:00,ppc_ru_UFA_sr_gen_a-all_exp-diff-login,UFA,ON,1
2026-09-16,2026-09-16 08:00,2026-09-16 12:00,ppc_ru_centr_sr_dsa_a-all_exp-diff-login,centr,OFF,0
2026-09-16,2026-09-16 08:00,2026-09-16 12:00,ppc_ru_centr_sr_gen_a-all_exp-diff-login,centr,OFF,0
2026-09-16,2026-09-16 08:00,2026-09-16 12:00,ppc_ru_sibir_sr_dsa_a-all_exp-diff-login,sibir,ON,1
2026-09-16,2026-09-16 08:00,2026-09-16 12:00,ppc_ru_sibir_sr_gen_a-all_exp-diff-login,sibir,ON,1
2026-09-16,2026-09-16 08:00,2026-09-16 12:00,ppc_ru_ural_sr_dsa_a-all_exp-diff-login,ural,OFF,0
2026-09-16,2026-09-16 08:00,2026-09-16 12:00,ppc_ru_ural_sr_gen_a-all_exp-diff-login,ural,OFF,0
2026-09-16,2026-09-16 08:00,2026-09-16 12:00,ppc_ru_ural_sr_s-auto_a-all_exp-diff-login,ural,OFF,0
2026-09-16,2026-09-16 12:00,2026-09-16 16:00,ppc_ru_IKT_sr_gen_a-all_exp-diff-login,sibir,OFF,0
2026-09-16,2026-09-16 12:00,2026-09-16 16:00,ppc_ru_KJA_sr_dsa_a-all_exp-diff-login,KJA,ON,1
2026-09-16,2026-09-16 12:00,2026-09-16 16:00,ppc_ru_KJA_sr_gen_a-all_exp-diff-login,KJA,ON,1
2026-09-16,2026-09-16 12:00,2026-09-16 16:00,ppc_ru_KRR_sr_dsa_a-all_exp-diff-login,KRR,OFF,0
2026-09-16,2026-09-16 12:00,2026-09-16 16:00,ppc_ru_KRR_sr_gen_a-all_exp-diff-login,KRR,OFF,0
2026-09-16,2026-09-16 12:00,2026-09-16 16:00,ppc_ru_KRR_sr_s-auto_a-all_exp-diff-login,KRR,OFF,0
2026-09-16,2026-09-16 12:00,2026-09-16 16:00,ppc_ru_KVKZ_sr_gen_a-all_exp-diff-login,KVKZ,OFF,0
2026-09-16,2026-09-16 12:00,2026-09-16 16:00,ppc_ru_KVKZ_sr_s-auto_a-all_exp-diff-login,KVKZ,OFF,0
2026-09-16,2026-09-16 12:00,2026-09-16 16:00,ppc_ru_KZN_sr_gen_a-all_exp-diff-login,KZN,OFF,0
2026-09-16,2026-09-16 12:00,2026-09-16 16:00,ppc_ru_KZN_sr_s-auto_a-all_exp-diff-login,KZN,OFF,0
2026-09-16,2026-09-16 12:00,2026-09-16 16:00,ppc_ru_LED_sr_dsa_a-all_exp-diff-login,LED,OFF,0
2026-09-16,2026-09-16 12:00,2026-09-16 16:00,ppc_ru_LED_sr_gen_a-all_exp-diff-login,LED,OFF,0
2026-09-16,2026-09-16 12:00,2026-09-16 16:00,ppc_ru_LED_sr_s-auto_a-all_exp-diff-login,LED,OFF,0
2026-09-16,2026-09-16 12:00,2026-09-16 16:00,ppc_ru_MOW_sr_dsa_a-all_exp-diff-login,MOW,OFF,0
2026-09-16,2026-09-16 12:00,2026-09-16 16:00,ppc_ru_MOW_sr_gen_a-all_exp-diff-login,MOW,OFF,0
2026-09-16,2026-09-16 12:00,2026-09-16 16:00,ppc_ru_MOW_sr_s-auto_a-all_exp-diff-login,MOW,OFF,0
2026-09-16,2026-09-16 12:00,2026-09-16 16:00,ppc_ru_MOW_sr_s-auto_a-all_exp-diff-login_exp_travel-aud,MOW,OFF,0
2026-09-16,2026-09-16 12:00,2026-09-16 16:00,ppc_ru_OVB_sr_dsa_a-all_exp-diff-login,OVB,ON,1
2026-09-16,2026-09-16 12:00,2026-09-16 16:00,ppc_ru_OVB_sr_gen_a-all_exp-diff-login,OVB,ON,1
2026-09-16,2026-09-16 12:00,2026-09-16 16:00,ppc_ru_SVX_sr_dsa_a-all_exp-diff-login,ural,OFF,0
2026-09-16,2026-09-16 12:00,2026-09-16 16:00,ppc_ru_SVX_sr_gen_a-all_exp-diff-login,ural,OFF,0
2026-09-16,2026-09-16 12:00,2026-09-16 16:00,ppc_ru_TJM_sr_dsa_a-all_exp-diff-login,ural,OFF,0
2026-09-16,2026-09-16 12:00,2026-09-16 16:00,ppc_ru_TJM_sr_gen_a-all_exp-diff-login,ural,OFF,0
2026-09-16,2026-09-16 12:00,2026-09-16 16:00,ppc_ru_UFA_sr_dsa_a-all_exp-diff-login,UFA,OFF,0
2026-09-16,2026-09-16 12:00,2026-09-16 16:00,ppc_ru_UFA_sr_gen_a-all_exp-diff-login,UFA,OFF,0
2026-09-16,2026-09-16 12:00,2026-09-16 16:00,ppc_ru_centr_sr_dsa_a-all_exp-diff-login,centr,ON,1
2026-09-16,2026-09-16 12:00,2026-09-16 16:00,ppc_ru_centr_sr_gen_a-all_exp-diff-login,centr,ON,1
2026-09-16,2026-09-16 12:00,2026-09-16 16:00,ppc_ru_sibir_sr_dsa_a-all_exp-diff-login,sibir,OFF,0
2026-09-16,2026-09-16 12:00,2026-09-16 16:00,ppc_ru_sibir_sr_gen_a-all_exp-diff-login,sibir,OFF,0
2026-09-16,2026-09-16 12:00,2026-09-16 16:00,ppc_ru_ural_sr_dsa_a-all_exp-diff-login,ural,OFF,0
2026-09-16,2026-09-16 12:00,2026-09-16 16:00,ppc_ru_ural_sr_gen_a-all_exp-diff-login,ural,OFF,0
2026-09-16,2026-09-16 12:00,2026-09-16 16:00,ppc_ru_ural_sr_s-auto_a-all_exp-diff-login,ural,OFF,0
2026-09-16,2026-09-16 16:00,2026-09-16 20:00,ppc_ru_IKT_sr_gen_a-all_exp-diff-login,sibir,OFF,0
2026-09-16,2026-09-16 16:00,2026-09-16 20:00,ppc_ru_KJA_sr_dsa_a-all_exp-diff-login,KJA,OFF,0
2026-09-16,2026-09-16 16:00,2026-09-16 20:00,ppc_ru_KJA_sr_gen_a-all_exp-diff-login,KJA,OFF,0
2026-09-16,2026-09-16 16:00,2026-09-16 20:00,ppc_ru_KRR_sr_dsa_a-all_exp-diff-login,KRR,OFF,0
2026-09-16,2026-09-16 16:00,2026-09-16 20:00,ppc_ru_KRR_sr_gen_a-all_exp-diff-login,KRR,OFF,0
2026-09-16,2026-09-16 16:00,2026-09-16 20:00,ppc_ru_KRR_sr_s-auto_a-all_exp-diff-login,KRR,OFF,0
2026-09-16,2026-09-16 16:00,2026-09-16 20:00,ppc_ru_KVKZ_sr_gen_a-all_exp-diff-login,KVKZ,OFF,0
2026-09-16,2026-09-16 16:00,2026-09-16 20:00,ppc_ru_KVKZ_sr_s-auto_a-all_exp-diff-login,KVKZ,OFF,0
2026-09-16,2026-09-16 16:00,2026-09-16 20:00,ppc_ru_KZN_sr_gen_a-all_exp-diff-login,KZN,ON,1
2026-09-16,2026-09-16 16:00,2026-09-16 20:00,ppc_ru_KZN_sr_s-auto_a-all_exp-diff-login,KZN,ON,1
2026-09-16,2026-09-16 16:00,2026-09-16 20:00,ppc_ru_LED_sr_dsa_a-all_exp-diff-login,LED,OFF,0
2026-09-16,2026-09-16 16:00,2026-09-16 20:00,ppc_ru_LED_sr_gen_a-all_exp-diff-login,LED,OFF,0
2026-09-16,2026-09-16 16:00,2026-09-16 20:00,ppc_ru_LED_sr_s-auto_a-all_exp-diff-login,LED,OFF,0
2026-09-16,2026-09-16 16:00,2026-09-16 20:00,ppc_ru_MOW_sr_dsa_a-all_exp-diff-login,MOW,ON,1
2026-09-16,2026-09-16 16:00,2026-09-16 20:00,ppc_ru_MOW_sr_gen_a-all_exp-diff-login,MOW,ON,1
2026-09-16,2026-09-16 16:00,2026-09-16 20:00,ppc_ru_MOW_sr_s-auto_a-all_exp-diff-login,MOW,ON,1
2026-09-16,2026-09-16 16:00,2026-09-16 20:00,ppc_ru_MOW_sr_s-auto_a-all_exp-diff-login_exp_travel-aud,MOW,ON,1
2026-09-16,2026-09-16 16:00,2026-09-16 20:00,ppc_ru_OVB_sr_dsa_a-all_exp-diff-login,OVB,ON,1
2026-09-16,2026-09-16 16:00,2026-09-16 20:00,ppc_ru_OVB_sr_gen_a-all_exp-diff-login,OVB,ON,1
2026-09-16,2026-09-16 16:00,2026-09-16 20:00,ppc_ru_SVX_sr_dsa_a-all_exp-diff-login,ural,ON,1
2026-09-16,2026-09-16 16:00,2026-09-16 20:00,ppc_ru_SVX_sr_gen_a-all_exp-diff-login,ural,ON,1
2026-09-16,2026-09-16 16:00,2026-09-16 20:00,ppc_ru_TJM_sr_dsa_a-all_exp-diff-login,ural,ON,1
2026-09-16,2026-09-16 16:00,2026-09-16 20:00,ppc_ru_TJM_sr_gen_a-all_exp-diff-login,ural,ON,1
2026-09-16,2026-09-16 16:00,2026-09-16 20:00,ppc_ru_UFA_sr_dsa_a-all_exp-diff-login,UFA,OFF,0
2026-09-16,2026-09-16 16:00,2026-09-16 20:00,ppc_ru_UFA_sr_gen_a-all_exp-diff-login,UFA,OFF,0
2026-09-16,2026-09-16 16:00,2026-09-16 20:00,ppc_ru_centr_sr_dsa_a-all_exp-diff-login,centr,ON,1
2026-09-16,2026-09-16 16:00,2026-09-16 20:00,ppc_ru_centr_sr_gen_a-all_exp-diff-login,centr,ON,1
2026-09-16,2026-09-16 16:00,2026-09-16 20:00,ppc_ru_sibir_sr_dsa_a-all_exp-diff-login,sibir,OFF,0
2026-09-16,2026-09-16 16:00,2026-09-16 20:00,ppc_ru_sibir_sr_gen_a-all_exp-diff-login,sibir,OFF,0
2026-09-16,2026-09-16 16:00,2026-09-16 20:00,ppc_ru_ural_sr_dsa_a-all_exp-diff-login,ural,ON,1
2026-09-16,2026-09-16 16:00,2026-09-16 20:00,ppc_ru_ural_sr_gen_a-all_exp-diff-login,ural,ON,1
2026-09-16,2026-09-16 16:00,2026-09-16 20:00,ppc_ru_ural_sr_s-auto_a-all_exp-diff-login,ural,ON,1
2026-09-16,2026-09-16 20:00,2026-09-17 00:00,ppc_ru_IKT_sr_gen_a-all_exp-diff-login,sibir,ON,1
2026-09-16,2026-09-16 20:00,2026-09-17 00:00,ppc_ru_KJA_sr_dsa_a-all_exp-diff-login,KJA,ON,1
2026-09-16,2026-09-16 20:00,2026-09-17 00:00,ppc_ru_KJA_sr_gen_a-all_exp-diff-login,KJA,ON,1
2026-09-16,2026-09-16 20:00,2026-09-17 00:00,ppc_ru_KRR_sr_dsa_a-all_exp-diff-login,KRR,ON,1
2026-09-16,2026-09-16 20:00,2026-09-17 00:00,ppc_ru_KRR_sr_gen_a-all_exp-diff-login,KRR,ON,1
2026-09-16,2026-09-16 20:00,2026-09-17 00:00,ppc_ru_KRR_sr_s-auto_a-all_exp-diff-login,KRR,ON,1
2026-09-16,2026-09-16 20:00,2026-09-17 00:00,ppc_ru_KVKZ_sr_gen_a-all_exp-diff-login,KVKZ,ON,1
2026-09-16,2026-09-16 20:00,2026-09-17 00:00,ppc_ru_KVKZ_sr_s-auto_a-all_exp-diff-login,KVKZ,ON,1
2026-09-16,2026-09-16 20:00,2026-09-17 00:00,ppc_ru_KZN_sr_gen_a-all_exp-diff-login,KZN,OFF,0
2026-09-16,2026-09-16 20:00,2026-09-17 00:00,ppc_ru_KZN_sr_s-auto_a-all_exp-diff-login,KZN,OFF,0
2026-09-16,2026-09-16 20:00,2026-09-17 00:00,ppc_ru_LED_sr_dsa_a-all_exp-diff-login,LED,ON,1
2026-09-16,2026-09-16 20:00,2026-09-17 00:00,ppc_ru_LED_sr_gen_a-all_exp-diff-login,LED,ON,1
2026-09-16,2026-09-16 20:00,2026-09-17 00:00,ppc_ru_LED_sr_s-auto_a-all_exp-diff-login,LED,ON,1
2026-09-16,2026-09-16 20:00,2026-09-17 00:00,ppc_ru_MOW_sr_dsa_a-all_exp-diff-login,MOW,OFF,0
2026-09-16,2026-09-16 20:00,2026-09-17 00:00,ppc_ru_MOW_sr_gen_a-all_exp-diff-login,MOW,OFF,0
2026-09-16,2026-09-16 20:00,2026-09-17 00:00,ppc_ru_MOW_sr_s-auto_a-all_exp-diff-login,MOW,OFF,0
2026-09-16,2026-09-16 20:00,2026-09-17 00:00,ppc_ru_MOW_sr_s-auto_a-all_exp-diff-login_exp_travel-aud,MOW,OFF,0
2026-09-16,2026-09-16 20:00,2026-09-17 00:00,ppc_ru_OVB_sr_dsa_a-all_exp-diff-login,OVB,OFF,0
2026-09-16,2026-09-16 20:00,2026-09-17 00:00,ppc_ru_OVB_sr_gen_a-all_exp-diff-login,OVB,OFF,0
2026-09-16,2026-09-16 20:00,2026-09-17 00:00,ppc_ru_SVX_sr_dsa_a-all_exp-diff-login,ural,ON,1
2026-09-16,2026-09-16 20:00,2026-09-17 00:00,ppc_ru_SVX_sr_gen_a-all_exp-diff-login,ural,ON,1
2026-09-16,2026-09-16 20:00,2026-09-17 00:00,ppc_ru_TJM_sr_dsa_a-all_exp-diff-login,ural,ON,1
2026-09-16,2026-09-16 20:00,2026-09-17 00:00,ppc_ru_TJM_sr_gen_a-all_exp-diff-login,ural,ON,1
2026-09-16,2026-09-16 20:00,2026-09-17 00:00,ppc_ru_UFA_sr_dsa_a-all_exp-diff-login,UFA,ON,1
2026-09-16,2026-09-16 20:00,2026-09-17 00:00,ppc_ru_UFA_sr_gen_a-all_exp-diff-login,UFA,ON,1
2026-09-16,2026-09-16 20:00,2026-09-17 00:00,ppc_ru_centr_sr_dsa_a-all_exp-diff-login,centr,OFF,0
2026-09-16,2026-09-16 20:00,2026-09-17 00:00,ppc_ru_centr_sr_gen_a-all_exp-diff-login,centr,OFF,0
2026-09-16,2026-09-16 20:00,2026-09-17 00:00,ppc_ru_sibir_sr_dsa_a-all_exp-diff-login,sibir,ON,1
2026-09-16,2026-09-16 20:00,2026-09-17 00:00,ppc_ru_sibir_sr_gen_a-all_exp-diff-login,sibir,ON,1
2026-09-16,2026-09-16 20:00,2026-09-17 00:00,ppc_ru_ural_sr_dsa_a-all_exp-diff-login,ural,ON,1
2026-09-16,2026-09-16 20:00,2026-09-17 00:00,ppc_ru_ural_sr_gen_a-all_exp-diff-login,ural,ON,1
2026-09-16,2026-09-16 20:00,2026-09-17 00:00,ppc_ru_ural_sr_s-auto_a-all_exp-diff-login,ural,ON,1
2026-09-17,2026-09-17 00:00,2026-09-17 04:00,ppc_ru_IKT_sr_gen_a-all_exp-diff-login,sibir,OFF,0
2026-09-17,2026-09-17 00:00,2026-09-17 04:00,ppc_ru_KJA_sr_dsa_a-all_exp-diff-login,KJA,OFF,0
2026-09-17,2026-09-17 00:00,2026-09-17 04:00,ppc_ru_KJA_sr_gen_a-all_exp-diff-login,KJA,OFF,0
2026-09-17,2026-09-17 00:00,2026-09-17 04:00,ppc_ru_KRR_sr_dsa_a-all_exp-diff-login,KRR,OFF,0
2026-09-17,2026-09-17 00:00,2026-09-17 04:00,ppc_ru_KRR_sr_gen_a-all_exp-diff-login,KRR,OFF,0
2026-09-17,2026-09-17 00:00,2026-09-17 04:00,ppc_ru_KRR_sr_s-auto_a-all_exp-diff-login,KRR,OFF,0
2026-09-17,2026-09-17 00:00,2026-09-17 04:00,ppc_ru_KVKZ_sr_gen_a-all_exp-diff-login,KVKZ,ON,1
2026-09-17,2026-09-17 00:00,2026-09-17 04:00,ppc_ru_KVKZ_sr_s-auto_a-all_exp-diff-login,KVKZ,ON,1
2026-09-17,2026-09-17 00:00,2026-09-17 04:00,ppc_ru_KZN_sr_gen_a-all_exp-diff-login,KZN,OFF,0
2026-09-17,2026-09-17 00:00,2026-09-17 04:00,ppc_ru_KZN_sr_s-auto_a-all_exp-diff-login,KZN,OFF,0
2026-09-17,2026-09-17 00:00,2026-09-17 04:00,ppc_ru_LED_sr_dsa_a-all_exp-diff-login,LED,OFF,0
2026-09-17,2026-09-17 00:00,2026-09-17 04:00,ppc_ru_LED_sr_gen_a-all_exp-diff-login,LED,OFF,0
2026-09-17,2026-09-17 00:00,2026-09-17 04:00,ppc_ru_LED_sr_s-auto_a-all_exp-diff-login,LED,OFF,0
2026-09-17,2026-09-17 00:00,2026-09-17 04:00,ppc_ru_MOW_sr_dsa_a-all_exp-diff-login,MOW,ON,1
2026-09-17,2026-09-17 00:00,2026-09-17 04:00,ppc_ru_MOW_sr_gen_a-all_exp-diff-login,MOW,ON,1
2026-09-17,2026-09-17 00:00,2026-09-17 04:00,ppc_ru_MOW_sr_s-auto_a-all_exp-diff-login,MOW,ON,1
2026-09-17,2026-09-17 00:00,2026-09-17 04:00,ppc_ru_MOW_sr_s-auto_a-all_exp-diff-login_exp_travel-aud,MOW,ON,1
2026-09-17,2026-09-17 00:00,2026-09-17 04:00,ppc_ru_OVB_sr_dsa_a-all_exp-diff-login,OVB,ON,1
2026-09-17,2026-09-17 00:00,2026-09-17 04:00,ppc_ru_OVB_sr_gen_a-all_exp-diff-login,OVB,ON,1
2026-09-17,2026-09-17 00:00,2026-09-17 04:00,ppc_ru_SVX_sr_dsa_a-all_exp-diff-login,ural,ON,1
2026-09-17,2026-09-17 00:00,2026-09-17 04:00,ppc_ru_SVX_sr_gen_a-all_exp-diff-login,ural,ON,1
2026-09-17,2026-09-17 00:00,2026-09-17 04:00,ppc_ru_TJM_sr_dsa_a-all_exp-diff-login,ural,ON,1
2026-09-17,2026-09-17 00:00,2026-09-17 04:00,ppc_ru_TJM_sr_gen_a-all_exp-diff-login,ural,ON,1
2026-09-17,2026-09-17 00:00,2026-09-17 04:00,ppc_ru_UFA_sr_dsa_a-all_exp-diff-login,UFA,OFF,0
2026-09-17,2026-09-17 00:00,2026-09-17 04:00,ppc_ru_UFA_sr_gen_a-all_exp-diff-login,UFA,OFF,0
2026-09-17,2026-09-17 00:00,2026-09-17 04:00,ppc_ru_centr_sr_dsa_a-all_exp-diff-login,centr,ON,1
2026-09-17,2026-09-17 00:00,2026-09-17 04:00,ppc_ru_centr_sr_gen_a-all_exp-diff-login,centr,ON,1
2026-09-17,2026-09-17 00:00,2026-09-17 04:00,ppc_ru_sibir_sr_dsa_a-all_exp-diff-login,sibir,OFF,0
2026-09-17,2026-09-17 00:00,2026-09-17 04:00,ppc_ru_sibir_sr_gen_a-all_exp-diff-login,sibir,OFF,0
2026-09-17,2026-09-17 00:00,2026-09-17 04:00,ppc_ru_ural_sr_dsa_a-all_exp-diff-login,ural,ON,1
2026-09-17,2026-09-17 00:00,2026-09-17 04:00,ppc_ru_ural_sr_gen_a-all_exp-diff-login,ural,ON,1
2026-09-17,2026-09-17 00:00,2026-09-17 04:00,ppc_ru_ural_sr_s-auto_a-all_exp-diff-login,ural,ON,1
2026-09-17,2026-09-17 04:00,2026-09-17 08:00,ppc_ru_IKT_sr_gen_a-all_exp-diff-login,sibir,ON,1
2026-09-17,2026-09-17 04:00,2026-09-17 08:00,ppc_ru_KJA_sr_dsa_a-all_exp-diff-login,KJA,ON,1
2026-09-17,2026-09-17 04:00,2026-09-17 08:00,ppc_ru_KJA_sr_gen_a-all_exp-diff-login,KJA,ON,1
2026-09-17,2026-09-17 04:00,2026-09-17 08:00,ppc_ru_KRR_sr_dsa_a-all_exp-diff-login,KRR,ON,1
2026-09-17,2026-09-17 04:00,2026-09-17 08:00,ppc_ru_KRR_sr_gen_a-all_exp-diff-login,KRR,ON,1
2026-09-17,2026-09-17 04:00,2026-09-17 08:00,ppc_ru_KRR_sr_s-auto_a-all_exp-diff-login,KRR,ON,1
2026-09-17,2026-09-17 04:00,2026-09-17 08:00,ppc_ru_KVKZ_sr_gen_a-all_exp-diff-login,KVKZ,OFF,0
2026-09-17,2026-09-17 04:00,2026-09-17 08:00,ppc_ru_KVKZ_sr_s-auto_a-all_exp-diff-login,KVKZ,OFF,0
2026-09-17,2026-09-17 04:00,2026-09-17 08:00,ppc_ru_KZN_sr_gen_a-all_exp-diff-login,KZN,ON,1
2026-09-17,2026-09-17 04:00,2026-09-17 08:00,ppc_ru_KZN_sr_s-auto_a-all_exp-diff-login,KZN,ON,1
2026-09-17,2026-09-17 04:00,2026-09-17 08:00,ppc_ru_LED_sr_dsa_a-all_exp-diff-login,LED,ON,1
2026-09-17,2026-09-17 04:00,2026-09-17 08:00,ppc_ru_LED_sr_gen_a-all_exp-diff-login,LED,ON,1
2026-09-17,2026-09-17 04:00,2026-09-17 08:00,ppc_ru_LED_sr_s-auto_a-all_exp-diff-login,LED,ON,1
2026-09-17,2026-09-17 04:00,2026-09-17 08:00,ppc_ru_MOW_sr_dsa_a-all_exp-diff-login,MOW,ON,1
2026-09-17,2026-09-17 04:00,2026-09-17 08:00,ppc_ru_MOW_sr_gen_a-all_exp-diff-login,MOW,ON,1
2026-09-17,2026-09-17 04:00,2026-09-17 08:00,ppc_ru_MOW_sr_s-auto_a-all_exp-diff-login,MOW,ON,1
2026-09-17,2026-09-17 04:00,2026-09-17 08:00,ppc_ru_MOW_sr_s-auto_a-all_exp-diff-login_exp_travel-aud,MOW,ON,1
2026-09-17,2026-09-17 04:00,2026-09-17 08:00,ppc_ru_OVB_sr_dsa_a-all_exp-diff-login,OVB,ON,1
2026-09-17,2026-09-17 04:00,2026-09-17 08:00,ppc_ru_OVB_sr_gen_a-all_exp-diff-login,OVB,ON,1
2026-09-17,2026-09-17 04:00,2026-09-17 08:00,ppc_ru_SVX_sr_dsa_a-all_exp-diff-login,ural,ON,1
2026-09-17,2026-09-17 04:00,2026-09-17 08:00,ppc_ru_SVX_sr_gen_a-all_exp-diff-login,ural,ON,1
2026-09-17,2026-09-17 04:00,2026-09-17 08:00,ppc_ru_TJM_sr_dsa_a-all_exp-diff-login,ural,ON,1
2026-09-17,2026-09-17 04:00,2026-09-17 08:00,ppc_ru_TJM_sr_gen_a-all_exp-diff-login,ural,ON,1
2026-09-17,2026-09-17 04:00,2026-09-17 08:00,ppc_ru_UFA_sr_dsa_a-all_exp-diff-login,UFA,ON,1
2026-09-17,2026-09-17 04:00,2026-09-17 08:00,ppc_ru_UFA_sr_gen_a-all_exp-diff-login,UFA,ON,1
2026-09-17,2026-09-17 04:00,2026-09-17 08:00,ppc_ru_centr_sr_dsa_a-all_exp-diff-login,centr,OFF,0
2026-09-17,2026-09-17 04:00,2026-09-17 08:00,ppc_ru_centr_sr_gen_a-all_exp-diff-login,centr,OFF,0
2026-09-17,2026-09-17 04:00,2026-09-17 08:00,ppc_ru_sibir_sr_dsa_a-all_exp-diff-login,sibir,ON,1
2026-09-17,2026-09-17 04:00,2026-09-17 08:00,ppc_ru_sibir_sr_gen_a-all_exp-diff-login,sibir,ON,1
2026-09-17,2026-09-17 04:00,2026-09-17 08:00,ppc_ru_ural_sr_dsa_a-all_exp-diff-login,ural,ON,1
2026-09-17,2026-09-17 04:00,2026-09-17 08:00,ppc_ru_ural_sr_gen_a-all_exp-diff-login,ural,ON,1
2026-09-17,2026-09-17 04:00,2026-09-17 08:00,ppc_ru_ural_sr_s-auto_a-all_exp-diff-login,ural,ON,1
2026-09-17,2026-09-17 08:00,2026-09-17 12:00,ppc_ru_IKT_sr_gen_a-all_exp-diff-login,sibir,ON,1
2026-09-17,2026-09-17 08:00,2026-09-17 12:00,ppc_ru_KJA_sr_dsa_a-all_exp-diff-login,KJA,ON,1
2026-09-17,2026-09-17 08:00,2026-09-17 12:00,ppc_ru_KJA_sr_gen_a-all_exp-diff-login,KJA,ON,1
2026-09-17,2026-09-17 08:00,2026-09-17 12:00,ppc_ru_KRR_sr_dsa_a-all_exp-diff-login,KRR,OFF,0
2026-09-17,2026-09-17 08:00,2026-09-17 12:00,ppc_ru_KRR_sr_gen_a-all_exp-diff-login,KRR,OFF,0
2026-09-17,2026-09-17 08:00,2026-09-17 12:00,ppc_ru_KRR_sr_s-auto_a-all_exp-diff-login,KRR,OFF,0
2026-09-17,2026-09-17 08:00,2026-09-17 12:00,ppc_ru_KVKZ_sr_gen_a-all_exp-diff-login,KVKZ,ON,1
2026-09-17,2026-09-17 08:00,2026-09-17 12:00,ppc_ru_KVKZ_sr_s-auto_a-all_exp-diff-login,KVKZ,ON,1
2026-09-17,2026-09-17 08:00,2026-09-17 12:00,ppc_ru_KZN_sr_gen_a-all_exp-diff-login,KZN,OFF,0
2026-09-17,2026-09-17 08:00,2026-09-17 12:00,ppc_ru_KZN_sr_s-auto_a-all_exp-diff-login,KZN,OFF,0
2026-09-17,2026-09-17 08:00,2026-09-17 12:00,ppc_ru_LED_sr_dsa_a-all_exp-diff-login,LED,ON,1
2026-09-17,2026-09-17 08:00,2026-09-17 12:00,ppc_ru_LED_sr_gen_a-all_exp-diff-login,LED,ON,1
2026-09-17,2026-09-17 08:00,2026-09-17 12:00,ppc_ru_LED_sr_s-auto_a-all_exp-diff-login,LED,ON,1
2026-09-17,2026-09-17 08:00,2026-09-17 12:00,ppc_ru_MOW_sr_dsa_a-all_exp-diff-login,MOW,OFF,0
2026-09-17,2026-09-17 08:00,2026-09-17 12:00,ppc_ru_MOW_sr_gen_a-all_exp-diff-login,MOW,OFF,0
2026-09-17,2026-09-17 08:00,2026-09-17 12:00,ppc_ru_MOW_sr_s-auto_a-all_exp-diff-login,MOW,OFF,0
2026-09-17,2026-09-17 08:00,2026-09-17 12:00,ppc_ru_MOW_sr_s-auto_a-all_exp-diff-login_exp_travel-aud,MOW,OFF,0
2026-09-17,2026-09-17 08:00,2026-09-17 12:00,ppc_ru_OVB_sr_dsa_a-all_exp-diff-login,OVB,OFF,0
2026-09-17,2026-09-17 08:00,2026-09-17 12:00,ppc_ru_OVB_sr_gen_a-all_exp-diff-login,OVB,OFF,0
2026-09-17,2026-09-17 08:00,2026-09-17 12:00,ppc_ru_SVX_sr_dsa_a-all_exp-diff-login,ural,OFF,0
2026-09-17,2026-09-17 08:00,2026-09-17 12:00,ppc_ru_SVX_sr_gen_a-all_exp-diff-login,ural,OFF,0
2026-09-17,2026-09-17 08:00,2026-09-17 12:00,ppc_ru_TJM_sr_dsa_a-all_exp-diff-login,ural,OFF,0
2026-09-17,2026-09-17 08:00,2026-09-17 12:00,ppc_ru_TJM_sr_gen_a-all_exp-diff-login,ural,OFF,0
2026-09-17,2026-09-17 08:00,2026-09-17 12:00,ppc_ru_UFA_sr_dsa_a-all_exp-diff-login,UFA,ON,1
2026-09-17,2026-09-17 08:00,2026-09-17 12:00,ppc_ru_UFA_sr_gen_a-all_exp-diff-login,UFA,ON,1
2026-09-17,2026-09-17 08:00,2026-09-17 12:00,ppc_ru_centr_sr_dsa_a-all_exp-diff-login,centr,ON,1
2026-09-17,2026-09-17 08:00,2026-09-17 12:00,ppc_ru_centr_sr_gen_a-all_exp-diff-login,centr,ON,1
2026-09-17,2026-09-17 08:00,2026-09-17 12:00,ppc_ru_sibir_sr_dsa_a-all_exp-diff-login,sibir,ON,1
2026-09-17,2026-09-17 08:00,2026-09-17 12:00,ppc_ru_sibir_sr_gen_a-all_exp-diff-login,sibir,ON,1
2026-09-17,2026-09-17 08:00,2026-09-17 12:00,ppc_ru_ural_sr_dsa_a-all_exp-diff-login,ural,OFF,0
2026-09-17,2026-09-17 08:00,2026-09-17 12:00,ppc_ru_ural_sr_gen_a-all_exp-diff-login,ural,OFF,0
2026-09-17,2026-09-17 08:00,2026-09-17 12:00,ppc_ru_ural_sr_s-auto_a-all_exp-diff-login,ural,OFF,0
2026-09-17,2026-09-17 12:00,2026-09-17 16:00,ppc_ru_IKT_sr_gen_a-all_exp-diff-login,sibir,OFF,0
2026-09-17,2026-09-17 12:00,2026-09-17 16:00,ppc_ru_KJA_sr_dsa_a-all_exp-diff-login,KJA,OFF,0
2026-09-17,2026-09-17 12:00,2026-09-17 16:00,ppc_ru_KJA_sr_gen_a-all_exp-diff-login,KJA,OFF,0
2026-09-17,2026-09-17 12:00,2026-09-17 16:00,ppc_ru_KRR_sr_dsa_a-all_exp-diff-login,KRR,OFF,0
2026-09-17,2026-09-17 12:00,2026-09-17 16:00,ppc_ru_KRR_sr_gen_a-all_exp-diff-login,KRR,OFF,0
2026-09-17,2026-09-17 12:00,2026-09-17 16:00,ppc_ru_KRR_sr_s-auto_a-all_exp-diff-login,KRR,OFF,0
2026-09-17,2026-09-17 12:00,2026-09-17 16:00,ppc_ru_KVKZ_sr_gen_a-all_exp-diff-login,KVKZ,OFF,0
2026-09-17,2026-09-17 12:00,2026-09-17 16:00,ppc_ru_KVKZ_sr_s-auto_a-all_exp-diff-login,KVKZ,OFF,0
2026-09-17,2026-09-17 12:00,2026-09-17 16:00,ppc_ru_KZN_sr_gen_a-all_exp-diff-login,KZN,OFF,0
2026-09-17,2026-09-17 12:00,2026-09-17 16:00,ppc_ru_KZN_sr_s-auto_a-all_exp-diff-login,KZN,OFF,0
2026-09-17,2026-09-17 12:00,2026-09-17 16:00,ppc_ru_LED_sr_dsa_a-all_exp-diff-login,LED,OFF,0
2026-09-17,2026-09-17 12:00,2026-09-17 16:00,ppc_ru_LED_sr_gen_a-all_exp-diff-login,LED,OFF,0
2026-09-17,2026-09-17 12:00,2026-09-17 16:00,ppc_ru_LED_sr_s-auto_a-all_exp-diff-login,LED,OFF,0
2026-09-17,2026-09-17 12:00,2026-09-17 16:00,ppc_ru_MOW_sr_dsa_a-all_exp-diff-login,MOW,OFF,0
2026-09-17,2026-09-17 12:00,2026-09-17 16:00,ppc_ru_MOW_sr_gen_a-all_exp-diff-login,MOW,OFF,0
2026-09-17,2026-09-17 12:00,2026-09-17 16:00,ppc_ru_MOW_sr_s-auto_a-all_exp-diff-login,MOW,OFF,0
2026-09-17,2026-09-17 12:00,2026-09-17 16:00,ppc_ru_MOW_sr_s-auto_a-all_exp-diff-login_exp_travel-aud,MOW,OFF,0
2026-09-17,2026-09-17 12:00,2026-09-17 16:00,ppc_ru_OVB_sr_dsa_a-all_exp-diff-login,OVB,OFF,0
2026-09-17,2026-09-17 12:00,2026-09-17 16:00,ppc_ru_OVB_sr_gen_a-all_exp-diff-login,OVB,OFF,0
2026-09-17,2026-09-17 12:00,2026-09-17 16:00,ppc_ru_SVX_sr_dsa_a-all_exp-diff-login,ural,OFF,0
2026-09-17,2026-09-17 12:00,2026-09-17 16:00,ppc_ru_SVX_sr_gen_a-all_exp-diff-login,ural,OFF,0
2026-09-17,2026-09-17 12:00,2026-09-17 16:00,ppc_ru_TJM_sr_dsa_a-all_exp-diff-login,ural,OFF,0
2026-09-17,2026-09-17 12:00,2026-09-17 16:00,ppc_ru_TJM_sr_gen_a-all_exp-diff-login,ural,OFF,0
2026-09-17,2026-09-17 12:00,2026-09-17 16:00,ppc_ru_UFA_sr_dsa_a-all_exp-diff-login,UFA,OFF,0
2026-09-17,2026-09-17 12:00,2026-09-17 16:00,ppc_ru_UFA_sr_gen_a-all_exp-diff-login,UFA,OFF,0
2026-09-17,2026-09-17 12:00,2026-09-17 16:00,ppc_ru_centr_sr_dsa_a-all_exp-diff-login,centr,OFF,0
2026-09-17,2026-09-17 12:00,2026-09-17 16:00,ppc_ru_centr_sr_gen_a-all_exp-diff-login,centr,OFF,0
2026-09-17,2026-09-17 12:00,2026-09-17 16:00,ppc_ru_sibir_sr_dsa_a-all_exp-diff-login,sibir,OFF,0
2026-09-17,2026-09-17 12:00,2026-09-17 16:00,ppc_ru_sibir_sr_gen_a-all_exp-diff-login,sibir,OFF,0
2026-09-17,2026-09-17 12:00,2026-09-17 16:00,ppc_ru_ural_sr_dsa_a-all_exp-diff-login,ural,OFF,0
2026-09-17,2026-09-17 12:00,2026-09-17 16:00,ppc_ru_ural_sr_gen_a-all_exp-diff-login,ural,OFF,0
2026-09-17,2026-09-17 12:00,2026-09-17 16:00,ppc_ru_ural_sr_s-auto_a-all_exp-diff-login,ural,OFF,0
2026-09-17,2026-09-17 16:00,2026-09-17 20:00,ppc_ru_IKT_sr_gen_a-all_exp-diff-login,sibir,ON,1
2026-09-17,2026-09-17 16:00,2026-09-17 20:00,ppc_ru_KJA_sr_dsa_a-all_exp-diff-login,KJA,OFF,0
2026-09-17,2026-09-17 16:00,2026-09-17 20:00,ppc_ru_KJA_sr_gen_a-all_exp-diff-login,KJA,OFF,0
2026-09-17,2026-09-17 16:00,2026-09-17 20:00,ppc_ru_KRR_sr_dsa_a-all_exp-diff-login,KRR,ON,1
2026-09-17,2026-09-17 16:00,2026-09-17 20:00,ppc_ru_KRR_sr_gen_a-all_exp-diff-login,KRR,ON,1
2026-09-17,2026-09-17 16:00,2026-09-17 20:00,ppc_ru_KRR_sr_s-auto_a-all_exp-diff-login,KRR,ON,1
2026-09-17,2026-09-17 16:00,2026-09-17 20:00,ppc_ru_KVKZ_sr_gen_a-all_exp-diff-login,KVKZ,OFF,0
2026-09-17,2026-09-17 16:00,2026-09-17 20:00,ppc_ru_KVKZ_sr_s-auto_a-all_exp-diff-login,KVKZ,OFF,0
2026-09-17,2026-09-17 16:00,2026-09-17 20:00,ppc_ru_KZN_sr_gen_a-all_exp-diff-login,KZN,ON,1
2026-09-17,2026-09-17 16:00,2026-09-17 20:00,ppc_ru_KZN_sr_s-auto_a-all_exp-diff-login,KZN,ON,1
2026-09-17,2026-09-17 16:00,2026-09-17 20:00,ppc_ru_LED_sr_dsa_a-all_exp-diff-login,LED,OFF,0
2026-09-17,2026-09-17 16:00,2026-09-17 20:00,ppc_ru_LED_sr_gen_a-all_exp-diff-login,LED,OFF,0
2026-09-17,2026-09-17 16:00,2026-09-17 20:00,ppc_ru_LED_sr_s-auto_a-all_exp-diff-login,LED,OFF,0
2026-09-17,2026-09-17 16:00,2026-09-17 20:00,ppc_ru_MOW_sr_dsa_a-all_exp-diff-login,MOW,ON,1
2026-09-17,2026-09-17 16:00,2026-09-17 20:00,ppc_ru_MOW_sr_gen_a-all_exp-diff-login,MOW,ON,1
2026-09-17,2026-09-17 16:00,2026-09-17 20:00,ppc_ru_MOW_sr_s-auto_a-all_exp-diff-login,MOW,ON,1
2026-09-17,2026-09-17 16:00,2026-09-17 20:00,ppc_ru_MOW_sr_s-auto_a-all_exp-diff-login_exp_travel-aud,MOW,ON,1
2026-09-17,2026-09-17 16:00,2026-09-17 20:00,ppc_ru_OVB_sr_dsa_a-all_exp-diff-login,OVB,ON,1
2026-09-17,2026-09-17 16:00,2026-09-17 20:00,ppc_ru_OVB_sr_gen_a-all_exp-diff-login,OVB,ON,1
2026-09-17,2026-09-17 16:00,2026-09-17 20:00,ppc_ru_SVX_sr_dsa_a-all_exp-diff-login,ural,ON,1
2026-09-17,2026-09-17 16:00,2026-09-17 20:00,ppc_ru_SVX_sr_gen_a-all_exp-diff-login,ural,ON,1
2026-09-17,2026-09-17 16:00,2026-09-17 20:00,ppc_ru_TJM_sr_dsa_a-all_exp-diff-login,ural,ON,1
2026-09-17,2026-09-17 16:00,2026-09-17 20:00,ppc_ru_TJM_sr_gen_a-all_exp-diff-login,ural,ON,1
2026-09-17,2026-09-17 16:00,2026-09-17 20:00,ppc_ru_UFA_sr_dsa_a-all_exp-diff-login,UFA,ON,1
2026-09-17,2026-09-17 16:00,2026-09-17 20:00,ppc_ru_UFA_sr_gen_a-all_exp-diff-login,UFA,ON,1
2026-09-17,2026-09-17 16:00,2026-09-17 20:00,ppc_ru_centr_sr_dsa_a-all_exp-diff-login,centr,OFF,0
2026-09-17,2026-09-17 16:00,2026-09-17 20:00,ppc_ru_centr_sr_gen_a-all_exp-diff-login,centr,OFF,0
2026-09-17,2026-09-17 16:00,2026-09-17 20:00,ppc_ru_sibir_sr_dsa_a-all_exp-diff-login,sibir,ON,1
2026-09-17,2026-09-17 16:00,2026-09-17 20:00,ppc_ru_sibir_sr_gen_a-all_exp-diff-login,sibir,ON,1
2026-09-17,2026-09-17 16:00,2026-09-17 20:00,ppc_ru_ural_sr_dsa_a-all_exp-diff-login,ural,ON,1
2026-09-17,2026-09-17 16:00,2026-09-17 20:00,ppc_ru_ural_sr_gen_a-all_exp-diff-login,ural,ON,1
2026-09-17,2026-09-17 16:00,2026-09-17 20:00,ppc_ru_ural_sr_s-auto_a-all_exp-diff-login,ural,ON,1
2026-09-17,2026-09-17 20:00,2026-09-18 00:00,ppc_ru_IKT_sr_gen_a-all_exp-diff-login,sibir,OFF,0
2026-09-17,2026-09-17 20:00,2026-09-18 00:00,ppc_ru_KJA_sr_dsa_a-all_exp-diff-login,KJA,ON,1
2026-09-17,2026-09-17 20:00,2026-09-18 00:00,ppc_ru_KJA_sr_gen_a-all_exp-diff-login,KJA,ON,1
2026-09-17,2026-09-17 20:00,2026-09-18 00:00,ppc_ru_KRR_sr_dsa_a-all_exp-diff-login,KRR,ON,1
2026-09-17,2026-09-17 20:00,2026-09-18 00:00,ppc_ru_KRR_sr_gen_a-all_exp-diff-login,KRR,ON,1
2026-09-17,2026-09-17 20:00,2026-09-18 00:00,ppc_ru_KRR_sr_s-auto_a-all_exp-diff-login,KRR,ON,1
2026-09-17,2026-09-17 20:00,2026-09-18 00:00,ppc_ru_KVKZ_sr_gen_a-all_exp-diff-login,KVKZ,ON,1
2026-09-17,2026-09-17 20:00,2026-09-18 00:00,ppc_ru_KVKZ_sr_s-auto_a-all_exp-diff-login,KVKZ,ON,1
2026-09-17,2026-09-17 20:00,2026-09-18 00:00,ppc_ru_KZN_sr_gen_a-all_exp-diff-login,KZN,ON,1
2026-09-17,2026-09-17 20:00,2026-09-18 00:00,ppc_ru_KZN_sr_s-auto_a-all_exp-diff-login,KZN,ON,1
2026-09-17,2026-09-17 20:00,2026-09-18 00:00,ppc_ru_LED_sr_dsa_a-all_exp-diff-login,LED,ON,1
2026-09-17,2026-09-17 20:00,2026-09-18 00:00,ppc_ru_LED_sr_gen_a-all_exp-diff-login,LED,ON,1
2026-09-17,2026-09-17 20:00,2026-09-18 00:00,ppc_ru_LED_sr_s-auto_a-all_exp-diff-login,LED,ON,1
2026-09-17,2026-09-17 20:00,2026-09-18 00:00,ppc_ru_MOW_sr_dsa_a-all_exp-diff-login,MOW,OFF,0
2026-09-17,2026-09-17 20:00,2026-09-18 00:00,ppc_ru_MOW_sr_gen_a-all_exp-diff-login,MOW,OFF,0
2026-09-17,2026-09-17 20:00,2026-09-18 00:00,ppc_ru_MOW_sr_s-auto_a-all_exp-diff-login,MOW,OFF,0
2026-09-17,2026-09-17 20:00,2026-09-18 00:00,ppc_ru_MOW_sr_s-auto_a-all_exp-diff-login_exp_travel-aud,MOW,OFF,0
2026-09-17,2026-09-17 20:00,2026-09-18 00:00,ppc_ru_OVB_sr_dsa_a-all_exp-diff-login,OVB,OFF,0
2026-09-17,2026-09-17 20:00,2026-09-18 00:00,ppc_ru_OVB_sr_gen_a-all_exp-diff-login,OVB,OFF,0
2026-09-17,2026-09-17 20:00,2026-09-18 00:00,ppc_ru_SVX_sr_dsa_a-all_exp-diff-login,ural,OFF,0
2026-09-17,2026-09-17 20:00,2026-09-18 00:00,ppc_ru_SVX_sr_gen_a-all_exp-diff-login,ural,OFF,0
2026-09-17,2026-09-17 20:00,2026-09-18 00:00,ppc_ru_TJM_sr_dsa_a-all_exp-diff-login,ural,OFF,0
2026-09-17,2026-09-17 20:00,2026-09-18 00:00,ppc_ru_TJM_sr_gen_a-all_exp-diff-login,ural,OFF,0
2026-09-17,2026-09-17 20:00,2026-09-18 00:00,ppc_ru_UFA_sr_dsa_a-all_exp-diff-login,UFA,OFF,0
2026-09-17,2026-09-17 20:00,2026-09-18 00:00,ppc_ru_UFA_sr_gen_a-all_exp-diff-login,UFA,OFF,0
2026-09-17,2026-09-17 20:00,2026-09-18 00:00,ppc_ru_centr_sr_dsa_a-all_exp-diff-login,centr,ON,1
2026-09-17,2026-09-17 20:00,2026-09-18 00:00,ppc_ru_centr_sr_gen_a-all_exp-diff-login,centr,ON,1
2026-09-17,2026-09-17 20:00,2026-09-18 00:00,ppc_ru_sibir_sr_dsa_a-all_exp-diff-login,sibir,OFF,0
2026-09-17,2026-09-17 20:00,2026-09-18 00:00,ppc_ru_sibir_sr_gen_a-all_exp-diff-login,sibir,OFF,0
2026-09-17,2026-09-17 20:00,2026-09-18 00:00,ppc_ru_ural_sr_dsa_a-all_exp-diff-login,ural,OFF,0
2026-09-17,2026-09-17 20:00,2026-09-18 00:00,ppc_ru_ural_sr_gen_a-all_exp-diff-login,ural,OFF,0
2026-09-17,2026-09-17 20:00,2026-09-18 00:00,ppc_ru_ural_sr_s-auto_a-all_exp-diff-login,ural,OFF,0
2026-09-18,2026-09-18 00:00,2026-09-18 04:00,ppc_ru_IKT_sr_gen_a-all_exp-diff-login,sibir,ON,1
2026-09-18,2026-09-18 00:00,2026-09-18 04:00,ppc_ru_KJA_sr_dsa_a-all_exp-diff-login,KJA,ON,1
2026-09-18,2026-09-18 00:00,2026-09-18 04:00,ppc_ru_KJA_sr_gen_a-all_exp-diff-login,KJA,ON,1
2026-09-18,2026-09-18 00:00,2026-09-18 04:00,ppc_ru_KRR_sr_dsa_a-all_exp-diff-login,KRR,ON,1
2026-09-18,2026-09-18 00:00,2026-09-18 04:00,ppc_ru_KRR_sr_gen_a-all_exp-diff-login,KRR,ON,1
2026-09-18,2026-09-18 00:00,2026-09-18 04:00,ppc_ru_KRR_sr_s-auto_a-all_exp-diff-login,KRR,ON,1
2026-09-18,2026-09-18 00:00,2026-09-18 04:00,ppc_ru_KVKZ_sr_gen_a-all_exp-diff-login,KVKZ,ON,1
2026-09-18,2026-09-18 00:00,2026-09-18 04:00,ppc_ru_KVKZ_sr_s-auto_a-all_exp-diff-login,KVKZ,ON,1
2026-09-18,2026-09-18 00:00,2026-09-18 04:00,ppc_ru_KZN_sr_gen_a-all_exp-diff-login,KZN,OFF,0
2026-09-18,2026-09-18 00:00,2026-09-18 04:00,ppc_ru_KZN_sr_s-auto_a-all_exp-diff-login,KZN,OFF,0
2026-09-18,2026-09-18 00:00,2026-09-18 04:00,ppc_ru_LED_sr_dsa_a-all_exp-diff-login,LED,OFF,0
2026-09-18,2026-09-18 00:00,2026-09-18 04:00,ppc_ru_LED_sr_gen_a-all_exp-diff-login,LED,OFF,0
2026-09-18,2026-09-18 00:00,2026-09-18 04:00,ppc_ru_LED_sr_s-auto_a-all_exp-diff-login,LED,OFF,0
2026-09-18,2026-09-18 00:00,2026-09-18 04:00,ppc_ru_MOW_sr_dsa_a-all_exp-diff-login,MOW,ON,1
2026-09-18,2026-09-18 00:00,2026-09-18 04:00,ppc_ru_MOW_sr_gen_a-all_exp-diff-login,MOW,ON,1
2026-09-18,2026-09-18 00:00,2026-09-18 04:00,ppc_ru_MOW_sr_s-auto_a-all_exp-diff-login,MOW,ON,1
2026-09-18,2026-09-18 00:00,2026-09-18 04:00,ppc_ru_MOW_sr_s-auto_a-all_exp-diff-login_exp_travel-aud,MOW,ON,1
2026-09-18,2026-09-18 00:00,2026-09-18 04:00,ppc_ru_OVB_sr_dsa_a-all_exp-diff-login,OVB,OFF,0
2026-09-18,2026-09-18 00:00,2026-09-18 04:00,ppc_ru_OVB_sr_gen_a-all_exp-diff-login,OVB,OFF,0
2026-09-18,2026-09-18 00:00,2026-09-18 04:00,ppc_ru_SVX_sr_dsa_a-all_exp-diff-login,ural,OFF,0
2026-09-18,2026-09-18 00:00,2026-09-18 04:00,ppc_ru_SVX_sr_gen_a-all_exp-diff-login,ural,OFF,0
2026-09-18,2026-09-18 00:00,2026-09-18 04:00,ppc_ru_TJM_sr_dsa_a-all_exp-diff-login,ural,OFF,0
2026-09-18,2026-09-18 00:00,2026-09-18 04:00,ppc_ru_TJM_sr_gen_a-all_exp-diff-login,ural,OFF,0
2026-09-18,2026-09-18 00:00,2026-09-18 04:00,ppc_ru_UFA_sr_dsa_a-all_exp-diff-login,UFA,ON,1
2026-09-18,2026-09-18 00:00,2026-09-18 04:00,ppc_ru_UFA_sr_gen_a-all_exp-diff-login,UFA,ON,1
2026-09-18,2026-09-18 00:00,2026-09-18 04:00,ppc_ru_centr_sr_dsa_a-all_exp-diff-login,centr,OFF,0
2026-09-18,2026-09-18 00:00,2026-09-18 04:00,ppc_ru_centr_sr_gen_a-all_exp-diff-login,centr,OFF,0
2026-09-18,2026-09-18 00:00,2026-09-18 04:00,ppc_ru_sibir_sr_dsa_a-all_exp-diff-login,sibir,ON,1
2026-09-18,2026-09-18 00:00,2026-09-18 04:00,ppc_ru_sibir_sr_gen_a-all_exp-diff-login,sibir,ON,1
2026-09-18,2026-09-18 00:00,2026-09-18 04:00,ppc_ru_ural_sr_dsa_a-all_exp-diff-login,ural,OFF,0
2026-09-18,2026-09-18 00:00,2026-09-18 04:00,ppc_ru_ural_sr_gen_a-all_exp-diff-login,ural,OFF,0
2026-09-18,2026-09-18 00:00,2026-09-18 04:00,ppc_ru_ural_sr_s-auto_a-all_exp-diff-login,ural,OFF,0
2026-09-18,2026-09-18 04:00,2026-09-18 08:00,ppc_ru_IKT_sr_gen_a-all_exp-diff-login,sibir,ON,1
2026-09-18,2026-09-18 04:00,2026-09-18 08:00,ppc_ru_KJA_sr_dsa_a-all_exp-diff-login,KJA,ON,1
2026-09-18,2026-09-18 04:00,2026-09-18 08:00,ppc_ru_KJA_sr_gen_a-all_exp-diff-login,KJA,ON,1
2026-09-18,2026-09-18 04:00,2026-09-18 08:00,ppc_ru_KRR_sr_dsa_a-all_exp-diff-login,KRR,ON,1
2026-09-18,2026-09-18 04:00,2026-09-18 08:00,ppc_ru_KRR_sr_gen_a-all_exp-diff-login,KRR,ON,1
2026-09-18,2026-09-18 04:00,2026-09-18 08:00,ppc_ru_KRR_sr_s-auto_a-all_exp-diff-login,KRR,ON,1
2026-09-18,2026-09-18 04:00,2026-09-18 08:00,ppc_ru_KVKZ_sr_gen_a-all_exp-diff-login,KVKZ,ON,1
2026-09-18,2026-09-18 04:00,2026-09-18 08:00,ppc_ru_KVKZ_sr_s-auto_a-all_exp-diff-login,KVKZ,ON,1
2026-09-18,2026-09-18 04:00,2026-09-18 08:00,ppc_ru_KZN_sr_gen_a-all_exp-diff-login,KZN,ON,1
2026-09-18,2026-09-18 04:00,2026-09-18 08:00,ppc_ru_KZN_sr_s-auto_a-all_exp-diff-login,KZN,ON,1
2026-09-18,2026-09-18 04:00,2026-09-18 08:00,ppc_ru_LED_sr_dsa_a-all_exp-diff-login,LED,OFF,0
2026-09-18,2026-09-18 04:00,2026-09-18 08:00,ppc_ru_LED_sr_gen_a-all_exp-diff-login,LED,OFF,0
2026-09-18,2026-09-18 04:00,2026-09-18 08:00,ppc_ru_LED_sr_s-auto_a-all_exp-diff-login,LED,OFF,0
2026-09-18,2026-09-18 04:00,2026-09-18 08:00,ppc_ru_MOW_sr_dsa_a-all_exp-diff-login,MOW,OFF,0
2026-09-18,2026-09-18 04:00,2026-09-18 08:00,ppc_ru_MOW_sr_gen_a-all_exp-diff-login,MOW,OFF,0
2026-09-18,2026-09-18 04:00,2026-09-18 08:00,ppc_ru_MOW_sr_s-auto_a-all_exp-diff-login,MOW,OFF,0
2026-09-18,2026-09-18 04:00,2026-09-18 08:00,ppc_ru_MOW_sr_s-auto_a-all_exp-diff-login_exp_travel-aud,MOW,OFF,0
2026-09-18,2026-09-18 04:00,2026-09-18 08:00,ppc_ru_OVB_sr_dsa_a-all_exp-diff-login,OVB,ON,1
2026-09-18,2026-09-18 04:00,2026-09-18 08:00,ppc_ru_OVB_sr_gen_a-all_exp-diff-login,OVB,ON,1
2026-09-18,2026-09-18 04:00,2026-09-18 08:00,ppc_ru_SVX_sr_dsa_a-all_exp-diff-login,ural,OFF,0
2026-09-18,2026-09-18 04:00,2026-09-18 08:00,ppc_ru_SVX_sr_gen_a-all_exp-diff-login,ural,OFF,0
2026-09-18,2026-09-18 04:00,2026-09-18 08:00,ppc_ru_TJM_sr_dsa_a-all_exp-diff-login,ural,OFF,0
2026-09-18,2026-09-18 04:00,2026-09-18 08:00,ppc_ru_TJM_sr_gen_a-all_exp-diff-login,ural,OFF,0
2026-09-18,2026-09-18 04:00,2026-09-18 08:00,ppc_ru_UFA_sr_dsa_a-all_exp-diff-login,UFA,OFF,0
2026-09-18,2026-09-18 04:00,2026-09-18 08:00,ppc_ru_UFA_sr_gen_a-all_exp-diff-login,UFA,OFF,0
2026-09-18,2026-09-18 04:00,2026-09-18 08:00,ppc_ru_centr_sr_dsa_a-all_exp-diff-login,centr,OFF,0
2026-09-18,2026-09-18 04:00,2026-09-18 08:00,ppc_ru_centr_sr_gen_a-all_exp-diff-login,centr,OFF,0
2026-09-18,2026-09-18 04:00,2026-09-18 08:00,ppc_ru_sibir_sr_dsa_a-all_exp-diff-login,sibir,ON,1
2026-09-18,2026-09-18 04:00,2026-09-18 08:00,ppc_ru_sibir_sr_gen_a-all_exp-diff-login,sibir,ON,1
2026-09-18,2026-09-18 04:00,2026-09-18 08:00,ppc_ru_ural_sr_dsa_a-all_exp-diff-login,ural,OFF,0
2026-09-18,2026-09-18 04:00,2026-09-18 08:00,ppc_ru_ural_sr_gen_a-all_exp-diff-login,ural,OFF,0
2026-09-18,2026-09-18 04:00,2026-09-18 08:00,ppc_ru_ural_sr_s-auto_a-all_exp-diff-login,ural,OFF,0
2026-09-18,2026-09-18 08:00,2026-09-18 12:00,ppc_ru_IKT_sr_gen_a-all_exp-diff-login,sibir,OFF,0
2026-09-18,2026-09-18 08:00,2026-09-18 12:00,ppc_ru_KJA_sr_dsa_a-all_exp-diff-login,KJA,OFF,0
2026-09-18,2026-09-18 08:00,2026-09-18 12:00,ppc_ru_KJA_sr_gen_a-all_exp-diff-login,KJA,OFF,0
2026-09-18,2026-09-18 08:00,2026-09-18 12:00,ppc_ru_KRR_sr_dsa_a-all_exp-diff-login,KRR,OFF,0
2026-09-18,2026-09-18 08:00,2026-09-18 12:00,ppc_ru_KRR_sr_gen_a-all_exp-diff-login,KRR,OFF,0
2026-09-18,2026-09-18 08:00,2026-09-18 12:00,ppc_ru_KRR_sr_s-auto_a-all_exp-diff-login,KRR,OFF,0
2026-09-18,2026-09-18 08:00,2026-09-18 12:00,ppc_ru_KVKZ_sr_gen_a-all_exp-diff-login,KVKZ,OFF,0
2026-09-18,2026-09-18 08:00,2026-09-18 12:00,ppc_ru_KVKZ_sr_s-auto_a-all_exp-diff-login,KVKZ,OFF,0
2026-09-18,2026-09-18 08:00,2026-09-18 12:00,ppc_ru_KZN_sr_gen_a-all_exp-diff-login,KZN,ON,1
2026-09-18,2026-09-18 08:00,2026-09-18 12:00,ppc_ru_KZN_sr_s-auto_a-all_exp-diff-login,KZN,ON,1
2026-09-18,2026-09-18 08:00,2026-09-18 12:00,ppc_ru_LED_sr_dsa_a-all_exp-diff-login,LED,ON,1
2026-09-18,2026-09-18 08:00,2026-09-18 12:00,ppc_ru_LED_sr_gen_a-all_exp-diff-login,LED,ON,1
2026-09-18,2026-09-18 08:00,2026-09-18 12:00,ppc_ru_LED_sr_s-auto_a-all_exp-diff-login,LED,ON,1
2026-09-18,2026-09-18 08:00,2026-09-18 12:00,ppc_ru_MOW_sr_dsa_a-all_exp-diff-login,MOW,ON,1
2026-09-18,2026-09-18 08:00,2026-09-18 12:00,ppc_ru_MOW_sr_gen_a-all_exp-diff-login,MOW,ON,1
2026-09-18,2026-09-18 08:00,2026-09-18 12:00,ppc_ru_MOW_sr_s-auto_a-all_exp-diff-login,MOW,ON,1
2026-09-18,2026-09-18 08:00,2026-09-18 12:00,ppc_ru_MOW_sr_s-auto_a-all_exp-diff-login_exp_travel-aud,MOW,ON,1
2026-09-18,2026-09-18 08:00,2026-09-18 12:00,ppc_ru_OVB_sr_dsa_a-all_exp-diff-login,OVB,ON,1
2026-09-18,2026-09-18 08:00,2026-09-18 12:00,ppc_ru_OVB_sr_gen_a-all_exp-diff-login,OVB,ON,1
2026-09-18,2026-09-18 08:00,2026-09-18 12:00,ppc_ru_SVX_sr_dsa_a-all_exp-diff-login,ural,ON,1
2026-09-18,2026-09-18 08:00,2026-09-18 12:00,ppc_ru_SVX_sr_gen_a-all_exp-diff-login,ural,ON,1
2026-09-18,2026-09-18 08:00,2026-09-18 12:00,ppc_ru_TJM_sr_dsa_a-all_exp-diff-login,ural,ON,1
2026-09-18,2026-09-18 08:00,2026-09-18 12:00,ppc_ru_TJM_sr_gen_a-all_exp-diff-login,ural,ON,1
2026-09-18,2026-09-18 08:00,2026-09-18 12:00,ppc_ru_UFA_sr_dsa_a-all_exp-diff-login,UFA,ON,1
2026-09-18,2026-09-18 08:00,2026-09-18 12:00,ppc_ru_UFA_sr_gen_a-all_exp-diff-login,UFA,ON,1
2026-09-18,2026-09-18 08:00,2026-09-18 12:00,ppc_ru_centr_sr_dsa_a-all_exp-diff-login,centr,ON,1
2026-09-18,2026-09-18 08:00,2026-09-18 12:00,ppc_ru_centr_sr_gen_a-all_exp-diff-login,centr,ON,1
2026-09-18,2026-09-18 08:00,2026-09-18 12:00,ppc_ru_sibir_sr_dsa_a-all_exp-diff-login,sibir,OFF,0
2026-09-18,2026-09-18 08:00,2026-09-18 12:00,ppc_ru_sibir_sr_gen_a-all_exp-diff-login,sibir,OFF,0
2026-09-18,2026-09-18 08:00,2026-09-18 12:00,ppc_ru_ural_sr_dsa_a-all_exp-diff-login,ural,ON,1
2026-09-18,2026-09-18 08:00,2026-09-18 12:00,ppc_ru_ural_sr_gen_a-all_exp-diff-login,ural,ON,1
2026-09-18,2026-09-18 08:00,2026-09-18 12:00,ppc_ru_ural_sr_s-auto_a-all_exp-diff-login,ural,ON,1
2026-09-18,2026-09-18 12:00,2026-09-18 16:00,ppc_ru_IKT_sr_gen_a-all_exp-diff-login,sibir,OFF,0
2026-09-18,2026-09-18 12:00,2026-09-18 16:00,ppc_ru_KJA_sr_dsa_a-all_exp-diff-login,KJA,OFF,0
2026-09-18,2026-09-18 12:00,2026-09-18 16:00,ppc_ru_KJA_sr_gen_a-all_exp-diff-login,KJA,OFF,0
2026-09-18,2026-09-18 12:00,2026-09-18 16:00,ppc_ru_KRR_sr_dsa_a-all_exp-diff-login,KRR,OFF,0
2026-09-18,2026-09-18 12:00,2026-09-18 16:00,ppc_ru_KRR_sr_gen_a-all_exp-diff-login,KRR,OFF,0
2026-09-18,2026-09-18 12:00,2026-09-18 16:00,ppc_ru_KRR_sr_s-auto_a-all_exp-diff-login,KRR,OFF,0
2026-09-18,2026-09-18 12:00,2026-09-18 16:00,ppc_ru_KVKZ_sr_gen_a-all_exp-diff-login,KVKZ,OFF,0
2026-09-18,2026-09-18 12:00,2026-09-18 16:00,ppc_ru_KVKZ_sr_s-auto_a-all_exp-diff-login,KVKZ,OFF,0
2026-09-18,2026-09-18 12:00,2026-09-18 16:00,ppc_ru_KZN_sr_gen_a-all_exp-diff-login,KZN,OFF,0
2026-09-18,2026-09-18 12:00,2026-09-18 16:00,ppc_ru_KZN_sr_s-auto_a-all_exp-diff-login,KZN,OFF,0
2026-09-18,2026-09-18 12:00,2026-09-18 16:00,ppc_ru_LED_sr_dsa_a-all_exp-diff-login,LED,ON,1
2026-09-18,2026-09-18 12:00,2026-09-18 16:00,ppc_ru_LED_sr_gen_a-all_exp-diff-login,LED,ON,1
2026-09-18,2026-09-18 12:00,2026-09-18 16:00,ppc_ru_LED_sr_s-auto_a-all_exp-diff-login,LED,ON,1
2026-09-18,2026-09-18 12:00,2026-09-18 16:00,ppc_ru_MOW_sr_dsa_a-all_exp-diff-login,MOW,OFF,0
2026-09-18,2026-09-18 12:00,2026-09-18 16:00,ppc_ru_MOW_sr_gen_a-all_exp-diff-login,MOW,OFF,0
2026-09-18,2026-09-18 12:00,2026-09-18 16:00,ppc_ru_MOW_sr_s-auto_a-all_exp-diff-login,MOW,OFF,0
2026-09-18,2026-09-18 12:00,2026-09-18 16:00,ppc_ru_MOW_sr_s-auto_a-all_exp-diff-login_exp_travel-aud,MOW,OFF,0
2026-09-18,2026-09-18 12:00,2026-09-18 16:00,ppc_ru_OVB_sr_dsa_a-all_exp-diff-login,OVB,OFF,0
2026-09-18,2026-09-18 12:00,2026-09-18 16:00,ppc_ru_OVB_sr_gen_a-all_exp-diff-login,OVB,OFF,0
2026-09-18,2026-09-18 12:00,2026-09-18 16:00,ppc_ru_SVX_sr_dsa_a-all_exp-diff-login,ural,ON,1
2026-09-18,2026-09-18 12:00,2026-09-18 16:00,ppc_ru_SVX_sr_gen_a-all_exp-diff-login,ural,ON,1
2026-09-18,2026-09-18 12:00,2026-09-18 16:00,ppc_ru_TJM_sr_dsa_a-all_exp-diff-login,ural,ON,1
2026-09-18,2026-09-18 12:00,2026-09-18 16:00,ppc_ru_TJM_sr_gen_a-all_exp-diff-login,ural,ON,1
2026-09-18,2026-09-18 12:00,2026-09-18 16:00,ppc_ru_UFA_sr_dsa_a-all_exp-diff-login,UFA,ON,1
2026-09-18,2026-09-18 12:00,2026-09-18 16:00,ppc_ru_UFA_sr_gen_a-all_exp-diff-login,UFA,ON,1
2026-09-18,2026-09-18 12:00,2026-09-18 16:00,ppc_ru_centr_sr_dsa_a-all_exp-diff-login,centr,ON,1
2026-09-18,2026-09-18 12:00,2026-09-18 16:00,ppc_ru_centr_sr_gen_a-all_exp-diff-login,centr,ON,1
2026-09-18,2026-09-18 12:00,2026-09-18 16:00,ppc_ru_sibir_sr_dsa_a-all_exp-diff-login,sibir,OFF,0
2026-09-18,2026-09-18 12:00,2026-09-18 16:00,ppc_ru_sibir_sr_gen_a-all_exp-diff-login,sibir,OFF,0
2026-09-18,2026-09-18 12:00,2026-09-18 16:00,ppc_ru_ural_sr_dsa_a-all_exp-diff-login,ural,ON,1
2026-09-18,2026-09-18 12:00,2026-09-18 16:00,ppc_ru_ural_sr_gen_a-all_exp-diff-login,ural,ON,1
2026-09-18,2026-09-18 12:00,2026-09-18 16:00,ppc_ru_ural_sr_s-auto_a-all_exp-diff-login,ural,ON,1
2026-09-18,2026-09-18 16:00,2026-09-18 20:00,ppc_ru_IKT_sr_gen_a-all_exp-diff-login,sibir,ON,1
2026-09-18,2026-09-18 16:00,2026-09-18 20:00,ppc_ru_KJA_sr_dsa_a-all_exp-diff-login,KJA,ON,1
2026-09-18,2026-09-18 16:00,2026-09-18 20:00,ppc_ru_KJA_sr_gen_a-all_exp-diff-login,KJA,ON,1
2026-09-18,2026-09-18 16:00,2026-09-18 20:00,ppc_ru_KRR_sr_dsa_a-all_exp-diff-login,KRR,ON,1
2026-09-18,2026-09-18 16:00,2026-09-18 20:00,ppc_ru_KRR_sr_gen_a-all_exp-diff-login,KRR,ON,1
2026-09-18,2026-09-18 16:00,2026-09-18 20:00,ppc_ru_KRR_sr_s-auto_a-all_exp-diff-login,KRR,ON,1
2026-09-18,2026-09-18 16:00,2026-09-18 20:00,ppc_ru_KVKZ_sr_gen_a-all_exp-diff-login,KVKZ,OFF,0
2026-09-18,2026-09-18 16:00,2026-09-18 20:00,ppc_ru_KVKZ_sr_s-auto_a-all_exp-diff-login,KVKZ,OFF,0
2026-09-18,2026-09-18 16:00,2026-09-18 20:00,ppc_ru_KZN_sr_gen_a-all_exp-diff-login,KZN,OFF,0
2026-09-18,2026-09-18 16:00,2026-09-18 20:00,ppc_ru_KZN_sr_s-auto_a-all_exp-diff-login,KZN,OFF,0
2026-09-18,2026-09-18 16:00,2026-09-18 20:00,ppc_ru_LED_sr_dsa_a-all_exp-diff-login,LED,ON,1
2026-09-18,2026-09-18 16:00,2026-09-18 20:00,ppc_ru_LED_sr_gen_a-all_exp-diff-login,LED,ON,1
2026-09-18,2026-09-18 16:00,2026-09-18 20:00,ppc_ru_LED_sr_s-auto_a-all_exp-diff-login,LED,ON,1
2026-09-18,2026-09-18 16:00,2026-09-18 20:00,ppc_ru_MOW_sr_dsa_a-all_exp-diff-login,MOW,OFF,0
2026-09-18,2026-09-18 16:00,2026-09-18 20:00,ppc_ru_MOW_sr_gen_a-all_exp-diff-login,MOW,OFF,0
2026-09-18,2026-09-18 16:00,2026-09-18 20:00,ppc_ru_MOW_sr_s-auto_a-all_exp-diff-login,MOW,OFF,0
2026-09-18,2026-09-18 16:00,2026-09-18 20:00,ppc_ru_MOW_sr_s-auto_a-all_exp-diff-login_exp_travel-aud,MOW,OFF,0
2026-09-18,2026-09-18 16:00,2026-09-18 20:00,ppc_ru_OVB_sr_dsa_a-all_exp-diff-login,OVB,ON,1
2026-09-18,2026-09-18 16:00,2026-09-18 20:00,ppc_ru_OVB_sr_gen_a-all_exp-diff-login,OVB,ON,1
2026-09-18,2026-09-18 16:00,2026-09-18 20:00,ppc_ru_SVX_sr_dsa_a-all_exp-diff-login,ural,ON,1
2026-09-18,2026-09-18 16:00,2026-09-18 20:00,ppc_ru_SVX_sr_gen_a-all_exp-diff-login,ural,ON,1
2026-09-18,2026-09-18 16:00,2026-09-18 20:00,ppc_ru_TJM_sr_dsa_a-all_exp-diff-login,ural,ON,1
2026-09-18,2026-09-18 16:00,2026-09-18 20:00,ppc_ru_TJM_sr_gen_a-all_exp-diff-login,ural,ON,1
2026-09-18,2026-09-18 16:00,2026-09-18 20:00,ppc_ru_UFA_sr_dsa_a-all_exp-diff-login,UFA,OFF,0
2026-09-18,2026-09-18 16:00,2026-09-18 20:00,ppc_ru_UFA_sr_gen_a-all_exp-diff-login,UFA,OFF,0
2026-09-18,2026-09-18 16:00,2026-09-18 20:00,ppc_ru_centr_sr_dsa_a-all_exp-diff-login,centr,OFF,0
2026-09-18,2026-09-18 16:00,2026-09-18 20:00,ppc_ru_centr_sr_gen_a-all_exp-diff-login,centr,OFF,0
2026-09-18,2026-09-18 16:00,2026-09-18 20:00,ppc_ru_sibir_sr_dsa_a-all_exp-diff-login,sibir,ON,1
2026-09-18,2026-09-18 16:00,2026-09-18 20:00,ppc_ru_sibir_sr_gen_a-all_exp-diff-login,sibir,ON,1
2026-09-18,2026-09-18 16:00,2026-09-18 20:00,ppc_ru_ural_sr_dsa_a-all_exp-diff-login,ural,ON,1
2026-09-18,2026-09-18 16:00,2026-09-18 20:00,ppc_ru_ural_sr_gen_a-all_exp-diff-login,ural,ON,1
2026-09-18,2026-09-18 16:00,2026-09-18 20:00,ppc_ru_ural_sr_s-auto_a-all_exp-diff-login,ural,ON,1
2026-09-18,2026-09-18 20:00,2026-09-19 00:00,ppc_ru_IKT_sr_gen_a-all_exp-diff-login,sibir,OFF,0
2026-09-18,2026-09-18 20:00,2026-09-19 00:00,ppc_ru_KJA_sr_dsa_a-all_exp-diff-login,KJA,OFF,0
2026-09-18,2026-09-18 20:00,2026-09-19 00:00,ppc_ru_KJA_sr_gen_a-all_exp-diff-login,KJA,OFF,0
2026-09-18,2026-09-18 20:00,2026-09-19 00:00,ppc_ru_KRR_sr_dsa_a-all_exp-diff-login,KRR,OFF,0
2026-09-18,2026-09-18 20:00,2026-09-19 00:00,ppc_ru_KRR_sr_gen_a-all_exp-diff-login,KRR,OFF,0
2026-09-18,2026-09-18 20:00,2026-09-19 00:00,ppc_ru_KRR_sr_s-auto_a-all_exp-diff-login,KRR,OFF,0
2026-09-18,2026-09-18 20:00,2026-09-19 00:00,ppc_ru_KVKZ_sr_gen_a-all_exp-diff-login,KVKZ,ON,1
2026-09-18,2026-09-18 20:00,2026-09-19 00:00,ppc_ru_KVKZ_sr_s-auto_a-all_exp-diff-login,KVKZ,ON,1
2026-09-18,2026-09-18 20:00,2026-09-19 00:00,ppc_ru_KZN_sr_gen_a-all_exp-diff-login,KZN,ON,1
2026-09-18,2026-09-18 20:00,2026-09-19 00:00,ppc_ru_KZN_sr_s-auto_a-all_exp-diff-login,KZN,ON,1
2026-09-18,2026-09-18 20:00,2026-09-19 00:00,ppc_ru_LED_sr_dsa_a-all_exp-diff-login,LED,OFF,0
2026-09-18,2026-09-18 20:00,2026-09-19 00:00,ppc_ru_LED_sr_gen_a-all_exp-diff-login,LED,OFF,0
2026-09-18,2026-09-18 20:00,2026-09-19 00:00,ppc_ru_LED_sr_s-auto_a-all_exp-diff-login,LED,OFF,0
2026-09-18,2026-09-18 20:00,2026-09-19 00:00,ppc_ru_MOW_sr_dsa_a-all_exp-diff-login,MOW,ON,1
2026-09-18,2026-09-18 20:00,2026-09-19 00:00,ppc_ru_MOW_sr_gen_a-all_exp-diff-login,MOW,ON,1
2026-09-18,2026-09-18 20:00,2026-09-19 00:00,ppc_ru_MOW_sr_s-auto_a-all_exp-diff-login,MOW,ON,1
2026-09-18,2026-09-18 20:00,2026-09-19 00:00,ppc_ru_MOW_sr_s-auto_a-all_exp-diff-login_exp_travel-aud,MOW,ON,1
2026-09-18,2026-09-18 20:00,2026-09-19 00:00,ppc_ru_OVB_sr_dsa_a-all_exp-diff-login,OVB,OFF,0
2026-09-18,2026-09-18 20:00,2026-09-19 00:00,ppc_ru_OVB_sr_gen_a-all_exp-diff-login,OVB,OFF,0
2026-09-18,2026-09-18 20:00,2026-09-19 00:00,ppc_ru_SVX_sr_dsa_a-all_exp-diff-login,ural,OFF,0
2026-09-18,2026-09-18 20:00,2026-09-19 00:00,ppc_ru_SVX_sr_gen_a-all_exp-diff-login,ural,OFF,0
2026-09-18,2026-09-18 20:00,2026-09-19 00:00,ppc_ru_TJM_sr_dsa_a-all_exp-diff-login,ural,OFF,0
2026-09-18,2026-09-18 20:00,2026-09-19 00:00,ppc_ru_TJM_sr_gen_a-all_exp-diff-login,ural,OFF,0
2026-09-18,2026-09-18 20:00,2026-09-19 00:00,ppc_ru_UFA_sr_dsa_a-all_exp-diff-login,UFA,OFF,0
2026-09-18,2026-09-18 20:00,2026-09-19 00:00,ppc_ru_UFA_sr_gen_a-all_exp-diff-login,UFA,OFF,0
2026-09-18,2026-09-18 20:00,2026-09-19 00:00,ppc_ru_centr_sr_dsa_a-all_exp-diff-login,centr,ON,1
2026-09-18,2026-09-18 20:00,2026-09-19 00:00,ppc_ru_centr_sr_gen_a-all_exp-diff-login,centr,ON,1
2026-09-18,2026-09-18 20:00,2026-09-19 00:00,ppc_ru_sibir_sr_dsa_a-all_exp-diff-login,sibir,OFF,0
2026-09-18,2026-09-18 20:00,2026-09-19 00:00,ppc_ru_sibir_sr_gen_a-all_exp-diff-login,sibir,OFF,0
2026-09-18,2026-09-18 20:00,2026-09-19 00:00,ppc_ru_ural_sr_dsa_a-all_exp-diff-login,ural,OFF,0
2026-09-18,2026-09-18 20:00,2026-09-19 00:00,ppc_ru_ural_sr_gen_a-all_exp-diff-login,ural,OFF,0
2026-09-18,2026-09-18 20:00,2026-09-19 00:00,ppc_ru_ural_sr_s-auto_a-all_exp-diff-login,ural,OFF,0
2026-09-19,2026-09-19 00:00,2026-09-19 04:00,ppc_ru_IKT_sr_gen_a-all_exp-diff-login,sibir,ON,1
2026-09-19,2026-09-19 00:00,2026-09-19 04:00,ppc_ru_KJA_sr_dsa_a-all_exp-diff-login,KJA,OFF,0
2026-09-19,2026-09-19 00:00,2026-09-19 04:00,ppc_ru_KJA_sr_gen_a-all_exp-diff-login,KJA,OFF,0
2026-09-19,2026-09-19 00:00,2026-09-19 04:00,ppc_ru_KRR_sr_dsa_a-all_exp-diff-login,KRR,OFF,0
2026-09-19,2026-09-19 00:00,2026-09-19 04:00,ppc_ru_KRR_sr_gen_a-all_exp-diff-login,KRR,OFF,0
2026-09-19,2026-09-19 00:00,2026-09-19 04:00,ppc_ru_KRR_sr_s-auto_a-all_exp-diff-login,KRR,OFF,0
2026-09-19,2026-09-19 00:00,2026-09-19 04:00,ppc_ru_KVKZ_sr_gen_a-all_exp-diff-login,KVKZ,ON,1
2026-09-19,2026-09-19 00:00,2026-09-19 04:00,ppc_ru_KVKZ_sr_s-auto_a-all_exp-diff-login,KVKZ,ON,1
2026-09-19,2026-09-19 00:00,2026-09-19 04:00,ppc_ru_KZN_sr_gen_a-all_exp-diff-login,KZN,OFF,0
2026-09-19,2026-09-19 00:00,2026-09-19 04:00,ppc_ru_KZN_sr_s-auto_a-all_exp-diff-login,KZN,OFF,0
2026-09-19,2026-09-19 00:00,2026-09-19 04:00,ppc_ru_LED_sr_dsa_a-all_exp-diff-login,LED,ON,1
2026-09-19,2026-09-19 00:00,2026-09-19 04:00,ppc_ru_LED_sr_gen_a-all_exp-diff-login,LED,ON,1
2026-09-19,2026-09-19 00:00,2026-09-19 04:00,ppc_ru_LED_sr_s-auto_a-all_exp-diff-login,LED,ON,1
2026-09-19,2026-09-19 00:00,2026-09-19 04:00,ppc_ru_MOW_sr_dsa_a-all_exp-diff-login,MOW,ON,1
2026-09-19,2026-09-19 00:00,2026-09-19 04:00,ppc_ru_MOW_sr_gen_a-all_exp-diff-login,MOW,ON,1
2026-09-19,2026-09-19 00:00,2026-09-19 04:00,ppc_ru_MOW_sr_s-auto_a-all_exp-diff-login,MOW,ON,1
2026-09-19,2026-09-19 00:00,2026-09-19 04:00,ppc_ru_MOW_sr_s-auto_a-all_exp-diff-login_exp_travel-aud,MOW,ON,1
2026-09-19,2026-09-19 00:00,2026-09-19 04:00,ppc_ru_OVB_sr_dsa_a-all_exp-diff-login,OVB,OFF,0
2026-09-19,2026-09-19 00:00,2026-09-19 04:00,ppc_ru_OVB_sr_gen_a-all_exp-diff-login,OVB,OFF,0
2026-09-19,2026-09-19 00:00,2026-09-19 04:00,ppc_ru_SVX_sr_dsa_a-all_exp-diff-login,ural,ON,1
2026-09-19,2026-09-19 00:00,2026-09-19 04:00,ppc_ru_SVX_sr_gen_a-all_exp-diff-login,ural,ON,1
2026-09-19,2026-09-19 00:00,2026-09-19 04:00,ppc_ru_TJM_sr_dsa_a-all_exp-diff-login,ural,ON,1
2026-09-19,2026-09-19 00:00,2026-09-19 04:00,ppc_ru_TJM_sr_gen_a-all_exp-diff-login,ural,ON,1
2026-09-19,2026-09-19 00:00,2026-09-19 04:00,ppc_ru_UFA_sr_dsa_a-all_exp-diff-login,UFA,ON,1
2026-09-19,2026-09-19 00:00,2026-09-19 04:00,ppc_ru_UFA_sr_gen_a-all_exp-diff-login,UFA,ON,1
2026-09-19,2026-09-19 00:00,2026-09-19 04:00,ppc_ru_centr_sr_dsa_a-all_exp-diff-login,centr,ON,1
2026-09-19,2026-09-19 00:00,2026-09-19 04:00,ppc_ru_centr_sr_gen_a-all_exp-diff-login,centr,ON,1
2026-09-19,2026-09-19 00:00,2026-09-19 04:00,ppc_ru_sibir_sr_dsa_a-all_exp-diff-login,sibir,ON,1
2026-09-19,2026-09-19 00:00,2026-09-19 04:00,ppc_ru_sibir_sr_gen_a-all_exp-diff-login,sibir,ON,1
2026-09-19,2026-09-19 00:00,2026-09-19 04:00,ppc_ru_ural_sr_dsa_a-all_exp-diff-login,ural,ON,1
2026-09-19,2026-09-19 00:00,2026-09-19 04:00,ppc_ru_ural_sr_gen_a-all_exp-diff-login,ural,ON,1
2026-09-19,2026-09-19 00:00,2026-09-19 04:00,ppc_ru_ural_sr_s-auto_a-all_exp-diff-login,ural,ON,1
2026-09-19,2026-09-19 04:00,2026-09-19 08:00,ppc_ru_IKT_sr_gen_a-all_exp-diff-login,sibir,ON,1
2026-09-19,2026-09-19 04:00,2026-09-19 08:00,ppc_ru_KJA_sr_dsa_a-all_exp-diff-login,KJA,ON,1
2026-09-19,2026-09-19 04:00,2026-09-19 08:00,ppc_ru_KJA_sr_gen_a-all_exp-diff-login,KJA,ON,1
2026-09-19,2026-09-19 04:00,2026-09-19 08:00,ppc_ru_KRR_sr_dsa_a-all_exp-diff-login,KRR,OFF,0
2026-09-19,2026-09-19 04:00,2026-09-19 08:00,ppc_ru_KRR_sr_gen_a-all_exp-diff-login,KRR,OFF,0
2026-09-19,2026-09-19 04:00,2026-09-19 08:00,ppc_ru_KRR_sr_s-auto_a-all_exp-diff-login,KRR,OFF,0
2026-09-19,2026-09-19 04:00,2026-09-19 08:00,ppc_ru_KVKZ_sr_gen_a-all_exp-diff-login,KVKZ,ON,1
2026-09-19,2026-09-19 04:00,2026-09-19 08:00,ppc_ru_KVKZ_sr_s-auto_a-all_exp-diff-login,KVKZ,ON,1
2026-09-19,2026-09-19 04:00,2026-09-19 08:00,ppc_ru_KZN_sr_gen_a-all_exp-diff-login,KZN,OFF,0
2026-09-19,2026-09-19 04:00,2026-09-19 08:00,ppc_ru_KZN_sr_s-auto_a-all_exp-diff-login,KZN,OFF,0
2026-09-19,2026-09-19 04:00,2026-09-19 08:00,ppc_ru_LED_sr_dsa_a-all_exp-diff-login,LED,OFF,0
2026-09-19,2026-09-19 04:00,2026-09-19 08:00,ppc_ru_LED_sr_gen_a-all_exp-diff-login,LED,OFF,0
2026-09-19,2026-09-19 04:00,2026-09-19 08:00,ppc_ru_LED_sr_s-auto_a-all_exp-diff-login,LED,OFF,0
2026-09-19,2026-09-19 04:00,2026-09-19 08:00,ppc_ru_MOW_sr_dsa_a-all_exp-diff-login,MOW,OFF,0
2026-09-19,2026-09-19 04:00,2026-09-19 08:00,ppc_ru_MOW_sr_gen_a-all_exp-diff-login,MOW,OFF,0
2026-09-19,2026-09-19 04:00,2026-09-19 08:00,ppc_ru_MOW_sr_s-auto_a-all_exp-diff-login,MOW,OFF,0
2026-09-19,2026-09-19 04:00,2026-09-19 08:00,ppc_ru_MOW_sr_s-auto_a-all_exp-diff-login_exp_travel-aud,MOW,OFF,0
2026-09-19,2026-09-19 04:00,2026-09-19 08:00,ppc_ru_OVB_sr_dsa_a-all_exp-diff-login,OVB,OFF,0
2026-09-19,2026-09-19 04:00,2026-09-19 08:00,ppc_ru_OVB_sr_gen_a-all_exp-diff-login,OVB,OFF,0
2026-09-19,2026-09-19 04:00,2026-09-19 08:00,ppc_ru_SVX_sr_dsa_a-all_exp-diff-login,ural,OFF,0
2026-09-19,2026-09-19 04:00,2026-09-19 08:00,ppc_ru_SVX_sr_gen_a-all_exp-diff-login,ural,OFF,0
2026-09-19,2026-09-19 04:00,2026-09-19 08:00,ppc_ru_TJM_sr_dsa_a-all_exp-diff-login,ural,OFF,0
2026-09-19,2026-09-19 04:00,2026-09-19 08:00,ppc_ru_TJM_sr_gen_a-all_exp-diff-login,ural,OFF,0
2026-09-19,2026-09-19 04:00,2026-09-19 08:00,ppc_ru_UFA_sr_dsa_a-all_exp-diff-login,UFA,OFF,0
2026-09-19,2026-09-19 04:00,2026-09-19 08:00,ppc_ru_UFA_sr_gen_a-all_exp-diff-login,UFA,OFF,0
2026-09-19,2026-09-19 04:00,2026-09-19 08:00,ppc_ru_centr_sr_dsa_a-all_exp-diff-login,centr,OFF,0
2026-09-19,2026-09-19 04:00,2026-09-19 08:00,ppc_ru_centr_sr_gen_a-all_exp-diff-login,centr,OFF,0
2026-09-19,2026-09-19 04:00,2026-09-19 08:00,ppc_ru_sibir_sr_dsa_a-all_exp-diff-login,sibir,ON,1
2026-09-19,2026-09-19 04:00,2026-09-19 08:00,ppc_ru_sibir_sr_gen_a-all_exp-diff-login,sibir,ON,1
2026-09-19,2026-09-19 04:00,2026-09-19 08:00,ppc_ru_ural_sr_dsa_a-all_exp-diff-login,ural,OFF,0
2026-09-19,2026-09-19 04:00,2026-09-19 08:00,ppc_ru_ural_sr_gen_a-all_exp-diff-login,ural,OFF,0
2026-09-19,2026-09-19 04:00,2026-09-19 08:00,ppc_ru_ural_sr_s-auto_a-all_exp-diff-login,ural,OFF,0
2026-09-19,2026-09-19 08:00,2026-09-19 12:00,ppc_ru_IKT_sr_gen_a-all_exp-diff-login,sibir,ON,1
2026-09-19,2026-09-19 08:00,2026-09-19 12:00,ppc_ru_KJA_sr_dsa_a-all_exp-diff-login,KJA,ON,1
2026-09-19,2026-09-19 08:00,2026-09-19 12:00,ppc_ru_KJA_sr_gen_a-all_exp-diff-login,KJA,ON,1
2026-09-19,2026-09-19 08:00,2026-09-19 12:00,ppc_ru_KRR_sr_dsa_a-all_exp-diff-login,KRR,ON,1
2026-09-19,2026-09-19 08:00,2026-09-19 12:00,ppc_ru_KRR_sr_gen_a-all_exp-diff-login,KRR,ON,1
2026-09-19,2026-09-19 08:00,2026-09-19 12:00,ppc_ru_KRR_sr_s-auto_a-all_exp-diff-login,KRR,ON,1
2026-09-19,2026-09-19 08:00,2026-09-19 12:00,ppc_ru_KVKZ_sr_gen_a-all_exp-diff-login,KVKZ,ON,1
2026-09-19,2026-09-19 08:00,2026-09-19 12:00,ppc_ru_KVKZ_sr_s-auto_a-all_exp-diff-login,KVKZ,ON,1
2026-09-19,2026-09-19 08:00,2026-09-19 12:00,ppc_ru_KZN_sr_gen_a-all_exp-diff-login,KZN,OFF,0
2026-09-19,2026-09-19 08:00,2026-09-19 12:00,ppc_ru_KZN_sr_s-auto_a-all_exp-diff-login,KZN,OFF,0
2026-09-19,2026-09-19 08:00,2026-09-19 12:00,ppc_ru_LED_sr_dsa_a-all_exp-diff-login,LED,ON,1
2026-09-19,2026-09-19 08:00,2026-09-19 12:00,ppc_ru_LED_sr_gen_a-all_exp-diff-login,LED,ON,1
2026-09-19,2026-09-19 08:00,2026-09-19 12:00,ppc_ru_LED_sr_s-auto_a-all_exp-diff-login,LED,ON,1
2026-09-19,2026-09-19 08:00,2026-09-19 12:00,ppc_ru_MOW_sr_dsa_a-all_exp-diff-login,MOW,ON,1
2026-09-19,2026-09-19 08:00,2026-09-19 12:00,ppc_ru_MOW_sr_gen_a-all_exp-diff-login,MOW,ON,1
2026-09-19,2026-09-19 08:00,2026-09-19 12:00,ppc_ru_MOW_sr_s-auto_a-all_exp-diff-login,MOW,ON,1
2026-09-19,2026-09-19 08:00,2026-09-19 12:00,ppc_ru_MOW_sr_s-auto_a-all_exp-diff-login_exp_travel-aud,MOW,ON,1
2026-09-19,2026-09-19 08:00,2026-09-19 12:00,ppc_ru_OVB_sr_dsa_a-all_exp-diff-login,OVB,ON,1
2026-09-19,2026-09-19 08:00,2026-09-19 12:00,ppc_ru_OVB_sr_gen_a-all_exp-diff-login,OVB,ON,1
2026-09-19,2026-09-19 08:00,2026-09-19 12:00,ppc_ru_SVX_sr_dsa_a-all_exp-diff-login,ural,ON,1
2026-09-19,2026-09-19 08:00,2026-09-19 12:00,ppc_ru_SVX_sr_gen_a-all_exp-diff-login,ural,ON,1
2026-09-19,2026-09-19 08:00,2026-09-19 12:00,ppc_ru_TJM_sr_dsa_a-all_exp-diff-login,ural,ON,1
2026-09-19,2026-09-19 08:00,2026-09-19 12:00,ppc_ru_TJM_sr_gen_a-all_exp-diff-login,ural,ON,1
2026-09-19,2026-09-19 08:00,2026-09-19 12:00,ppc_ru_UFA_sr_dsa_a-all_exp-diff-login,UFA,ON,1
2026-09-19,2026-09-19 08:00,2026-09-19 12:00,ppc_ru_UFA_sr_gen_a-all_exp-diff-login,UFA,ON,1
2026-09-19,2026-09-19 08:00,2026-09-19 12:00,ppc_ru_centr_sr_dsa_a-all_exp-diff-login,centr,OFF,0
2026-09-19,2026-09-19 08:00,2026-09-19 12:00,ppc_ru_centr_sr_gen_a-all_exp-diff-login,centr,OFF,0
2026-09-19,2026-09-19 08:00,2026-09-19 12:00,ppc_ru_sibir_sr_dsa_a-all_exp-diff-login,sibir,ON,1
2026-09-19,2026-09-19 08:00,2026-09-19 12:00,ppc_ru_sibir_sr_gen_a-all_exp-diff-login,sibir,ON,1
2026-09-19,2026-09-19 08:00,2026-09-19 12:00,ppc_ru_ural_sr_dsa_a-all_exp-diff-login,ural,ON,1
2026-09-19,2026-09-19 08:00,2026-09-19 12:00,ppc_ru_ural_sr_gen_a-all_exp-diff-login,ural,ON,1
2026-09-19,2026-09-19 08:00,2026-09-19 12:00,ppc_ru_ural_sr_s-auto_a-all_exp-diff-login,ural,ON,1
2026-09-19,2026-09-19 12:00,2026-09-19 16:00,ppc_ru_IKT_sr_gen_a-all_exp-diff-login,sibir,OFF,0
2026-09-19,2026-09-19 12:00,2026-09-19 16:00,ppc_ru_KJA_sr_dsa_a-all_exp-diff-login,KJA,ON,1
2026-09-19,2026-09-19 12:00,2026-09-19 16:00,ppc_ru_KJA_sr_gen_a-all_exp-diff-login,KJA,ON,1
2026-09-19,2026-09-19 12:00,2026-09-19 16:00,ppc_ru_KRR_sr_dsa_a-all_exp-diff-login,KRR,ON,1
2026-09-19,2026-09-19 12:00,2026-09-19 16:00,ppc_ru_KRR_sr_gen_a-all_exp-diff-login,KRR,ON,1
2026-09-19,2026-09-19 12:00,2026-09-19 16:00,ppc_ru_KRR_sr_s-auto_a-all_exp-diff-login,KRR,ON,1
2026-09-19,2026-09-19 12:00,2026-09-19 16:00,ppc_ru_KVKZ_sr_gen_a-all_exp-diff-login,KVKZ,OFF,0
2026-09-19,2026-09-19 12:00,2026-09-19 16:00,ppc_ru_KVKZ_sr_s-auto_a-all_exp-diff-login,KVKZ,OFF,0
2026-09-19,2026-09-19 12:00,2026-09-19 16:00,ppc_ru_KZN_sr_gen_a-all_exp-diff-login,KZN,ON,1
2026-09-19,2026-09-19 12:00,2026-09-19 16:00,ppc_ru_KZN_sr_s-auto_a-all_exp-diff-login,KZN,ON,1
2026-09-19,2026-09-19 12:00,2026-09-19 16:00,ppc_ru_LED_sr_dsa_a-all_exp-diff-login,LED,ON,1
2026-09-19,2026-09-19 12:00,2026-09-19 16:00,ppc_ru_LED_sr_gen_a-all_exp-diff-login,LED,ON,1
2026-09-19,2026-09-19 12:00,2026-09-19 16:00,ppc_ru_LED_sr_s-auto_a-all_exp-diff-login,LED,ON,1
2026-09-19,2026-09-19 12:00,2026-09-19 16:00,ppc_ru_MOW_sr_dsa_a-all_exp-diff-login,MOW,OFF,0
2026-09-19,2026-09-19 12:00,2026-09-19 16:00,ppc_ru_MOW_sr_gen_a-all_exp-diff-login,MOW,OFF,0
2026-09-19,2026-09-19 12:00,2026-09-19 16:00,ppc_ru_MOW_sr_s-auto_a-all_exp-diff-login,MOW,OFF,0
2026-09-19,2026-09-19 12:00,2026-09-19 16:00,ppc_ru_MOW_sr_s-auto_a-all_exp-diff-login_exp_travel-aud,MOW,OFF,0
2026-09-19,2026-09-19 12:00,2026-09-19 16:00,ppc_ru_OVB_sr_dsa_a-all_exp-diff-login,OVB,ON,1
2026-09-19,2026-09-19 12:00,2026-09-19 16:00,ppc_ru_OVB_sr_gen_a-all_exp-diff-login,OVB,ON,1
2026-09-19,2026-09-19 12:00,2026-09-19 16:00,ppc_ru_SVX_sr_dsa_a-all_exp-diff-login,ural,OFF,0
2026-09-19,2026-09-19 12:00,2026-09-19 16:00,ppc_ru_SVX_sr_gen_a-all_exp-diff-login,ural,OFF,0
2026-09-19,2026-09-19 12:00,2026-09-19 16:00,ppc_ru_TJM_sr_dsa_a-all_exp-diff-login,ural,OFF,0
2026-09-19,2026-09-19 12:00,2026-09-19 16:00,ppc_ru_TJM_sr_gen_a-all_exp-diff-login,ural,OFF,0
2026-09-19,2026-09-19 12:00,2026-09-19 16:00,ppc_ru_UFA_sr_dsa_a-all_exp-diff-login,UFA,OFF,0
2026-09-19,2026-09-19 12:00,2026-09-19 16:00,ppc_ru_UFA_sr_gen_a-all_exp-diff-login,UFA,OFF,0
2026-09-19,2026-09-19 12:00,2026-09-19 16:00,ppc_ru_centr_sr_dsa_a-all_exp-diff-login,centr,ON,1
2026-09-19,2026-09-19 12:00,2026-09-19 16:00,ppc_ru_centr_sr_gen_a-all_exp-diff-login,centr,ON,1
2026-09-19,2026-09-19 12:00,2026-09-19 16:00,ppc_ru_sibir_sr_dsa_a-all_exp-diff-login,sibir,OFF,0
2026-09-19,2026-09-19 12:00,2026-09-19 16:00,ppc_ru_sibir_sr_gen_a-all_exp-diff-login,sibir,OFF,0
2026-09-19,2026-09-19 12:00,2026-09-19 16:00,ppc_ru_ural_sr_dsa_a-all_exp-diff-login,ural,OFF,0
2026-09-19,2026-09-19 12:00,2026-09-19 16:00,ppc_ru_ural_sr_gen_a-all_exp-diff-login,ural,OFF,0
2026-09-19,2026-09-19 12:00,2026-09-19 16:00,ppc_ru_ural_sr_s-auto_a-all_exp-diff-login,ural,OFF,0
2026-09-19,2026-09-19 16:00,2026-09-19 20:00,ppc_ru_IKT_sr_gen_a-all_exp-diff-login,sibir,OFF,0
2026-09-19,2026-09-19 16:00,2026-09-19 20:00,ppc_ru_KJA_sr_dsa_a-all_exp-diff-login,KJA,OFF,0
2026-09-19,2026-09-19 16:00,2026-09-19 20:00,ppc_ru_KJA_sr_gen_a-all_exp-diff-login,KJA,OFF,0
2026-09-19,2026-09-19 16:00,2026-09-19 20:00,ppc_ru_KRR_sr_dsa_a-all_exp-diff-login,KRR,ON,1
2026-09-19,2026-09-19 16:00,2026-09-19 20:00,ppc_ru_KRR_sr_gen_a-all_exp-diff-login,KRR,ON,1
2026-09-19,2026-09-19 16:00,2026-09-19 20:00,ppc_ru_KRR_sr_s-auto_a-all_exp-diff-login,KRR,ON,1
2026-09-19,2026-09-19 16:00,2026-09-19 20:00,ppc_ru_KVKZ_sr_gen_a-all_exp-diff-login,KVKZ,OFF,0
2026-09-19,2026-09-19 16:00,2026-09-19 20:00,ppc_ru_KVKZ_sr_s-auto_a-all_exp-diff-login,KVKZ,OFF,0
2026-09-19,2026-09-19 16:00,2026-09-19 20:00,ppc_ru_KZN_sr_gen_a-all_exp-diff-login,KZN,ON,1
2026-09-19,2026-09-19 16:00,2026-09-19 20:00,ppc_ru_KZN_sr_s-auto_a-all_exp-diff-login,KZN,ON,1
2026-09-19,2026-09-19 16:00,2026-09-19 20:00,ppc_ru_LED_sr_dsa_a-all_exp-diff-login,LED,OFF,0
2026-09-19,2026-09-19 16:00,2026-09-19 20:00,ppc_ru_LED_sr_gen_a-all_exp-diff-login,LED,OFF,0
2026-09-19,2026-09-19 16:00,2026-09-19 20:00,ppc_ru_LED_sr_s-auto_a-all_exp-diff-login,LED,OFF,0
2026-09-19,2026-09-19 16:00,2026-09-19 20:00,ppc_ru_MOW_sr_dsa_a-all_exp-diff-login,MOW,ON,1
2026-09-19,2026-09-19 16:00,2026-09-19 20:00,ppc_ru_MOW_sr_gen_a-all_exp-diff-login,MOW,ON,1
2026-09-19,2026-09-19 16:00,2026-09-19 20:00,ppc_ru_MOW_sr_s-auto_a-all_exp-diff-login,MOW,ON,1
2026-09-19,2026-09-19 16:00,2026-09-19 20:00,ppc_ru_MOW_sr_s-auto_a-all_exp-diff-login_exp_travel-aud,MOW,ON,1
2026-09-19,2026-09-19 16:00,2026-09-19 20:00,ppc_ru_OVB_sr_dsa_a-all_exp-diff-login,OVB,ON,1
2026-09-19,2026-09-19 16:00,2026-09-19 20:00,ppc_ru_OVB_sr_gen_a-all_exp-diff-login,OVB,ON,1
2026-09-19,2026-09-19 16:00,2026-09-19 20:00,ppc_ru_SVX_sr_dsa_a-all_exp-diff-login,ural,ON,1
2026-09-19,2026-09-19 16:00,2026-09-19 20:00,ppc_ru_SVX_sr_gen_a-all_exp-diff-login,ural,ON,1
2026-09-19,2026-09-19 16:00,2026-09-19 20:00,ppc_ru_TJM_sr_dsa_a-all_exp-diff-login,ural,ON,1
2026-09-19,2026-09-19 16:00,2026-09-19 20:00,ppc_ru_TJM_sr_gen_a-all_exp-diff-login,ural,ON,1
2026-09-19,2026-09-19 16:00,2026-09-19 20:00,ppc_ru_UFA_sr_dsa_a-all_exp-diff-login,UFA,OFF,0
2026-09-19,2026-09-19 16:00,2026-09-19 20:00,ppc_ru_UFA_sr_gen_a-all_exp-diff-login,UFA,OFF,0
2026-09-19,2026-09-19 16:00,2026-09-19 20:00,ppc_ru_centr_sr_dsa_a-all_exp-diff-login,centr,OFF,0
2026-09-19,2026-09-19 16:00,2026-09-19 20:00,ppc_ru_centr_sr_gen_a-all_exp-diff-login,centr,OFF,0
2026-09-19,2026-09-19 16:00,2026-09-19 20:00,ppc_ru_sibir_sr_dsa_a-all_exp-diff-login,sibir,OFF,0
2026-09-19,2026-09-19 16:00,2026-09-19 20:00,ppc_ru_sibir_sr_gen_a-all_exp-diff-login,sibir,OFF,0
2026-09-19,2026-09-19 16:00,2026-09-19 20:00,ppc_ru_ural_sr_dsa_a-all_exp-diff-login,ural,ON,1
2026-09-19,2026-09-19 16:00,2026-09-19 20:00,ppc_ru_ural_sr_gen_a-all_exp-diff-login,ural,ON,1
2026-09-19,2026-09-19 16:00,2026-09-19 20:00,ppc_ru_ural_sr_s-auto_a-all_exp-diff-login,ural,ON,1
2026-09-19,2026-09-19 20:00,2026-09-20 00:00,ppc_ru_IKT_sr_gen_a-all_exp-diff-login,sibir,OFF,0
2026-09-19,2026-09-19 20:00,2026-09-20 00:00,ppc_ru_KJA_sr_dsa_a-all_exp-diff-login,KJA,OFF,0
2026-09-19,2026-09-19 20:00,2026-09-20 00:00,ppc_ru_KJA_sr_gen_a-all_exp-diff-login,KJA,OFF,0
2026-09-19,2026-09-19 20:00,2026-09-20 00:00,ppc_ru_KRR_sr_dsa_a-all_exp-diff-login,KRR,OFF,0
2026-09-19,2026-09-19 20:00,2026-09-20 00:00,ppc_ru_KRR_sr_gen_a-all_exp-diff-login,KRR,OFF,0
2026-09-19,2026-09-19 20:00,2026-09-20 00:00,ppc_ru_KRR_sr_s-auto_a-all_exp-diff-login,KRR,OFF,0
2026-09-19,2026-09-19 20:00,2026-09-20 00:00,ppc_ru_KVKZ_sr_gen_a-all_exp-diff-login,KVKZ,OFF,0
2026-09-19,2026-09-19 20:00,2026-09-20 00:00,ppc_ru_KVKZ_sr_s-auto_a-all_exp-diff-login,KVKZ,OFF,0
2026-09-19,2026-09-19 20:00,2026-09-20 00:00,ppc_ru_KZN_sr_gen_a-all_exp-diff-login,KZN,ON,1
2026-09-19,2026-09-19 20:00,2026-09-20 00:00,ppc_ru_KZN_sr_s-auto_a-all_exp-diff-login,KZN,ON,1
2026-09-19,2026-09-19 20:00,2026-09-20 00:00,ppc_ru_LED_sr_dsa_a-all_exp-diff-login,LED,OFF,0
2026-09-19,2026-09-19 20:00,2026-09-20 00:00,ppc_ru_LED_sr_gen_a-all_exp-diff-login,LED,OFF,0
2026-09-19,2026-09-19 20:00,2026-09-20 00:00,ppc_ru_LED_sr_s-auto_a-all_exp-diff-login,LED,OFF,0
2026-09-19,2026-09-19 20:00,2026-09-20 00:00,ppc_ru_MOW_sr_dsa_a-all_exp-diff-login,MOW,OFF,0
2026-09-19,2026-09-19 20:00,2026-09-20 00:00,ppc_ru_MOW_sr_gen_a-all_exp-diff-login,MOW,OFF,0
2026-09-19,2026-09-19 20:00,2026-09-20 00:00,ppc_ru_MOW_sr_s-auto_a-all_exp-diff-login,MOW,OFF,0
2026-09-19,2026-09-19 20:00,2026-09-20 00:00,ppc_ru_MOW_sr_s-auto_a-all_exp-diff-login_exp_travel-aud,MOW,OFF,0
2026-09-19,2026-09-19 20:00,2026-09-20 00:00,ppc_ru_OVB_sr_dsa_a-all_exp-diff-login,OVB,OFF,0
2026-09-19,2026-09-19 20:00,2026-09-20 00:00,ppc_ru_OVB_sr_gen_a-all_exp-diff-login,OVB,OFF,0
2026-09-19,2026-09-19 20:00,2026-09-20 00:00,ppc_ru_SVX_sr_dsa_a-all_exp-diff-login,ural,OFF,0
2026-09-19,2026-09-19 20:00,2026-09-20 00:00,ppc_ru_SVX_sr_gen_a-all_exp-diff-login,ural,OFF,0
2026-09-19,2026-09-19 20:00,2026-09-20 00:00,ppc_ru_TJM_sr_dsa_a-all_exp-diff-login,ural,OFF,0
2026-09-19,2026-09-19 20:00,2026-09-20 00:00,ppc_ru_TJM_sr_gen_a-all_exp-diff-login,ural,OFF,0
2026-09-19,2026-09-19 20:00,2026-09-20 00:00,ppc_ru_UFA_sr_dsa_a-all_exp-diff-login,UFA,ON,1
2026-09-19,2026-09-19 20:00,2026-09-20 00:00,ppc_ru_UFA_sr_gen_a-all_exp-diff-login,UFA,ON,1
2026-09-19,2026-09-19 20:00,2026-09-20 00:00,ppc_ru_centr_sr_dsa_a-all_exp-diff-login,centr,ON,1
2026-09-19,2026-09-19 20:00,2026-09-20 00:00,ppc_ru_centr_sr_gen_a-all_exp-diff-login,centr,ON,1
2026-09-19,2026-09-19 20:00,2026-09-20 00:00,ppc_ru_sibir_sr_dsa_a-all_exp-diff-login,sibir,OFF,0
2026-09-19,2026-09-19 20:00,2026-09-20 00:00,ppc_ru_sibir_sr_gen_a-all_exp-diff-login,sibir,OFF,0
2026-09-19,2026-09-19 20:00,2026-09-20 00:00,ppc_ru_ural_sr_dsa_a-all_exp-diff-login,ural,OFF,0
2026-09-19,2026-09-19 20:00,2026-09-20 00:00,ppc_ru_ural_sr_gen_a-all_exp-diff-login,ural,OFF,0
2026-09-19,2026-09-19 20:00,2026-09-20 00:00,ppc_ru_ural_sr_s-auto_a-all_exp-diff-login,ural,OFF,0
2026-09-20,2026-09-20 00:00,2026-09-20 04:00,ppc_ru_IKT_sr_gen_a-all_exp-diff-login,sibir,ON,1
2026-09-20,2026-09-20 00:00,2026-09-20 04:00,ppc_ru_KJA_sr_dsa_a-all_exp-diff-login,KJA,OFF,0
2026-09-20,2026-09-20 00:00,2026-09-20 04:00,ppc_ru_KJA_sr_gen_a-all_exp-diff-login,KJA,OFF,0
2026-09-20,2026-09-20 00:00,2026-09-20 04:00,ppc_ru_KRR_sr_dsa_a-all_exp-diff-login,KRR,ON,1
2026-09-20,2026-09-20 00:00,2026-09-20 04:00,ppc_ru_KRR_sr_gen_a-all_exp-diff-login,KRR,ON,1
2026-09-20,2026-09-20 00:00,2026-09-20 04:00,ppc_ru_KRR_sr_s-auto_a-all_exp-diff-login,KRR,ON,1
2026-09-20,2026-09-20 00:00,2026-09-20 04:00,ppc_ru_KVKZ_sr_gen_a-all_exp-diff-login,KVKZ,OFF,0
2026-09-20,2026-09-20 00:00,2026-09-20 04:00,ppc_ru_KVKZ_sr_s-auto_a-all_exp-diff-login,KVKZ,OFF,0
2026-09-20,2026-09-20 00:00,2026-09-20 04:00,ppc_ru_KZN_sr_gen_a-all_exp-diff-login,KZN,ON,1
2026-09-20,2026-09-20 00:00,2026-09-20 04:00,ppc_ru_KZN_sr_s-auto_a-all_exp-diff-login,KZN,ON,1
2026-09-20,2026-09-20 00:00,2026-09-20 04:00,ppc_ru_LED_sr_dsa_a-all_exp-diff-login,LED,ON,1
2026-09-20,2026-09-20 00:00,2026-09-20 04:00,ppc_ru_LED_sr_gen_a-all_exp-diff-login,LED,ON,1
2026-09-20,2026-09-20 00:00,2026-09-20 04:00,ppc_ru_LED_sr_s-auto_a-all_exp-diff-login,LED,ON,1
2026-09-20,2026-09-20 00:00,2026-09-20 04:00,ppc_ru_MOW_sr_dsa_a-all_exp-diff-login,MOW,OFF,0
2026-09-20,2026-09-20 00:00,2026-09-20 04:00,ppc_ru_MOW_sr_gen_a-all_exp-diff-login,MOW,OFF,0
2026-09-20,2026-09-20 00:00,2026-09-20 04:00,ppc_ru_MOW_sr_s-auto_a-all_exp-diff-login,MOW,OFF,0
2026-09-20,2026-09-20 00:00,2026-09-20 04:00,ppc_ru_MOW_sr_s-auto_a-all_exp-diff-login_exp_travel-aud,MOW,OFF,0
2026-09-20,2026-09-20 00:00,2026-09-20 04:00,ppc_ru_OVB_sr_dsa_a-all_exp-diff-login,OVB,OFF,0
2026-09-20,2026-09-20 00:00,2026-09-20 04:00,ppc_ru_OVB_sr_gen_a-all_exp-diff-login,OVB,OFF,0
2026-09-20,2026-09-20 00:00,2026-09-20 04:00,ppc_ru_SVX_sr_dsa_a-all_exp-diff-login,ural,ON,1
2026-09-20,2026-09-20 00:00,2026-09-20 04:00,ppc_ru_SVX_sr_gen_a-all_exp-diff-login,ural,ON,1
2026-09-20,2026-09-20 00:00,2026-09-20 04:00,ppc_ru_TJM_sr_dsa_a-all_exp-diff-login,ural,ON,1
2026-09-20,2026-09-20 00:00,2026-09-20 04:00,ppc_ru_TJM_sr_gen_a-all_exp-diff-login,ural,ON,1
2026-09-20,2026-09-20 00:00,2026-09-20 04:00,ppc_ru_UFA_sr_dsa_a-all_exp-diff-login,UFA,ON,1
2026-09-20,2026-09-20 00:00,2026-09-20 04:00,ppc_ru_UFA_sr_gen_a-all_exp-diff-login,UFA,ON,1
2026-09-20,2026-09-20 00:00,2026-09-20 04:00,ppc_ru_centr_sr_dsa_a-all_exp-diff-login,centr,ON,1
2026-09-20,2026-09-20 00:00,2026-09-20 04:00,ppc_ru_centr_sr_gen_a-all_exp-diff-login,centr,ON,1
2026-09-20,2026-09-20 00:00,2026-09-20 04:00,ppc_ru_sibir_sr_dsa_a-all_exp-diff-login,sibir,ON,1
2026-09-20,2026-09-20 00:00,2026-09-20 04:00,ppc_ru_sibir_sr_gen_a-all_exp-diff-login,sibir,ON,1
2026-09-20,2026-09-20 00:00,2026-09-20 04:00,ppc_ru_ural_sr_dsa_a-all_exp-diff-login,ural,ON,1
2026-09-20,2026-09-20 00:00,2026-09-20 04:00,ppc_ru_ural_sr_gen_a-all_exp-diff-login,ural,ON,1
2026-09-20,2026-09-20 00:00,2026-09-20 04:00,ppc_ru_ural_sr_s-auto_a-all_exp-diff-login,ural,ON,1
2026-09-20,2026-09-20 04:00,2026-09-20 08:00,ppc_ru_IKT_sr_gen_a-all_exp-diff-login,sibir,ON,1
2026-09-20,2026-09-20 04:00,2026-09-20 08:00,ppc_ru_KJA_sr_dsa_a-all_exp-diff-login,KJA,ON,1
2026-09-20,2026-09-20 04:00,2026-09-20 08:00,ppc_ru_KJA_sr_gen_a-all_exp-diff-login,KJA,ON,1
2026-09-20,2026-09-20 04:00,2026-09-20 08:00,ppc_ru_KRR_sr_dsa_a-all_exp-diff-login,KRR,OFF,0
2026-09-20,2026-09-20 04:00,2026-09-20 08:00,ppc_ru_KRR_sr_gen_a-all_exp-diff-login,KRR,OFF,0
2026-09-20,2026-09-20 04:00,2026-09-20 08:00,ppc_ru_KRR_sr_s-auto_a-all_exp-diff-login,KRR,OFF,0
2026-09-20,2026-09-20 04:00,2026-09-20 08:00,ppc_ru_KVKZ_sr_gen_a-all_exp-diff-login,KVKZ,ON,1
2026-09-20,2026-09-20 04:00,2026-09-20 08:00,ppc_ru_KVKZ_sr_s-auto_a-all_exp-diff-login,KVKZ,ON,1
2026-09-20,2026-09-20 04:00,2026-09-20 08:00,ppc_ru_KZN_sr_gen_a-all_exp-diff-login,KZN,OFF,0
2026-09-20,2026-09-20 04:00,2026-09-20 08:00,ppc_ru_KZN_sr_s-auto_a-all_exp-diff-login,KZN,OFF,0
2026-09-20,2026-09-20 04:00,2026-09-20 08:00,ppc_ru_LED_sr_dsa_a-all_exp-diff-login,LED,ON,1
2026-09-20,2026-09-20 04:00,2026-09-20 08:00,ppc_ru_LED_sr_gen_a-all_exp-diff-login,LED,ON,1
2026-09-20,2026-09-20 04:00,2026-09-20 08:00,ppc_ru_LED_sr_s-auto_a-all_exp-diff-login,LED,ON,1
2026-09-20,2026-09-20 04:00,2026-09-20 08:00,ppc_ru_MOW_sr_dsa_a-all_exp-diff-login,MOW,OFF,0
2026-09-20,2026-09-20 04:00,2026-09-20 08:00,ppc_ru_MOW_sr_gen_a-all_exp-diff-login,MOW,OFF,0
2026-09-20,2026-09-20 04:00,2026-09-20 08:00,ppc_ru_MOW_sr_s-auto_a-all_exp-diff-login,MOW,OFF,0
2026-09-20,2026-09-20 04:00,2026-09-20 08:00,ppc_ru_MOW_sr_s-auto_a-all_exp-diff-login_exp_travel-aud,MOW,OFF,0
2026-09-20,2026-09-20 04:00,2026-09-20 08:00,ppc_ru_OVB_sr_dsa_a-all_exp-diff-login,OVB,OFF,0
2026-09-20,2026-09-20 04:00,2026-09-20 08:00,ppc_ru_OVB_sr_gen_a-all_exp-diff-login,OVB,OFF,0
2026-09-20,2026-09-20 04:00,2026-09-20 08:00,ppc_ru_SVX_sr_dsa_a-all_exp-diff-login,ural,OFF,0
2026-09-20,2026-09-20 04:00,2026-09-20 08:00,ppc_ru_SVX_sr_gen_a-all_exp-diff-login,ural,OFF,0
2026-09-20,2026-09-20 04:00,2026-09-20 08:00,ppc_ru_TJM_sr_dsa_a-all_exp-diff-login,ural,OFF,0
2026-09-20,2026-09-20 04:00,2026-09-20 08:00,ppc_ru_TJM_sr_gen_a-all_exp-diff-login,ural,OFF,0
2026-09-20,2026-09-20 04:00,2026-09-20 08:00,ppc_ru_UFA_sr_dsa_a-all_exp-diff-login,UFA,OFF,0
2026-09-20,2026-09-20 04:00,2026-09-20 08:00,ppc_ru_UFA_sr_gen_a-all_exp-diff-login,UFA,OFF,0
2026-09-20,2026-09-20 04:00,2026-09-20 08:00,ppc_ru_centr_sr_dsa_a-all_exp-diff-login,centr,ON,1
2026-09-20,2026-09-20 04:00,2026-09-20 08:00,ppc_ru_centr_sr_gen_a-all_exp-diff-login,centr,ON,1
2026-09-20,2026-09-20 04:00,2026-09-20 08:00,ppc_ru_sibir_sr_dsa_a-all_exp-diff-login,sibir,ON,1
2026-09-20,2026-09-20 04:00,2026-09-20 08:00,ppc_ru_sibir_sr_gen_a-all_exp-diff-login,sibir,ON,1
2026-09-20,2026-09-20 04:00,2026-09-20 08:00,ppc_ru_ural_sr_dsa_a-all_exp-diff-login,ural,OFF,0
2026-09-20,2026-09-20 04:00,2026-09-20 08:00,ppc_ru_ural_sr_gen_a-all_exp-diff-login,ural,OFF,0
2026-09-20,2026-09-20 04:00,2026-09-20 08:00,ppc_ru_ural_sr_s-auto_a-all_exp-diff-login,ural,OFF,0
2026-09-20,2026-09-20 08:00,2026-09-20 12:00,ppc_ru_IKT_sr_gen_a-all_exp-diff-login,sibir,OFF,0
2026-09-20,2026-09-20 08:00,2026-09-20 12:00,ppc_ru_KJA_sr_dsa_a-all_exp-diff-login,KJA,OFF,0
2026-09-20,2026-09-20 08:00,2026-09-20 12:00,ppc_ru_KJA_sr_gen_a-all_exp-diff-login,KJA,OFF,0
2026-09-20,2026-09-20 08:00,2026-09-20 12:00,ppc_ru_KRR_sr_dsa_a-all_exp-diff-login,KRR,ON,1
2026-09-20,2026-09-20 08:00,2026-09-20 12:00,ppc_ru_KRR_sr_gen_a-all_exp-diff-login,KRR,ON,1
2026-09-20,2026-09-20 08:00,2026-09-20 12:00,ppc_ru_KRR_sr_s-auto_a-all_exp-diff-login,KRR,ON,1
2026-09-20,2026-09-20 08:00,2026-09-20 12:00,ppc_ru_KVKZ_sr_gen_a-all_exp-diff-login,KVKZ,OFF,0
2026-09-20,2026-09-20 08:00,2026-09-20 12:00,ppc_ru_KVKZ_sr_s-auto_a-all_exp-diff-login,KVKZ,OFF,0
2026-09-20,2026-09-20 08:00,2026-09-20 12:00,ppc_ru_KZN_sr_gen_a-all_exp-diff-login,KZN,OFF,0
2026-09-20,2026-09-20 08:00,2026-09-20 12:00,ppc_ru_KZN_sr_s-auto_a-all_exp-diff-login,KZN,OFF,0
2026-09-20,2026-09-20 08:00,2026-09-20 12:00,ppc_ru_LED_sr_dsa_a-all_exp-diff-login,LED,OFF,0
2026-09-20,2026-09-20 08:00,2026-09-20 12:00,ppc_ru_LED_sr_gen_a-all_exp-diff-login,LED,OFF,0
2026-09-20,2026-09-20 08:00,2026-09-20 12:00,ppc_ru_LED_sr_s-auto_a-all_exp-diff-login,LED,OFF,0
2026-09-20,2026-09-20 08:00,2026-09-20 12:00,ppc_ru_MOW_sr_dsa_a-all_exp-diff-login,MOW,OFF,0
2026-09-20,2026-09-20 08:00,2026-09-20 12:00,ppc_ru_MOW_sr_gen_a-all_exp-diff-login,MOW,OFF,0
2026-09-20,2026-09-20 08:00,2026-09-20 12:00,ppc_ru_MOW_sr_s-auto_a-all_exp-diff-login,MOW,OFF,0
2026-09-20,2026-09-20 08:00,2026-09-20 12:00,ppc_ru_MOW_sr_s-auto_a-all_exp-diff-login_exp_travel-aud,MOW,OFF,0
2026-09-20,2026-09-20 08:00,2026-09-20 12:00,ppc_ru_OVB_sr_dsa_a-all_exp-diff-login,OVB,ON,1
2026-09-20,2026-09-20 08:00,2026-09-20 12:00,ppc_ru_OVB_sr_gen_a-all_exp-diff-login,OVB,ON,1
2026-09-20,2026-09-20 08:00,2026-09-20 12:00,ppc_ru_SVX_sr_dsa_a-all_exp-diff-login,ural,ON,1
2026-09-20,2026-09-20 08:00,2026-09-20 12:00,ppc_ru_SVX_sr_gen_a-all_exp-diff-login,ural,ON,1
2026-09-20,2026-09-20 08:00,2026-09-20 12:00,ppc_ru_TJM_sr_dsa_a-all_exp-diff-login,ural,ON,1
2026-09-20,2026-09-20 08:00,2026-09-20 12:00,ppc_ru_TJM_sr_gen_a-all_exp-diff-login,ural,ON,1
2026-09-20,2026-09-20 08:00,2026-09-20 12:00,ppc_ru_UFA_sr_dsa_a-all_exp-diff-login,UFA,OFF,0
2026-09-20,2026-09-20 08:00,2026-09-20 12:00,ppc_ru_UFA_sr_gen_a-all_exp-diff-login,UFA,OFF,0
2026-09-20,2026-09-20 08:00,2026-09-20 12:00,ppc_ru_centr_sr_dsa_a-all_exp-diff-login,centr,OFF,0
2026-09-20,2026-09-20 08:00,2026-09-20 12:00,ppc_ru_centr_sr_gen_a-all_exp-diff-login,centr,OFF,0
2026-09-20,2026-09-20 08:00,2026-09-20 12:00,ppc_ru_sibir_sr_dsa_a-all_exp-diff-login,sibir,OFF,0
2026-09-20,2026-09-20 08:00,2026-09-20 12:00,ppc_ru_sibir_sr_gen_a-all_exp-diff-login,sibir,OFF,0
2026-09-20,2026-09-20 08:00,2026-09-20 12:00,ppc_ru_ural_sr_dsa_a-all_exp-diff-login,ural,ON,1
2026-09-20,2026-09-20 08:00,2026-09-20 12:00,ppc_ru_ural_sr_gen_a-all_exp-diff-login,ural,ON,1
2026-09-20,2026-09-20 08:00,2026-09-20 12:00,ppc_ru_ural_sr_s-auto_a-all_exp-diff-login,ural,ON,1
2026-09-20,2026-09-20 12:00,2026-09-20 16:00,ppc_ru_IKT_sr_gen_a-all_exp-diff-login,sibir,OFF,0
2026-09-20,2026-09-20 12:00,2026-09-20 16:00,ppc_ru_KJA_sr_dsa_a-all_exp-diff-login,KJA,ON,1
2026-09-20,2026-09-20 12:00,2026-09-20 16:00,ppc_ru_KJA_sr_gen_a-all_exp-diff-login,KJA,ON,1
2026-09-20,2026-09-20 12:00,2026-09-20 16:00,ppc_ru_KRR_sr_dsa_a-all_exp-diff-login,KRR,OFF,0
2026-09-20,2026-09-20 12:00,2026-09-20 16:00,ppc_ru_KRR_sr_gen_a-all_exp-diff-login,KRR,OFF,0
2026-09-20,2026-09-20 12:00,2026-09-20 16:00,ppc_ru_KRR_sr_s-auto_a-all_exp-diff-login,KRR,OFF,0
2026-09-20,2026-09-20 12:00,2026-09-20 16:00,ppc_ru_KVKZ_sr_gen_a-all_exp-diff-login,KVKZ,OFF,0
2026-09-20,2026-09-20 12:00,2026-09-20 16:00,ppc_ru_KVKZ_sr_s-auto_a-all_exp-diff-login,KVKZ,OFF,0
2026-09-20,2026-09-20 12:00,2026-09-20 16:00,ppc_ru_KZN_sr_gen_a-all_exp-diff-login,KZN,ON,1
2026-09-20,2026-09-20 12:00,2026-09-20 16:00,ppc_ru_KZN_sr_s-auto_a-all_exp-diff-login,KZN,ON,1
2026-09-20,2026-09-20 12:00,2026-09-20 16:00,ppc_ru_LED_sr_dsa_a-all_exp-diff-login,LED,OFF,0
2026-09-20,2026-09-20 12:00,2026-09-20 16:00,ppc_ru_LED_sr_gen_a-all_exp-diff-login,LED,OFF,0
2026-09-20,2026-09-20 12:00,2026-09-20 16:00,ppc_ru_LED_sr_s-auto_a-all_exp-diff-login,LED,OFF,0
2026-09-20,2026-09-20 12:00,2026-09-20 16:00,ppc_ru_MOW_sr_dsa_a-all_exp-diff-login,MOW,ON,1
2026-09-20,2026-09-20 12:00,2026-09-20 16:00,ppc_ru_MOW_sr_gen_a-all_exp-diff-login,MOW,ON,1
2026-09-20,2026-09-20 12:00,2026-09-20 16:00,ppc_ru_MOW_sr_s-auto_a-all_exp-diff-login,MOW,ON,1
2026-09-20,2026-09-20 12:00,2026-09-20 16:00,ppc_ru_MOW_sr_s-auto_a-all_exp-diff-login_exp_travel-aud,MOW,ON,1
2026-09-20,2026-09-20 12:00,2026-09-20 16:00,ppc_ru_OVB_sr_dsa_a-all_exp-diff-login,OVB,ON,1
2026-09-20,2026-09-20 12:00,2026-09-20 16:00,ppc_ru_OVB_sr_gen_a-all_exp-diff-login,OVB,ON,1
2026-09-20,2026-09-20 12:00,2026-09-20 16:00,ppc_ru_SVX_sr_dsa_a-all_exp-diff-login,ural,OFF,0
2026-09-20,2026-09-20 12:00,2026-09-20 16:00,ppc_ru_SVX_sr_gen_a-all_exp-diff-login,ural,OFF,0
2026-09-20,2026-09-20 12:00,2026-09-20 16:00,ppc_ru_TJM_sr_dsa_a-all_exp-diff-login,ural,OFF,0
2026-09-20,2026-09-20 12:00,2026-09-20 16:00,ppc_ru_TJM_sr_gen_a-all_exp-diff-login,ural,OFF,0
2026-09-20,2026-09-20 12:00,2026-09-20 16:00,ppc_ru_UFA_sr_dsa_a-all_exp-diff-login,UFA,ON,1
2026-09-20,2026-09-20 12:00,2026-09-20 16:00,ppc_ru_UFA_sr_gen_a-all_exp-diff-login,UFA,ON,1
2026-09-20,2026-09-20 12:00,2026-09-20 16:00,ppc_ru_centr_sr_dsa_a-all_exp-diff-login,centr,OFF,0
2026-09-20,2026-09-20 12:00,2026-09-20 16:00,ppc_ru_centr_sr_gen_a-all_exp-diff-login,centr,OFF,0
2026-09-20,2026-09-20 12:00,2026-09-20 16:00,ppc_ru_sibir_sr_dsa_a-all_exp-diff-login,sibir,OFF,0
2026-09-20,2026-09-20 12:00,2026-09-20 16:00,ppc_ru_sibir_sr_gen_a-all_exp-diff-login,sibir,OFF,0
2026-09-20,2026-09-20 12:00,2026-09-20 16:00,ppc_ru_ural_sr_dsa_a-all_exp-diff-login,ural,OFF,0
2026-09-20,2026-09-20 12:00,2026-09-20 16:00,ppc_ru_ural_sr_gen_a-all_exp-diff-login,ural,OFF,0
2026-09-20,2026-09-20 12:00,2026-09-20 16:00,ppc_ru_ural_sr_s-auto_a-all_exp-diff-login,ural,OFF,0
2026-09-20,2026-09-20 16:00,2026-09-20 20:00,ppc_ru_IKT_sr_gen_a-all_exp-diff-login,sibir,OFF,0
2026-09-20,2026-09-20 16:00,2026-09-20 20:00,ppc_ru_KJA_sr_dsa_a-all_exp-diff-login,KJA,ON,1
2026-09-20,2026-09-20 16:00,2026-09-20 20:00,ppc_ru_KJA_sr_gen_a-all_exp-diff-login,KJA,ON,1
2026-09-20,2026-09-20 16:00,2026-09-20 20:00,ppc_ru_KRR_sr_dsa_a-all_exp-diff-login,KRR,ON,1
2026-09-20,2026-09-20 16:00,2026-09-20 20:00,ppc_ru_KRR_sr_gen_a-all_exp-diff-login,KRR,ON,1
2026-09-20,2026-09-20 16:00,2026-09-20 20:00,ppc_ru_KRR_sr_s-auto_a-all_exp-diff-login,KRR,ON,1
2026-09-20,2026-09-20 16:00,2026-09-20 20:00,ppc_ru_KVKZ_sr_gen_a-all_exp-diff-login,KVKZ,ON,1
2026-09-20,2026-09-20 16:00,2026-09-20 20:00,ppc_ru_KVKZ_sr_s-auto_a-all_exp-diff-login,KVKZ,ON,1
2026-09-20,2026-09-20 16:00,2026-09-20 20:00,ppc_ru_KZN_sr_gen_a-all_exp-diff-login,KZN,OFF,0
2026-09-20,2026-09-20 16:00,2026-09-20 20:00,ppc_ru_KZN_sr_s-auto_a-all_exp-diff-login,KZN,OFF,0
2026-09-20,2026-09-20 16:00,2026-09-20 20:00,ppc_ru_LED_sr_dsa_a-all_exp-diff-login,LED,ON,1
2026-09-20,2026-09-20 16:00,2026-09-20 20:00,ppc_ru_LED_sr_gen_a-all_exp-diff-login,LED,ON,1
2026-09-20,2026-09-20 16:00,2026-09-20 20:00,ppc_ru_LED_sr_s-auto_a-all_exp-diff-login,LED,ON,1
2026-09-20,2026-09-20 16:00,2026-09-20 20:00,ppc_ru_MOW_sr_dsa_a-all_exp-diff-login,MOW,ON,1
2026-09-20,2026-09-20 16:00,2026-09-20 20:00,ppc_ru_MOW_sr_gen_a-all_exp-diff-login,MOW,ON,1
2026-09-20,2026-09-20 16:00,2026-09-20 20:00,ppc_ru_MOW_sr_s-auto_a-all_exp-diff-login,MOW,ON,1
2026-09-20,2026-09-20 16:00,2026-09-20 20:00,ppc_ru_MOW_sr_s-auto_a-all_exp-diff-login_exp_travel-aud,MOW,ON,1
2026-09-20,2026-09-20 16:00,2026-09-20 20:00,ppc_ru_OVB_sr_dsa_a-all_exp-diff-login,OVB,ON,1
2026-09-20,2026-09-20 16:00,2026-09-20 20:00,ppc_ru_OVB_sr_gen_a-all_exp-diff-login,OVB,ON,1
2026-09-20,2026-09-20 16:00,2026-09-20 20:00,ppc_ru_SVX_sr_dsa_a-all_exp-diff-login,ural,ON,1
2026-09-20,2026-09-20 16:00,2026-09-20 20:00,ppc_ru_SVX_sr_gen_a-all_exp-diff-login,ural,ON,1
2026-09-20,2026-09-20 16:00,2026-09-20 20:00,ppc_ru_TJM_sr_dsa_a-all_exp-diff-login,ural,ON,1
2026-09-20,2026-09-20 16:00,2026-09-20 20:00,ppc_ru_TJM_sr_gen_a-all_exp-diff-login,ural,ON,1
2026-09-20,2026-09-20 16:00,2026-09-20 20:00,ppc_ru_UFA_sr_dsa_a-all_exp-diff-login,UFA,ON,1
2026-09-20,2026-09-20 16:00,2026-09-20 20:00,ppc_ru_UFA_sr_gen_a-all_exp-diff-login,UFA,ON,1
2026-09-20,2026-09-20 16:00,2026-09-20 20:00,ppc_ru_centr_sr_dsa_a-all_exp-diff-login,centr,ON,1
2026-09-20,2026-09-20 16:00,2026-09-20 20:00,ppc_ru_centr_sr_gen_a-all_exp-diff-login,centr,ON,1
2026-09-20,2026-09-20 16:00,2026-09-20 20:00,ppc_ru_sibir_sr_dsa_a-all_exp-diff-login,sibir,OFF,0
2026-09-20,2026-09-20 16:00,2026-09-20 20:00,ppc_ru_sibir_sr_gen_a-all_exp-diff-login,sibir,OFF,0
2026-09-20,2026-09-20 16:00,2026-09-20 20:00,ppc_ru_ural_sr_dsa_a-all_exp-diff-login,ural,ON,1
2026-09-20,2026-09-20 16:00,2026-09-20 20:00,ppc_ru_ural_sr_gen_a-all_exp-diff-login,ural,ON,1
2026-09-20,2026-09-20 16:00,2026-09-20 20:00,ppc_ru_ural_sr_s-auto_a-all_exp-diff-login,ural,ON,1
2026-09-20,2026-09-20 20:00,2026-09-21 00:00,ppc_ru_IKT_sr_gen_a-all_exp-diff-login,sibir,ON,1
2026-09-20,2026-09-20 20:00,2026-09-21 00:00,ppc_ru_KJA_sr_dsa_a-all_exp-diff-login,KJA,OFF,0
2026-09-20,2026-09-20 20:00,2026-09-21 00:00,ppc_ru_KJA_sr_gen_a-all_exp-diff-login,KJA,OFF,0
2026-09-20,2026-09-20 20:00,2026-09-21 00:00,ppc_ru_KRR_sr_dsa_a-all_exp-diff-login,KRR,OFF,0
2026-09-20,2026-09-20 20:00,2026-09-21 00:00,ppc_ru_KRR_sr_gen_a-all_exp-diff-login,KRR,OFF,0
2026-09-20,2026-09-20 20:00,2026-09-21 00:00,ppc_ru_KRR_sr_s-auto_a-all_exp-diff-login,KRR,OFF,0
2026-09-20,2026-09-20 20:00,2026-09-21 00:00,ppc_ru_KVKZ_sr_gen_a-all_exp-diff-login,KVKZ,ON,1
2026-09-20,2026-09-20 20:00,2026-09-21 00:00,ppc_ru_KVKZ_sr_s-auto_a-all_exp-diff-login,KVKZ,ON,1
2026-09-20,2026-09-20 20:00,2026-09-21 00:00,ppc_ru_KZN_sr_gen_a-all_exp-diff-login,KZN,ON,1
2026-09-20,2026-09-20 20:00,2026-09-21 00:00,ppc_ru_KZN_sr_s-auto_a-all_exp-diff-login,KZN,ON,1
2026-09-20,2026-09-20 20:00,2026-09-21 00:00,ppc_ru_LED_sr_dsa_a-all_exp-diff-login,LED,OFF,0
2026-09-20,2026-09-20 20:00,2026-09-21 00:00,ppc_ru_LED_sr_gen_a-all_exp-diff-login,LED,OFF,0
2026-09-20,2026-09-20 20:00,2026-09-21 00:00,ppc_ru_LED_sr_s-auto_a-all_exp-diff-login,LED,OFF,0
2026-09-20,2026-09-20 20:00,2026-09-21 00:00,ppc_ru_MOW_sr_dsa_a-all_exp-diff-login,MOW,ON,1
2026-09-20,2026-09-20 20:00,2026-09-21 00:00,ppc_ru_MOW_sr_gen_a-all_exp-diff-login,MOW,ON,1
2026-09-20,2026-09-20 20:00,2026-09-21 00:00,ppc_ru_MOW_sr_s-auto_a-all_exp-diff-login,MOW,ON,1
2026-09-20,2026-09-20 20:00,2026-09-21 00:00,ppc_ru_MOW_sr_s-auto_a-all_exp-diff-login_exp_travel-aud,MOW,ON,1
2026-09-20,2026-09-20 20:00,2026-09-21 00:00,ppc_ru_OVB_sr_dsa_a-all_exp-diff-login,OVB,OFF,0
2026-09-20,2026-09-20 20:00,2026-09-21 00:00,ppc_ru_OVB_sr_gen_a-all_exp-diff-login,OVB,OFF,0
2026-09-20,2026-09-20 20:00,2026-09-21 00:00,ppc_ru_SVX_sr_dsa_a-all_exp-diff-login,ural,OFF,0
2026-09-20,2026-09-20 20:00,2026-09-21 00:00,ppc_ru_SVX_sr_gen_a-all_exp-diff-login,ural,OFF,0
2026-09-20,2026-09-20 20:00,2026-09-21 00:00,ppc_ru_TJM_sr_dsa_a-all_exp-diff-login,ural,OFF,0
2026-09-20,2026-09-20 20:00,2026-09-21 00:00,ppc_ru_TJM_sr_gen_a-all_exp-diff-login,ural,OFF,0
2026-09-20,2026-09-20 20:00,2026-09-21 00:00,ppc_ru_UFA_sr_dsa_a-all_exp-diff-login,UFA,OFF,0
2026-09-20,2026-09-20 20:00,2026-09-21 00:00,ppc_ru_UFA_sr_gen_a-all_exp-diff-login,UFA,OFF,0
2026-09-20,2026-09-20 20:00,2026-09-21 00:00,ppc_ru_centr_sr_dsa_a-all_exp-diff-login,centr,OFF,0
2026-09-20,2026-09-20 20:00,2026-09-21 00:00,ppc_ru_centr_sr_gen_a-all_exp-diff-login,centr,OFF,0
2026-09-20,2026-09-20 20:00,2026-09-21 00:00,ppc_ru_sibir_sr_dsa_a-all_exp-diff-login,sibir,ON,1
2026-09-20,2026-09-20 20:00,2026-09-21 00:00,ppc_ru_sibir_sr_gen_a-all_exp-diff-login,sibir,ON,1
2026-09-20,2026-09-20 20:00,2026-09-21 00:00,ppc_ru_ural_sr_dsa_a-all_exp-diff-login,ural,OFF,0
2026-09-20,2026-09-20 20:00,2026-09-21 00:00,ppc_ru_ural_sr_gen_a-all_exp-diff-login,ural,OFF,0
2026-09-20,2026-09-20 20:00,2026-09-21 00:00,ppc_ru_ural_sr_s-auto_a-all_exp-diff-login,ural,OFF,0
2026-09-21,2026-09-21 00:00,2026-09-21 04:00,ppc_ru_IKT_sr_gen_a-all_exp-diff-login,sibir,OFF,0
2026-09-21,2026-09-21 00:00,2026-09-21 04:00,ppc_ru_KJA_sr_dsa_a-all_exp-diff-login,KJA,OFF,0
2026-09-21,2026-09-21 00:00,2026-09-21 04:00,ppc_ru_KJA_sr_gen_a-all_exp-diff-login,KJA,OFF,0
2026-09-21,2026-09-21 00:00,2026-09-21 04:00,ppc_ru_KRR_sr_dsa_a-all_exp-diff-login,KRR,OFF,0
2026-09-21,2026-09-21 00:00,2026-09-21 04:00,ppc_ru_KRR_sr_gen_a-all_exp-diff-login,KRR,OFF,0
2026-09-21,2026-09-21 00:00,2026-09-21 04:00,ppc_ru_KRR_sr_s-auto_a-all_exp-diff-login,KRR,OFF,0
2026-09-21,2026-09-21 00:00,2026-09-21 04:00,ppc_ru_KVKZ_sr_gen_a-all_exp-diff-login,KVKZ,OFF,0
2026-09-21,2026-09-21 00:00,2026-09-21 04:00,ppc_ru_KVKZ_sr_s-auto_a-all_exp-diff-login,KVKZ,OFF,0
2026-09-21,2026-09-21 00:00,2026-09-21 04:00,ppc_ru_KZN_sr_gen_a-all_exp-diff-login,KZN,OFF,0
2026-09-21,2026-09-21 00:00,2026-09-21 04:00,ppc_ru_KZN_sr_s-auto_a-all_exp-diff-login,KZN,OFF,0
2026-09-21,2026-09-21 00:00,2026-09-21 04:00,ppc_ru_LED_sr_dsa_a-all_exp-diff-login,LED,ON,1
2026-09-21,2026-09-21 00:00,2026-09-21 04:00,ppc_ru_LED_sr_gen_a-all_exp-diff-login,LED,ON,1
2026-09-21,2026-09-21 00:00,2026-09-21 04:00,ppc_ru_LED_sr_s-auto_a-all_exp-diff-login,LED,ON,1
2026-09-21,2026-09-21 00:00,2026-09-21 04:00,ppc_ru_MOW_sr_dsa_a-all_exp-diff-login,MOW,ON,1
2026-09-21,2026-09-21 00:00,2026-09-21 04:00,ppc_ru_MOW_sr_gen_a-all_exp-diff-login,MOW,ON,1
2026-09-21,2026-09-21 00:00,2026-09-21 04:00,ppc_ru_MOW_sr_s-auto_a-all_exp-diff-login,MOW,ON,1
2026-09-21,2026-09-21 00:00,2026-09-21 04:00,ppc_ru_MOW_sr_s-auto_a-all_exp-diff-login_exp_travel-aud,MOW,ON,1
2026-09-21,2026-09-21 00:00,2026-09-21 04:00,ppc_ru_OVB_sr_dsa_a-all_exp-diff-login,OVB,ON,1
2026-09-21,2026-09-21 00:00,2026-09-21 04:00,ppc_ru_OVB_sr_gen_a-all_exp-diff-login,OVB,ON,1
2026-09-21,2026-09-21 00:00,2026-09-21 04:00,ppc_ru_SVX_sr_dsa_a-all_exp-diff-login,ural,ON,1
2026-09-21,2026-09-21 00:00,2026-09-21 04:00,ppc_ru_SVX_sr_gen_a-all_exp-diff-login,ural,ON,1
2026-09-21,2026-09-21 00:00,2026-09-21 04:00,ppc_ru_TJM_sr_dsa_a-all_exp-diff-login,ural,ON,1
2026-09-21,2026-09-21 00:00,2026-09-21 04:00,ppc_ru_TJM_sr_gen_a-all_exp-diff-login,ural,ON,1
2026-09-21,2026-09-21 00:00,2026-09-21 04:00,ppc_ru_UFA_sr_dsa_a-all_exp-diff-login,UFA,OFF,0
2026-09-21,2026-09-21 00:00,2026-09-21 04:00,ppc_ru_UFA_sr_gen_a-all_exp-diff-login,UFA,OFF,0
2026-09-21,2026-09-21 00:00,2026-09-21 04:00,ppc_ru_centr_sr_dsa_a-all_exp-diff-login,centr,OFF,0
2026-09-21,2026-09-21 00:00,2026-09-21 04:00,ppc_ru_centr_sr_gen_a-all_exp-diff-login,centr,OFF,0
2026-09-21,2026-09-21 00:00,2026-09-21 04:00,ppc_ru_sibir_sr_dsa_a-all_exp-diff-login,sibir,OFF,0
2026-09-21,2026-09-21 00:00,2026-09-21 04:00,ppc_ru_sibir_sr_gen_a-all_exp-diff-login,sibir,OFF,0
2026-09-21,2026-09-21 00:00,2026-09-21 04:00,ppc_ru_ural_sr_dsa_a-all_exp-diff-login,ural,ON,1
2026-09-21,2026-09-21 00:00,2026-09-21 04:00,ppc_ru_ural_sr_gen_a-all_exp-diff-login,ural,ON,1
2026-09-21,2026-09-21 00:00,2026-09-21 04:00,ppc_ru_ural_sr_s-auto_a-all_exp-diff-login,ural,ON,1
2026-09-21,2026-09-21 04:00,2026-09-21 08:00,ppc_ru_IKT_sr_gen_a-all_exp-diff-login,sibir,ON,1
2026-09-21,2026-09-21 04:00,2026-09-21 08:00,ppc_ru_KJA_sr_dsa_a-all_exp-diff-login,KJA,OFF,0
2026-09-21,2026-09-21 04:00,2026-09-21 08:00,ppc_ru_KJA_sr_gen_a-all_exp-diff-login,KJA,OFF,0
2026-09-21,2026-09-21 04:00,2026-09-21 08:00,ppc_ru_KRR_sr_dsa_a-all_exp-diff-login,KRR,OFF,0
2026-09-21,2026-09-21 04:00,2026-09-21 08:00,ppc_ru_KRR_sr_gen_a-all_exp-diff-login,KRR,OFF,0
2026-09-21,2026-09-21 04:00,2026-09-21 08:00,ppc_ru_KRR_sr_s-auto_a-all_exp-diff-login,KRR,OFF,0
2026-09-21,2026-09-21 04:00,2026-09-21 08:00,ppc_ru_KVKZ_sr_gen_a-all_exp-diff-login,KVKZ,ON,1
2026-09-21,2026-09-21 04:00,2026-09-21 08:00,ppc_ru_KVKZ_sr_s-auto_a-all_exp-diff-login,KVKZ,ON,1
2026-09-21,2026-09-21 04:00,2026-09-21 08:00,ppc_ru_KZN_sr_gen_a-all_exp-diff-login,KZN,ON,1
2026-09-21,2026-09-21 04:00,2026-09-21 08:00,ppc_ru_KZN_sr_s-auto_a-all_exp-diff-login,KZN,ON,1
2026-09-21,2026-09-21 04:00,2026-09-21 08:00,ppc_ru_LED_sr_dsa_a-all_exp-diff-login,LED,ON,1
2026-09-21,2026-09-21 04:00,2026-09-21 08:00,ppc_ru_LED_sr_gen_a-all_exp-diff-login,LED,ON,1
2026-09-21,2026-09-21 04:00,2026-09-21 08:00,ppc_ru_LED_sr_s-auto_a-all_exp-diff-login,LED,ON,1
2026-09-21,2026-09-21 04:00,2026-09-21 08:00,ppc_ru_MOW_sr_dsa_a-all_exp-diff-login,MOW,ON,1
2026-09-21,2026-09-21 04:00,2026-09-21 08:00,ppc_ru_MOW_sr_gen_a-all_exp-diff-login,MOW,ON,1
2026-09-21,2026-09-21 04:00,2026-09-21 08:00,ppc_ru_MOW_sr_s-auto_a-all_exp-diff-login,MOW,ON,1
2026-09-21,2026-09-21 04:00,2026-09-21 08:00,ppc_ru_MOW_sr_s-auto_a-all_exp-diff-login_exp_travel-aud,MOW,ON,1
2026-09-21,2026-09-21 04:00,2026-09-21 08:00,ppc_ru_OVB_sr_dsa_a-all_exp-diff-login,OVB,ON,1
2026-09-21,2026-09-21 04:00,2026-09-21 08:00,ppc_ru_OVB_sr_gen_a-all_exp-diff-login,OVB,ON,1
2026-09-21,2026-09-21 04:00,2026-09-21 08:00,ppc_ru_SVX_sr_dsa_a-all_exp-diff-login,ural,ON,1
2026-09-21,2026-09-21 04:00,2026-09-21 08:00,ppc_ru_SVX_sr_gen_a-all_exp-diff-login,ural,ON,1
2026-09-21,2026-09-21 04:00,2026-09-21 08:00,ppc_ru_TJM_sr_dsa_a-all_exp-diff-login,ural,ON,1
2026-09-21,2026-09-21 04:00,2026-09-21 08:00,ppc_ru_TJM_sr_gen_a-all_exp-diff-login,ural,ON,1
2026-09-21,2026-09-21 04:00,2026-09-21 08:00,ppc_ru_UFA_sr_dsa_a-all_exp-diff-login,UFA,ON,1
2026-09-21,2026-09-21 04:00,2026-09-21 08:00,ppc_ru_UFA_sr_gen_a-all_exp-diff-login,UFA,ON,1
2026-09-21,2026-09-21 04:00,2026-09-21 08:00,ppc_ru_centr_sr_dsa_a-all_exp-diff-login,centr,OFF,0
2026-09-21,2026-09-21 04:00,2026-09-21 08:00,ppc_ru_centr_sr_gen_a-all_exp-diff-login,centr,OFF,0
2026-09-21,2026-09-21 04:00,2026-09-21 08:00,ppc_ru_sibir_sr_dsa_a-all_exp-diff-login,sibir,ON,1
2026-09-21,2026-09-21 04:00,2026-09-21 08:00,ppc_ru_sibir_sr_gen_a-all_exp-diff-login,sibir,ON,1
2026-09-21,2026-09-21 04:00,2026-09-21 08:00,ppc_ru_ural_sr_dsa_a-all_exp-diff-login,ural,ON,1
2026-09-21,2026-09-21 04:00,2026-09-21 08:00,ppc_ru_ural_sr_gen_a-all_exp-diff-login,ural,ON,1
2026-09-21,2026-09-21 04:00,2026-09-21 08:00,ppc_ru_ural_sr_s-auto_a-all_exp-diff-login,ural,ON,1
2026-09-21,2026-09-21 08:00,2026-09-21 12:00,ppc_ru_IKT_sr_gen_a-all_exp-diff-login,sibir,OFF,0
2026-09-21,2026-09-21 08:00,2026-09-21 12:00,ppc_ru_KJA_sr_dsa_a-all_exp-diff-login,KJA,ON,1
2026-09-21,2026-09-21 08:00,2026-09-21 12:00,ppc_ru_KJA_sr_gen_a-all_exp-diff-login,KJA,ON,1
2026-09-21,2026-09-21 08:00,2026-09-21 12:00,ppc_ru_KRR_sr_dsa_a-all_exp-diff-login,KRR,ON,1
2026-09-21,2026-09-21 08:00,2026-09-21 12:00,ppc_ru_KRR_sr_gen_a-all_exp-diff-login,KRR,ON,1
2026-09-21,2026-09-21 08:00,2026-09-21 12:00,ppc_ru_KRR_sr_s-auto_a-all_exp-diff-login,KRR,ON,1
2026-09-21,2026-09-21 08:00,2026-09-21 12:00,ppc_ru_KVKZ_sr_gen_a-all_exp-diff-login,KVKZ,ON,1
2026-09-21,2026-09-21 08:00,2026-09-21 12:00,ppc_ru_KVKZ_sr_s-auto_a-all_exp-diff-login,KVKZ,ON,1
2026-09-21,2026-09-21 08:00,2026-09-21 12:00,ppc_ru_KZN_sr_gen_a-all_exp-diff-login,KZN,ON,1
2026-09-21,2026-09-21 08:00,2026-09-21 12:00,ppc_ru_KZN_sr_s-auto_a-all_exp-diff-login,KZN,ON,1
2026-09-21,2026-09-21 08:00,2026-09-21 12:00,ppc_ru_LED_sr_dsa_a-all_exp-diff-login,LED,OFF,0
2026-09-21,2026-09-21 08:00,2026-09-21 12:00,ppc_ru_LED_sr_gen_a-all_exp-diff-login,LED,OFF,0
2026-09-21,2026-09-21 08:00,2026-09-21 12:00,ppc_ru_LED_sr_s-auto_a-all_exp-diff-login,LED,OFF,0
2026-09-21,2026-09-21 08:00,2026-09-21 12:00,ppc_ru_MOW_sr_dsa_a-all_exp-diff-login,MOW,ON,1
2026-09-21,2026-09-21 08:00,2026-09-21 12:00,ppc_ru_MOW_sr_gen_a-all_exp-diff-login,MOW,ON,1
2026-09-21,2026-09-21 08:00,2026-09-21 12:00,ppc_ru_MOW_sr_s-auto_a-all_exp-diff-login,MOW,ON,1
2026-09-21,2026-09-21 08:00,2026-09-21 12:00,ppc_ru_MOW_sr_s-auto_a-all_exp-diff-login_exp_travel-aud,MOW,ON,1
2026-09-21,2026-09-21 08:00,2026-09-21 12:00,ppc_ru_OVB_sr_dsa_a-all_exp-diff-login,OVB,OFF,0
2026-09-21,2026-09-21 08:00,2026-09-21 12:00,ppc_ru_OVB_sr_gen_a-all_exp-diff-login,OVB,OFF,0
2026-09-21,2026-09-21 08:00,2026-09-21 12:00,ppc_ru_SVX_sr_dsa_a-all_exp-diff-login,ural,OFF,0
2026-09-21,2026-09-21 08:00,2026-09-21 12:00,ppc_ru_SVX_sr_gen_a-all_exp-diff-login,ural,OFF,0
2026-09-21,2026-09-21 08:00,2026-09-21 12:00,ppc_ru_TJM_sr_dsa_a-all_exp-diff-login,ural,OFF,0
2026-09-21,2026-09-21 08:00,2026-09-21 12:00,ppc_ru_TJM_sr_gen_a-all_exp-diff-login,ural,OFF,0
2026-09-21,2026-09-21 08:00,2026-09-21 12:00,ppc_ru_UFA_sr_dsa_a-all_exp-diff-login,UFA,OFF,0
2026-09-21,2026-09-21 08:00,2026-09-21 12:00,ppc_ru_UFA_sr_gen_a-all_exp-diff-login,UFA,OFF,0
2026-09-21,2026-09-21 08:00,2026-09-21 12:00,ppc_ru_centr_sr_dsa_a-all_exp-diff-login,centr,OFF,0
2026-09-21,2026-09-21 08:00,2026-09-21 12:00,ppc_ru_centr_sr_gen_a-all_exp-diff-login,centr,OFF,0
2026-09-21,2026-09-21 08:00,2026-09-21 12:00,ppc_ru_sibir_sr_dsa_a-all_exp-diff-login,sibir,OFF,0
2026-09-21,2026-09-21 08:00,2026-09-21 12:00,ppc_ru_sibir_sr_gen_a-all_exp-diff-login,sibir,OFF,0
2026-09-21,2026-09-21 08:00,2026-09-21 12:00,ppc_ru_ural_sr_dsa_a-all_exp-diff-login,ural,OFF,0
2026-09-21,2026-09-21 08:00,2026-09-21 12:00,ppc_ru_ural_sr_gen_a-all_exp-diff-login,ural,OFF,0
2026-09-21,2026-09-21 08:00,2026-09-21 12:00,ppc_ru_ural_sr_s-auto_a-all_exp-diff-login,ural,OFF,0
2026-09-21,2026-09-21 12:00,2026-09-21 16:00,ppc_ru_IKT_sr_gen_a-all_exp-diff-login,sibir,OFF,0
2026-09-21,2026-09-21 12:00,2026-09-21 16:00,ppc_ru_KJA_sr_dsa_a-all_exp-diff-login,KJA,ON,1
2026-09-21,2026-09-21 12:00,2026-09-21 16:00,ppc_ru_KJA_sr_gen_a-all_exp-diff-login,KJA,ON,1
2026-09-21,2026-09-21 12:00,2026-09-21 16:00,ppc_ru_KRR_sr_dsa_a-all_exp-diff-login,KRR,ON,1
2026-09-21,2026-09-21 12:00,2026-09-21 16:00,ppc_ru_KRR_sr_gen_a-all_exp-diff-login,KRR,ON,1
2026-09-21,2026-09-21 12:00,2026-09-21 16:00,ppc_ru_KRR_sr_s-auto_a-all_exp-diff-login,KRR,ON,1
2026-09-21,2026-09-21 12:00,2026-09-21 16:00,ppc_ru_KVKZ_sr_gen_a-all_exp-diff-login,KVKZ,OFF,0
2026-09-21,2026-09-21 12:00,2026-09-21 16:00,ppc_ru_KVKZ_sr_s-auto_a-all_exp-diff-login,KVKZ,OFF,0
2026-09-21,2026-09-21 12:00,2026-09-21 16:00,ppc_ru_KZN_sr_gen_a-all_exp-diff-login,KZN,OFF,0
2026-09-21,2026-09-21 12:00,2026-09-21 16:00,ppc_ru_KZN_sr_s-auto_a-all_exp-diff-login,KZN,OFF,0
2026-09-21,2026-09-21 12:00,2026-09-21 16:00,ppc_ru_LED_sr_dsa_a-all_exp-diff-login,LED,OFF,0
2026-09-21,2026-09-21 12:00,2026-09-21 16:00,ppc_ru_LED_sr_gen_a-all_exp-diff-login,LED,OFF,0
2026-09-21,2026-09-21 12:00,2026-09-21 16:00,ppc_ru_LED_sr_s-auto_a-all_exp-diff-login,LED,OFF,0
2026-09-21,2026-09-21 12:00,2026-09-21 16:00,ppc_ru_MOW_sr_dsa_a-all_exp-diff-login,MOW,OFF,0
2026-09-21,2026-09-21 12:00,2026-09-21 16:00,ppc_ru_MOW_sr_gen_a-all_exp-diff-login,MOW,OFF,0
2026-09-21,2026-09-21 12:00,2026-09-21 16:00,ppc_ru_MOW_sr_s-auto_a-all_exp-diff-login,MOW,OFF,0
2026-09-21,2026-09-21 12:00,2026-09-21 16:00,ppc_ru_MOW_sr_s-auto_a-all_exp-diff-login_exp_travel-aud,MOW,OFF,0
2026-09-21,2026-09-21 12:00,2026-09-21 16:00,ppc_ru_OVB_sr_dsa_a-all_exp-diff-login,OVB,OFF,0
2026-09-21,2026-09-21 12:00,2026-09-21 16:00,ppc_ru_OVB_sr_gen_a-all_exp-diff-login,OVB,OFF,0
2026-09-21,2026-09-21 12:00,2026-09-21 16:00,ppc_ru_SVX_sr_dsa_a-all_exp-diff-login,ural,OFF,0
2026-09-21,2026-09-21 12:00,2026-09-21 16:00,ppc_ru_SVX_sr_gen_a-all_exp-diff-login,ural,OFF,0
2026-09-21,2026-09-21 12:00,2026-09-21 16:00,ppc_ru_TJM_sr_dsa_a-all_exp-diff-login,ural,OFF,0
2026-09-21,2026-09-21 12:00,2026-09-21 16:00,ppc_ru_TJM_sr_gen_a-all_exp-diff-login,ural,OFF,0
2026-09-21,2026-09-21 12:00,2026-09-21 16:00,ppc_ru_UFA_sr_dsa_a-all_exp-diff-login,UFA,ON,1
2026-09-21,2026-09-21 12:00,2026-09-21 16:00,ppc_ru_UFA_sr_gen_a-all_exp-diff-login,UFA,ON,1
2026-09-21,2026-09-21 12:00,2026-09-21 16:00,ppc_ru_centr_sr_dsa_a-all_exp-diff-login,centr,ON,1
2026-09-21,2026-09-21 12:00,2026-09-21 16:00,ppc_ru_centr_sr_gen_a-all_exp-diff-login,centr,ON,1
2026-09-21,2026-09-21 12:00,2026-09-21 16:00,ppc_ru_sibir_sr_dsa_a-all_exp-diff-login,sibir,OFF,0
2026-09-21,2026-09-21 12:00,2026-09-21 16:00,ppc_ru_sibir_sr_gen_a-all_exp-diff-login,sibir,OFF,0
2026-09-21,2026-09-21 12:00,2026-09-21 16:00,ppc_ru_ural_sr_dsa_a-all_exp-diff-login,ural,OFF,0
2026-09-21,2026-09-21 12:00,2026-09-21 16:00,ppc_ru_ural_sr_gen_a-all_exp-diff-login,ural,OFF,0
2026-09-21,2026-09-21 12:00,2026-09-21 16:00,ppc_ru_ural_sr_s-auto_a-all_exp-diff-login,ural,OFF,0
2026-09-21,2026-09-21 16:00,2026-09-21 20:00,ppc_ru_IKT_sr_gen_a-all_exp-diff-login,sibir,ON,1
2026-09-21,2026-09-21 16:00,2026-09-21 20:00,ppc_ru_KJA_sr_dsa_a-all_exp-diff-login,KJA,OFF,0
2026-09-21,2026-09-21 16:00,2026-09-21 20:00,ppc_ru_KJA_sr_gen_a-all_exp-diff-login,KJA,OFF,0
2026-09-21,2026-09-21 16:00,2026-09-21 20:00,ppc_ru_KRR_sr_dsa_a-all_exp-diff-login,KRR,ON,1
2026-09-21,2026-09-21 16:00,2026-09-21 20:00,ppc_ru_KRR_sr_gen_a-all_exp-diff-login,KRR,ON,1
2026-09-21,2026-09-21 16:00,2026-09-21 20:00,ppc_ru_KRR_sr_s-auto_a-all_exp-diff-login,KRR,ON,1
2026-09-21,2026-09-21 16:00,2026-09-21 20:00,ppc_ru_KVKZ_sr_gen_a-all_exp-diff-login,KVKZ,OFF,0
2026-09-21,2026-09-21 16:00,2026-09-21 20:00,ppc_ru_KVKZ_sr_s-auto_a-all_exp-diff-login,KVKZ,OFF,0
2026-09-21,2026-09-21 16:00,2026-09-21 20:00,ppc_ru_KZN_sr_gen_a-all_exp-diff-login,KZN,OFF,0
2026-09-21,2026-09-21 16:00,2026-09-21 20:00,ppc_ru_KZN_sr_s-auto_a-all_exp-diff-login,KZN,OFF,0
2026-09-21,2026-09-21 16:00,2026-09-21 20:00,ppc_ru_LED_sr_dsa_a-all_exp-diff-login,LED,ON,1
2026-09-21,2026-09-21 16:00,2026-09-21 20:00,ppc_ru_LED_sr_gen_a-all_exp-diff-login,LED,ON,1
2026-09-21,2026-09-21 16:00,2026-09-21 20:00,ppc_ru_LED_sr_s-auto_a-all_exp-diff-login,LED,ON,1
2026-09-21,2026-09-21 16:00,2026-09-21 20:00,ppc_ru_MOW_sr_dsa_a-all_exp-diff-login,MOW,OFF,0
2026-09-21,2026-09-21 16:00,2026-09-21 20:00,ppc_ru_MOW_sr_gen_a-all_exp-diff-login,MOW,OFF,0
2026-09-21,2026-09-21 16:00,2026-09-21 20:00,ppc_ru_MOW_sr_s-auto_a-all_exp-diff-login,MOW,OFF,0
2026-09-21,2026-09-21 16:00,2026-09-21 20:00,ppc_ru_MOW_sr_s-auto_a-all_exp-diff-login_exp_travel-aud,MOW,OFF,0
2026-09-21,2026-09-21 16:00,2026-09-21 20:00,ppc_ru_OVB_sr_dsa_a-all_exp-diff-login,OVB,OFF,0
2026-09-21,2026-09-21 16:00,2026-09-21 20:00,ppc_ru_OVB_sr_gen_a-all_exp-diff-login,OVB,OFF,0
2026-09-21,2026-09-21 16:00,2026-09-21 20:00,ppc_ru_SVX_sr_dsa_a-all_exp-diff-login,ural,OFF,0
2026-09-21,2026-09-21 16:00,2026-09-21 20:00,ppc_ru_SVX_sr_gen_a-all_exp-diff-login,ural,OFF,0
2026-09-21,2026-09-21 16:00,2026-09-21 20:00,ppc_ru_TJM_sr_dsa_a-all_exp-diff-login,ural,OFF,0
2026-09-21,2026-09-21 16:00,2026-09-21 20:00,ppc_ru_TJM_sr_gen_a-all_exp-diff-login,ural,OFF,0
2026-09-21,2026-09-21 16:00,2026-09-21 20:00,ppc_ru_UFA_sr_dsa_a-all_exp-diff-login,UFA,OFF,0
2026-09-21,2026-09-21 16:00,2026-09-21 20:00,ppc_ru_UFA_sr_gen_a-all_exp-diff-login,UFA,OFF,0
2026-09-21,2026-09-21 16:00,2026-09-21 20:00,ppc_ru_centr_sr_dsa_a-all_exp-diff-login,centr,ON,1
2026-09-21,2026-09-21 16:00,2026-09-21 20:00,ppc_ru_centr_sr_gen_a-all_exp-diff-login,centr,ON,1
2026-09-21,2026-09-21 16:00,2026-09-21 20:00,ppc_ru_sibir_sr_dsa_a-all_exp-diff-login,sibir,ON,1
2026-09-21,2026-09-21 16:00,2026-09-21 20:00,ppc_ru_sibir_sr_gen_a-all_exp-diff-login,sibir,ON,1
2026-09-21,2026-09-21 16:00,2026-09-21 20:00,ppc_ru_ural_sr_dsa_a-all_exp-diff-login,ural,OFF,0
2026-09-21,2026-09-21 16:00,2026-09-21 20:00,ppc_ru_ural_sr_gen_a-all_exp-diff-login,ural,OFF,0
2026-09-21,2026-09-21 16:00,2026-09-21 20:00,ppc_ru_ural_sr_s-auto_a-all_exp-diff-login,ural,OFF,0
2026-09-21,2026-09-21 20:00,2026-09-22 00:00,ppc_ru_IKT_sr_gen_a-all_exp-diff-login,sibir,ON,1
2026-09-21,2026-09-21 20:00,2026-09-22 00:00,ppc_ru_KJA_sr_dsa_a-all_exp-diff-login,KJA,ON,1
2026-09-21,2026-09-21 20:00,2026-09-22 00:00,ppc_ru_KJA_sr_gen_a-all_exp-diff-login,KJA,ON,1
2026-09-21,2026-09-21 20:00,2026-09-22 00:00,ppc_ru_KRR_sr_dsa_a-all_exp-diff-login,KRR,OFF,0
2026-09-21,2026-09-21 20:00,2026-09-22 00:00,ppc_ru_KRR_sr_gen_a-all_exp-diff-login,KRR,OFF,0
2026-09-21,2026-09-21 20:00,2026-09-22 00:00,ppc_ru_KRR_sr_s-auto_a-all_exp-diff-login,KRR,OFF,0
2026-09-21,2026-09-21 20:00,2026-09-22 00:00,ppc_ru_KVKZ_sr_gen_a-all_exp-diff-login,KVKZ,ON,1
2026-09-21,2026-09-21 20:00,2026-09-22 00:00,ppc_ru_KVKZ_sr_s-auto_a-all_exp-diff-login,KVKZ,ON,1
2026-09-21,2026-09-21 20:00,2026-09-22 00:00,ppc_ru_KZN_sr_gen_a-all_exp-diff-login,KZN,ON,1
2026-09-21,2026-09-21 20:00,2026-09-22 00:00,ppc_ru_KZN_sr_s-auto_a-all_exp-diff-login,KZN,ON,1
2026-09-21,2026-09-21 20:00,2026-09-22 00:00,ppc_ru_LED_sr_dsa_a-all_exp-diff-login,LED,OFF,0
2026-09-21,2026-09-21 20:00,2026-09-22 00:00,ppc_ru_LED_sr_gen_a-all_exp-diff-login,LED,OFF,0
2026-09-21,2026-09-21 20:00,2026-09-22 00:00,ppc_ru_LED_sr_s-auto_a-all_exp-diff-login,LED,OFF,0
2026-09-21,2026-09-21 20:00,2026-09-22 00:00,ppc_ru_MOW_sr_dsa_a-all_exp-diff-login,MOW,OFF,0
2026-09-21,2026-09-21 20:00,2026-09-22 00:00,ppc_ru_MOW_sr_gen_a-all_exp-diff-login,MOW,OFF,0
2026-09-21,2026-09-21 20:00,2026-09-22 00:00,ppc_ru_MOW_sr_s-auto_a-all_exp-diff-login,MOW,OFF,0
2026-09-21,2026-09-21 20:00,2026-09-22 00:00,ppc_ru_MOW_sr_s-auto_a-all_exp-diff-login_exp_travel-aud,MOW,OFF,0
2026-09-21,2026-09-21 20:00,2026-09-22 00:00,ppc_ru_OVB_sr_dsa_a-all_exp-diff-login,OVB,ON,1
2026-09-21,2026-09-21 20:00,2026-09-22 00:00,ppc_ru_OVB_sr_gen_a-all_exp-diff-login,OVB,ON,1
2026-09-21,2026-09-21 20:00,2026-09-22 00:00,ppc_ru_SVX_sr_dsa_a-all_exp-diff-login,ural,ON,1
2026-09-21,2026-09-21 20:00,2026-09-22 00:00,ppc_ru_SVX_sr_gen_a-all_exp-diff-login,ural,ON,1
2026-09-21,2026-09-21 20:00,2026-09-22 00:00,ppc_ru_TJM_sr_dsa_a-all_exp-diff-login,ural,ON,1
2026-09-21,2026-09-21 20:00,2026-09-22 00:00,ppc_ru_TJM_sr_gen_a-all_exp-diff-login,ural,ON,1
2026-09-21,2026-09-21 20:00,2026-09-22 00:00,ppc_ru_UFA_sr_dsa_a-all_exp-diff-login,UFA,ON,1
2026-09-21,2026-09-21 20:00,2026-09-22 00:00,ppc_ru_UFA_sr_gen_a-all_exp-diff-login,UFA,ON,1
2026-09-21,2026-09-21 20:00,2026-09-22 00:00,ppc_ru_centr_sr_dsa_a-all_exp-diff-login,centr,ON,1
2026-09-21,2026-09-21 20:00,2026-09-22 00:00,ppc_ru_centr_sr_gen_a-all_exp-diff-login,centr,ON,1
2026-09-21,2026-09-21 20:00,2026-09-22 00:00,ppc_ru_sibir_sr_dsa_a-all_exp-diff-login,sibir,ON,1
2026-09-21,2026-09-21 20:00,2026-09-22 00:00,ppc_ru_sibir_sr_gen_a-all_exp-diff-login,sibir,ON,1
2026-09-21,2026-09-21 20:00,2026-09-22 00:00,ppc_ru_ural_sr_dsa_a-all_exp-diff-login,ural,ON,1
2026-09-21,2026-09-21 20:00,2026-09-22 00:00,ppc_ru_ural_sr_gen_a-all_exp-diff-login,ural,ON,1
2026-09-21,2026-09-21 20:00,2026-09-22 00:00,ppc_ru_ural_sr_s-auto_a-all_exp-diff-login,ural,ON,1
2026-09-22,2026-09-22 00:00,2026-09-22 04:00,ppc_ru_IKT_sr_gen_a-all_exp-diff-login,sibir,OFF,0
2026-09-22,2026-09-22 00:00,2026-09-22 04:00,ppc_ru_KJA_sr_dsa_a-all_exp-diff-login,KJA,ON,1
2026-09-22,2026-09-22 00:00,2026-09-22 04:00,ppc_ru_KJA_sr_gen_a-all_exp-diff-login,KJA,ON,1
2026-09-22,2026-09-22 00:00,2026-09-22 04:00,ppc_ru_KRR_sr_dsa_a-all_exp-diff-login,KRR,OFF,0
2026-09-22,2026-09-22 00:00,2026-09-22 04:00,ppc_ru_KRR_sr_gen_a-all_exp-diff-login,KRR,OFF,0
2026-09-22,2026-09-22 00:00,2026-09-22 04:00,ppc_ru_KRR_sr_s-auto_a-all_exp-diff-login,KRR,OFF,0
2026-09-22,2026-09-22 00:00,2026-09-22 04:00,ppc_ru_KVKZ_sr_gen_a-all_exp-diff-login,KVKZ,ON,1
2026-09-22,2026-09-22 00:00,2026-09-22 04:00,ppc_ru_KVKZ_sr_s-auto_a-all_exp-diff-login,KVKZ,ON,1
2026-09-22,2026-09-22 00:00,2026-09-22 04:00,ppc_ru_KZN_sr_gen_a-all_exp-diff-login,KZN,OFF,0
2026-09-22,2026-09-22 00:00,2026-09-22 04:00,ppc_ru_KZN_sr_s-auto_a-all_exp-diff-login,KZN,OFF,0
2026-09-22,2026-09-22 00:00,2026-09-22 04:00,ppc_ru_LED_sr_dsa_a-all_exp-diff-login,LED,OFF,0
2026-09-22,2026-09-22 00:00,2026-09-22 04:00,ppc_ru_LED_sr_gen_a-all_exp-diff-login,LED,OFF,0
2026-09-22,2026-09-22 00:00,2026-09-22 04:00,ppc_ru_LED_sr_s-auto_a-all_exp-diff-login,LED,OFF,0
2026-09-22,2026-09-22 00:00,2026-09-22 04:00,ppc_ru_MOW_sr_dsa_a-all_exp-diff-login,MOW,OFF,0
2026-09-22,2026-09-22 00:00,2026-09-22 04:00,ppc_ru_MOW_sr_gen_a-all_exp-diff-login,MOW,OFF,0
2026-09-22,2026-09-22 00:00,2026-09-22 04:00,ppc_ru_MOW_sr_s-auto_a-all_exp-diff-login,MOW,OFF,0
2026-09-22,2026-09-22 00:00,2026-09-22 04:00,ppc_ru_MOW_sr_s-auto_a-all_exp-diff-login_exp_travel-aud,MOW,OFF,0
2026-09-22,2026-09-22 00:00,2026-09-22 04:00,ppc_ru_OVB_sr_dsa_a-all_exp-diff-login,OVB,ON,1
2026-09-22,2026-09-22 00:00,2026-09-22 04:00,ppc_ru_OVB_sr_gen_a-all_exp-diff-login,OVB,ON,1
2026-09-22,2026-09-22 00:00,2026-09-22 04:00,ppc_ru_SVX_sr_dsa_a-all_exp-diff-login,ural,OFF,0
2026-09-22,2026-09-22 00:00,2026-09-22 04:00,ppc_ru_SVX_sr_gen_a-all_exp-diff-login,ural,OFF,0
2026-09-22,2026-09-22 00:00,2026-09-22 04:00,ppc_ru_TJM_sr_dsa_a-all_exp-diff-login,ural,OFF,0
2026-09-22,2026-09-22 00:00,2026-09-22 04:00,ppc_ru_TJM_sr_gen_a-all_exp-diff-login,ural,OFF,0
2026-09-22,2026-09-22 00:00,2026-09-22 04:00,ppc_ru_UFA_sr_dsa_a-all_exp-diff-login,UFA,OFF,0
2026-09-22,2026-09-22 00:00,2026-09-22 04:00,ppc_ru_UFA_sr_gen_a-all_exp-diff-login,UFA,OFF,0
2026-09-22,2026-09-22 00:00,2026-09-22 04:00,ppc_ru_centr_sr_dsa_a-all_exp-diff-login,centr,ON,1
2026-09-22,2026-09-22 00:00,2026-09-22 04:00,ppc_ru_centr_sr_gen_a-all_exp-diff-login,centr,ON,1
2026-09-22,2026-09-22 00:00,2026-09-22 04:00,ppc_ru_sibir_sr_dsa_a-all_exp-diff-login,sibir,OFF,0
2026-09-22,2026-09-22 00:00,2026-09-22 04:00,ppc_ru_sibir_sr_gen_a-all_exp-diff-login,sibir,OFF,0
2026-09-22,2026-09-22 00:00,2026-09-22 04:00,ppc_ru_ural_sr_dsa_a-all_exp-diff-login,ural,OFF,0
2026-09-22,2026-09-22 00:00,2026-09-22 04:00,ppc_ru_ural_sr_gen_a-all_exp-diff-login,ural,OFF,0
2026-09-22,2026-09-22 00:00,2026-09-22 04:00,ppc_ru_ural_sr_s-auto_a-all_exp-diff-login,ural,OFF,0
2026-09-22,2026-09-22 04:00,2026-09-22 08:00,ppc_ru_IKT_sr_gen_a-all_exp-diff-login,sibir,ON,1
2026-09-22,2026-09-22 04:00,2026-09-22 08:00,ppc_ru_KJA_sr_dsa_a-all_exp-diff-login,KJA,OFF,0
2026-09-22,2026-09-22 04:00,2026-09-22 08:00,ppc_ru_KJA_sr_gen_a-all_exp-diff-login,KJA,OFF,0
2026-09-22,2026-09-22 04:00,2026-09-22 08:00,ppc_ru_KRR_sr_dsa_a-all_exp-diff-login,KRR,ON,1
2026-09-22,2026-09-22 04:00,2026-09-22 08:00,ppc_ru_KRR_sr_gen_a-all_exp-diff-login,KRR,ON,1
2026-09-22,2026-09-22 04:00,2026-09-22 08:00,ppc_ru_KRR_sr_s-auto_a-all_exp-diff-login,KRR,ON,1
2026-09-22,2026-09-22 04:00,2026-09-22 08:00,ppc_ru_KVKZ_sr_gen_a-all_exp-diff-login,KVKZ,OFF,0
2026-09-22,2026-09-22 04:00,2026-09-22 08:00,ppc_ru_KVKZ_sr_s-auto_a-all_exp-diff-login,KVKZ,OFF,0
2026-09-22,2026-09-22 04:00,2026-09-22 08:00,ppc_ru_KZN_sr_gen_a-all_exp-diff-login,KZN,OFF,0
2026-09-22,2026-09-22 04:00,2026-09-22 08:00,ppc_ru_KZN_sr_s-auto_a-all_exp-diff-login,KZN,OFF,0
2026-09-22,2026-09-22 04:00,2026-09-22 08:00,ppc_ru_LED_sr_dsa_a-all_exp-diff-login,LED,ON,1
2026-09-22,2026-09-22 04:00,2026-09-22 08:00,ppc_ru_LED_sr_gen_a-all_exp-diff-login,LED,ON,1
2026-09-22,2026-09-22 04:00,2026-09-22 08:00,ppc_ru_LED_sr_s-auto_a-all_exp-diff-login,LED,ON,1
2026-09-22,2026-09-22 04:00,2026-09-22 08:00,ppc_ru_MOW_sr_dsa_a-all_exp-diff-login,MOW,ON,1
2026-09-22,2026-09-22 04:00,2026-09-22 08:00,ppc_ru_MOW_sr_gen_a-all_exp-diff-login,MOW,ON,1
2026-09-22,2026-09-22 04:00,2026-09-22 08:00,ppc_ru_MOW_sr_s-auto_a-all_exp-diff-login,MOW,ON,1
2026-09-22,2026-09-22 04:00,2026-09-22 08:00,ppc_ru_MOW_sr_s-auto_a-all_exp-diff-login_exp_travel-aud,MOW,ON,1
2026-09-22,2026-09-22 04:00,2026-09-22 08:00,ppc_ru_OVB_sr_dsa_a-all_exp-diff-login,OVB,OFF,0
2026-09-22,2026-09-22 04:00,2026-09-22 08:00,ppc_ru_OVB_sr_gen_a-all_exp-diff-login,OVB,OFF,0
2026-09-22,2026-09-22 04:00,2026-09-22 08:00,ppc_ru_SVX_sr_dsa_a-all_exp-diff-login,ural,ON,1
2026-09-22,2026-09-22 04:00,2026-09-22 08:00,ppc_ru_SVX_sr_gen_a-all_exp-diff-login,ural,ON,1
2026-09-22,2026-09-22 04:00,2026-09-22 08:00,ppc_ru_TJM_sr_dsa_a-all_exp-diff-login,ural,ON,1
2026-09-22,2026-09-22 04:00,2026-09-22 08:00,ppc_ru_TJM_sr_gen_a-all_exp-diff-login,ural,ON,1
2026-09-22,2026-09-22 04:00,2026-09-22 08:00,ppc_ru_UFA_sr_dsa_a-all_exp-diff-login,UFA,OFF,0
2026-09-22,2026-09-22 04:00,2026-09-22 08:00,ppc_ru_UFA_sr_gen_a-all_exp-diff-login,UFA,OFF,0
2026-09-22,2026-09-22 04:00,2026-09-22 08:00,ppc_ru_centr_sr_dsa_a-all_exp-diff-login,centr,ON,1
2026-09-22,2026-09-22 04:00,2026-09-22 08:00,ppc_ru_centr_sr_gen_a-all_exp-diff-login,centr,ON,1
2026-09-22,2026-09-22 04:00,2026-09-22 08:00,ppc_ru_sibir_sr_dsa_a-all_exp-diff-login,sibir,ON,1
2026-09-22,2026-09-22 04:00,2026-09-22 08:00,ppc_ru_sibir_sr_gen_a-all_exp-diff-login,sibir,ON,1
2026-09-22,2026-09-22 04:00,2026-09-22 08:00,ppc_ru_ural_sr_dsa_a-all_exp-diff-login,ural,ON,1
2026-09-22,2026-09-22 04:00,2026-09-22 08:00,ppc_ru_ural_sr_gen_a-all_exp-diff-login,ural,ON,1
2026-09-22,2026-09-22 04:00,2026-09-22 08:00,ppc_ru_ural_sr_s-auto_a-all_exp-diff-login,ural,ON,1
2026-09-22,2026-09-22 08:00,2026-09-22 12:00,ppc_ru_IKT_sr_gen_a-all_exp-diff-login,sibir,ON,1
2026-09-22,2026-09-22 08:00,2026-09-22 12:00,ppc_ru_KJA_sr_dsa_a-all_exp-diff-login,KJA,OFF,0
2026-09-22,2026-09-22 08:00,2026-09-22 12:00,ppc_ru_KJA_sr_gen_a-all_exp-diff-login,KJA,OFF,0
2026-09-22,2026-09-22 08:00,2026-09-22 12:00,ppc_ru_KRR_sr_dsa_a-all_exp-diff-login,KRR,ON,1
2026-09-22,2026-09-22 08:00,2026-09-22 12:00,ppc_ru_KRR_sr_gen_a-all_exp-diff-login,KRR,ON,1
2026-09-22,2026-09-22 08:00,2026-09-22 12:00,ppc_ru_KRR_sr_s-auto_a-all_exp-diff-login,KRR,ON,1
2026-09-22,2026-09-22 08:00,2026-09-22 12:00,ppc_ru_KVKZ_sr_gen_a-all_exp-diff-login,KVKZ,OFF,0
2026-09-22,2026-09-22 08:00,2026-09-22 12:00,ppc_ru_KVKZ_sr_s-auto_a-all_exp-diff-login,KVKZ,OFF,0
2026-09-22,2026-09-22 08:00,2026-09-22 12:00,ppc_ru_KZN_sr_gen_a-all_exp-diff-login,KZN,ON,1
2026-09-22,2026-09-22 08:00,2026-09-22 12:00,ppc_ru_KZN_sr_s-auto_a-all_exp-diff-login,KZN,ON,1
2026-09-22,2026-09-22 08:00,2026-09-22 12:00,ppc_ru_LED_sr_dsa_a-all_exp-diff-login,LED,OFF,0
2026-09-22,2026-09-22 08:00,2026-09-22 12:00,ppc_ru_LED_sr_gen_a-all_exp-diff-login,LED,OFF,0
2026-09-22,2026-09-22 08:00,2026-09-22 12:00,ppc_ru_LED_sr_s-auto_a-all_exp-diff-login,LED,OFF,0
2026-09-22,2026-09-22 08:00,2026-09-22 12:00,ppc_ru_MOW_sr_dsa_a-all_exp-diff-login,MOW,ON,1
2026-09-22,2026-09-22 08:00,2026-09-22 12:00,ppc_ru_MOW_sr_gen_a-all_exp-diff-login,MOW,ON,1
2026-09-22,2026-09-22 08:00,2026-09-22 12:00,ppc_ru_MOW_sr_s-auto_a-all_exp-diff-login,MOW,ON,1
2026-09-22,2026-09-22 08:00,2026-09-22 12:00,ppc_ru_MOW_sr_s-auto_a-all_exp-diff-login_exp_travel-aud,MOW,ON,1
2026-09-22,2026-09-22 08:00,2026-09-22 12:00,ppc_ru_OVB_sr_dsa_a-all_exp-diff-login,OVB,ON,1
2026-09-22,2026-09-22 08:00,2026-09-22 12:00,ppc_ru_OVB_sr_gen_a-all_exp-diff-login,OVB,ON,1
2026-09-22,2026-09-22 08:00,2026-09-22 12:00,ppc_ru_SVX_sr_dsa_a-all_exp-diff-login,ural,OFF,0
2026-09-22,2026-09-22 08:00,2026-09-22 12:00,ppc_ru_SVX_sr_gen_a-all_exp-diff-login,ural,OFF,0
2026-09-22,2026-09-22 08:00,2026-09-22 12:00,ppc_ru_TJM_sr_dsa_a-all_exp-diff-login,ural,OFF,0
2026-09-22,2026-09-22 08:00,2026-09-22 12:00,ppc_ru_TJM_sr_gen_a-all_exp-diff-login,ural,OFF,0
2026-09-22,2026-09-22 08:00,2026-09-22 12:00,ppc_ru_UFA_sr_dsa_a-all_exp-diff-login,UFA,ON,1
2026-09-22,2026-09-22 08:00,2026-09-22 12:00,ppc_ru_UFA_sr_gen_a-all_exp-diff-login,UFA,ON,1
2026-09-22,2026-09-22 08:00,2026-09-22 12:00,ppc_ru_centr_sr_dsa_a-all_exp-diff-login,centr,ON,1
2026-09-22,2026-09-22 08:00,2026-09-22 12:00,ppc_ru_centr_sr_gen_a-all_exp-diff-login,centr,ON,1
2026-09-22,2026-09-22 08:00,2026-09-22 12:00,ppc_ru_sibir_sr_dsa_a-all_exp-diff-login,sibir,ON,1
2026-09-22,2026-09-22 08:00,2026-09-22 12:00,ppc_ru_sibir_sr_gen_a-all_exp-diff-login,sibir,ON,1
2026-09-22,2026-09-22 08:00,2026-09-22 12:00,ppc_ru_ural_sr_dsa_a-all_exp-diff-login,ural,OFF,0
2026-09-22,2026-09-22 08:00,2026-09-22 12:00,ppc_ru_ural_sr_gen_a-all_exp-diff-login,ural,OFF,0
2026-09-22,2026-09-22 08:00,2026-09-22 12:00,ppc_ru_ural_sr_s-auto_a-all_exp-diff-login,ural,OFF,0
2026-09-22,2026-09-22 12:00,2026-09-22 16:00,ppc_ru_IKT_sr_gen_a-all_exp-diff-login,sibir,ON,1
2026-09-22,2026-09-22 12:00,2026-09-22 16:00,ppc_ru_KJA_sr_dsa_a-all_exp-diff-login,KJA,ON,1
2026-09-22,2026-09-22 12:00,2026-09-22 16:00,ppc_ru_KJA_sr_gen_a-all_exp-diff-login,KJA,ON,1
2026-09-22,2026-09-22 12:00,2026-09-22 16:00,ppc_ru_KRR_sr_dsa_a-all_exp-diff-login,KRR,ON,1
2026-09-22,2026-09-22 12:00,2026-09-22 16:00,ppc_ru_KRR_sr_gen_a-all_exp-diff-login,KRR,ON,1
2026-09-22,2026-09-22 12:00,2026-09-22 16:00,ppc_ru_KRR_sr_s-auto_a-all_exp-diff-login,KRR,ON,1
2026-09-22,2026-09-22 12:00,2026-09-22 16:00,ppc_ru_KVKZ_sr_gen_a-all_exp-diff-login,KVKZ,ON,1
2026-09-22,2026-09-22 12:00,2026-09-22 16:00,ppc_ru_KVKZ_sr_s-auto_a-all_exp-diff-login,KVKZ,ON,1
2026-09-22,2026-09-22 12:00,2026-09-22 16:00,ppc_ru_KZN_sr_gen_a-all_exp-diff-login,KZN,ON,1
2026-09-22,2026-09-22 12:00,2026-09-22 16:00,ppc_ru_KZN_sr_s-auto_a-all_exp-diff-login,KZN,ON,1
2026-09-22,2026-09-22 12:00,2026-09-22 16:00,ppc_ru_LED_sr_dsa_a-all_exp-diff-login,LED,ON,1
2026-09-22,2026-09-22 12:00,2026-09-22 16:00,ppc_ru_LED_sr_gen_a-all_exp-diff-login,LED,ON,1
2026-09-22,2026-09-22 12:00,2026-09-22 16:00,ppc_ru_LED_sr_s-auto_a-all_exp-diff-login,LED,ON,1
2026-09-22,2026-09-22 12:00,2026-09-22 16:00,ppc_ru_MOW_sr_dsa_a-all_exp-diff-login,MOW,ON,1
2026-09-22,2026-09-22 12:00,2026-09-22 16:00,ppc_ru_MOW_sr_gen_a-all_exp-diff-login,MOW,ON,1
2026-09-22,2026-09-22 12:00,2026-09-22 16:00,ppc_ru_MOW_sr_s-auto_a-all_exp-diff-login,MOW,ON,1
2026-09-22,2026-09-22 12:00,2026-09-22 16:00,ppc_ru_MOW_sr_s-auto_a-all_exp-diff-login_exp_travel-aud,MOW,ON,1
2026-09-22,2026-09-22 12:00,2026-09-22 16:00,ppc_ru_OVB_sr_dsa_a-all_exp-diff-login,OVB,ON,1
2026-09-22,2026-09-22 12:00,2026-09-22 16:00,ppc_ru_OVB_sr_gen_a-all_exp-diff-login,OVB,ON,1
2026-09-22,2026-09-22 12:00,2026-09-22 16:00,ppc_ru_SVX_sr_dsa_a-all_exp-diff-login,ural,ON,1
2026-09-22,2026-09-22 12:00,2026-09-22 16:00,ppc_ru_SVX_sr_gen_a-all_exp-diff-login,ural,ON,1
2026-09-22,2026-09-22 12:00,2026-09-22 16:00,ppc_ru_TJM_sr_dsa_a-all_exp-diff-login,ural,ON,1
2026-09-22,2026-09-22 12:00,2026-09-22 16:00,ppc_ru_TJM_sr_gen_a-all_exp-diff-login,ural,ON,1
2026-09-22,2026-09-22 12:00,2026-09-22 16:00,ppc_ru_UFA_sr_dsa_a-all_exp-diff-login,UFA,ON,1
2026-09-22,2026-09-22 12:00,2026-09-22 16:00,ppc_ru_UFA_sr_gen_a-all_exp-diff-login,UFA,ON,1
2026-09-22,2026-09-22 12:00,2026-09-22 16:00,ppc_ru_centr_sr_dsa_a-all_exp-diff-login,centr,OFF,0
2026-09-22,2026-09-22 12:00,2026-09-22 16:00,ppc_ru_centr_sr_gen_a-all_exp-diff-login,centr,OFF,0
2026-09-22,2026-09-22 12:00,2026-09-22 16:00,ppc_ru_sibir_sr_dsa_a-all_exp-diff-login,sibir,ON,1
2026-09-22,2026-09-22 12:00,2026-09-22 16:00,ppc_ru_sibir_sr_gen_a-all_exp-diff-login,sibir,ON,1
2026-09-22,2026-09-22 12:00,2026-09-22 16:00,ppc_ru_ural_sr_dsa_a-all_exp-diff-login,ural,ON,1
2026-09-22,2026-09-22 12:00,2026-09-22 16:00,ppc_ru_ural_sr_gen_a-all_exp-diff-login,ural,ON,1
2026-09-22,2026-09-22 12:00,2026-09-22 16:00,ppc_ru_ural_sr_s-auto_a-all_exp-diff-login,ural,ON,1
2026-09-22,2026-09-22 16:00,2026-09-22 20:00,ppc_ru_IKT_sr_gen_a-all_exp-diff-login,sibir,OFF,0
2026-09-22,2026-09-22 16:00,2026-09-22 20:00,ppc_ru_KJA_sr_dsa_a-all_exp-diff-login,KJA,ON,1
2026-09-22,2026-09-22 16:00,2026-09-22 20:00,ppc_ru_KJA_sr_gen_a-all_exp-diff-login,KJA,ON,1
2026-09-22,2026-09-22 16:00,2026-09-22 20:00,ppc_ru_KRR_sr_dsa_a-all_exp-diff-login,KRR,OFF,0
2026-09-22,2026-09-22 16:00,2026-09-22 20:00,ppc_ru_KRR_sr_gen_a-all_exp-diff-login,KRR,OFF,0
2026-09-22,2026-09-22 16:00,2026-09-22 20:00,ppc_ru_KRR_sr_s-auto_a-all_exp-diff-login,KRR,OFF,0
2026-09-22,2026-09-22 16:00,2026-09-22 20:00,ppc_ru_KVKZ_sr_gen_a-all_exp-diff-login,KVKZ,ON,1
2026-09-22,2026-09-22 16:00,2026-09-22 20:00,ppc_ru_KVKZ_sr_s-auto_a-all_exp-diff-login,KVKZ,ON,1
2026-09-22,2026-09-22 16:00,2026-09-22 20:00,ppc_ru_KZN_sr_gen_a-all_exp-diff-login,KZN,ON,1
2026-09-22,2026-09-22 16:00,2026-09-22 20:00,ppc_ru_KZN_sr_s-auto_a-all_exp-diff-login,KZN,ON,1
2026-09-22,2026-09-22 16:00,2026-09-22 20:00,ppc_ru_LED_sr_dsa_a-all_exp-diff-login,LED,ON,1
2026-09-22,2026-09-22 16:00,2026-09-22 20:00,ppc_ru_LED_sr_gen_a-all_exp-diff-login,LED,ON,1
2026-09-22,2026-09-22 16:00,2026-09-22 20:00,ppc_ru_LED_sr_s-auto_a-all_exp-diff-login,LED,ON,1
2026-09-22,2026-09-22 16:00,2026-09-22 20:00,ppc_ru_MOW_sr_dsa_a-all_exp-diff-login,MOW,OFF,0
2026-09-22,2026-09-22 16:00,2026-09-22 20:00,ppc_ru_MOW_sr_gen_a-all_exp-diff-login,MOW,OFF,0
2026-09-22,2026-09-22 16:00,2026-09-22 20:00,ppc_ru_MOW_sr_s-auto_a-all_exp-diff-login,MOW,OFF,0
2026-09-22,2026-09-22 16:00,2026-09-22 20:00,ppc_ru_MOW_sr_s-auto_a-all_exp-diff-login_exp_travel-aud,MOW,OFF,0
2026-09-22,2026-09-22 16:00,2026-09-22 20:00,ppc_ru_OVB_sr_dsa_a-all_exp-diff-login,OVB,OFF,0
2026-09-22,2026-09-22 16:00,2026-09-22 20:00,ppc_ru_OVB_sr_gen_a-all_exp-diff-login,OVB,OFF,0
2026-09-22,2026-09-22 16:00,2026-09-22 20:00,ppc_ru_SVX_sr_dsa_a-all_exp-diff-login,ural,ON,1
2026-09-22,2026-09-22 16:00,2026-09-22 20:00,ppc_ru_SVX_sr_gen_a-all_exp-diff-login,ural,ON,1
2026-09-22,2026-09-22 16:00,2026-09-22 20:00,ppc_ru_TJM_sr_dsa_a-all_exp-diff-login,ural,ON,1
2026-09-22,2026-09-22 16:00,2026-09-22 20:00,ppc_ru_TJM_sr_gen_a-all_exp-diff-login,ural,ON,1
2026-09-22,2026-09-22 16:00,2026-09-22 20:00,ppc_ru_UFA_sr_dsa_a-all_exp-diff-login,UFA,ON,1
2026-09-22,2026-09-22 16:00,2026-09-22 20:00,ppc_ru_UFA_sr_gen_a-all_exp-diff-login,UFA,ON,1
2026-09-22,2026-09-22 16:00,2026-09-22 20:00,ppc_ru_centr_sr_dsa_a-all_exp-diff-login,centr,OFF,0
2026-09-22,2026-09-22 16:00,2026-09-22 20:00,ppc_ru_centr_sr_gen_a-all_exp-diff-login,centr,OFF,0
2026-09-22,2026-09-22 16:00,2026-09-22 20:00,ppc_ru_sibir_sr_dsa_a-all_exp-diff-login,sibir,OFF,0
2026-09-22,2026-09-22 16:00,2026-09-22 20:00,ppc_ru_sibir_sr_gen_a-all_exp-diff-login,sibir,OFF,0
2026-09-22,2026-09-22 16:00,2026-09-22 20:00,ppc_ru_ural_sr_dsa_a-all_exp-diff-login,ural,ON,1
2026-09-22,2026-09-22 16:00,2026-09-22 20:00,ppc_ru_ural_sr_gen_a-all_exp-diff-login,ural,ON,1
2026-09-22,2026-09-22 16:00,2026-09-22 20:00,ppc_ru_ural_sr_s-auto_a-all_exp-diff-login,ural,ON,1
2026-09-22,2026-09-22 20:00,2026-09-23 00:00,ppc_ru_IKT_sr_gen_a-all_exp-diff-login,sibir,OFF,0
2026-09-22,2026-09-22 20:00,2026-09-23 00:00,ppc_ru_KJA_sr_dsa_a-all_exp-diff-login,KJA,OFF,0
2026-09-22,2026-09-22 20:00,2026-09-23 00:00,ppc_ru_KJA_sr_gen_a-all_exp-diff-login,KJA,OFF,0
2026-09-22,2026-09-22 20:00,2026-09-23 00:00,ppc_ru_KRR_sr_dsa_a-all_exp-diff-login,KRR,OFF,0
2026-09-22,2026-09-22 20:00,2026-09-23 00:00,ppc_ru_KRR_sr_gen_a-all_exp-diff-login,KRR,OFF,0
2026-09-22,2026-09-22 20:00,2026-09-23 00:00,ppc_ru_KRR_sr_s-auto_a-all_exp-diff-login,KRR,OFF,0
2026-09-22,2026-09-22 20:00,2026-09-23 00:00,ppc_ru_KVKZ_sr_gen_a-all_exp-diff-login,KVKZ,OFF,0
2026-09-22,2026-09-22 20:00,2026-09-23 00:00,ppc_ru_KVKZ_sr_s-auto_a-all_exp-diff-login,KVKZ,OFF,0
2026-09-22,2026-09-22 20:00,2026-09-23 00:00,ppc_ru_KZN_sr_gen_a-all_exp-diff-login,KZN,OFF,0
2026-09-22,2026-09-22 20:00,2026-09-23 00:00,ppc_ru_KZN_sr_s-auto_a-all_exp-diff-login,KZN,OFF,0
2026-09-22,2026-09-22 20:00,2026-09-23 00:00,ppc_ru_LED_sr_dsa_a-all_exp-diff-login,LED,OFF,0
2026-09-22,2026-09-22 20:00,2026-09-23 00:00,ppc_ru_LED_sr_gen_a-all_exp-diff-login,LED,OFF,0
2026-09-22,2026-09-22 20:00,2026-09-23 00:00,ppc_ru_LED_sr_s-auto_a-all_exp-diff-login,LED,OFF,0
2026-09-22,2026-09-22 20:00,2026-09-23 00:00,ppc_ru_MOW_sr_dsa_a-all_exp-diff-login,MOW,OFF,0
2026-09-22,2026-09-22 20:00,2026-09-23 00:00,ppc_ru_MOW_sr_gen_a-all_exp-diff-login,MOW,OFF,0
2026-09-22,2026-09-22 20:00,2026-09-23 00:00,ppc_ru_MOW_sr_s-auto_a-all_exp-diff-login,MOW,OFF,0
2026-09-22,2026-09-22 20:00,2026-09-23 00:00,ppc_ru_MOW_sr_s-auto_a-all_exp-diff-login_exp_travel-aud,MOW,OFF,0
2026-09-22,2026-09-22 20:00,2026-09-23 00:00,ppc_ru_OVB_sr_dsa_a-all_exp-diff-login,OVB,OFF,0
2026-09-22,2026-09-22 20:00,2026-09-23 00:00,ppc_ru_OVB_sr_gen_a-all_exp-diff-login,OVB,OFF,0
2026-09-22,2026-09-22 20:00,2026-09-23 00:00,ppc_ru_SVX_sr_dsa_a-all_exp-diff-login,ural,OFF,0
2026-09-22,2026-09-22 20:00,2026-09-23 00:00,ppc_ru_SVX_sr_gen_a-all_exp-diff-login,ural,OFF,0
2026-09-22,2026-09-22 20:00,2026-09-23 00:00,ppc_ru_TJM_sr_dsa_a-all_exp-diff-login,ural,OFF,0
2026-09-22,2026-09-22 20:00,2026-09-23 00:00,ppc_ru_TJM_sr_gen_a-all_exp-diff-login,ural,OFF,0
2026-09-22,2026-09-22 20:00,2026-09-23 00:00,ppc_ru_UFA_sr_dsa_a-all_exp-diff-login,UFA,OFF,0
2026-09-22,2026-09-22 20:00,2026-09-23 00:00,ppc_ru_UFA_sr_gen_a-all_exp-diff-login,UFA,OFF,0
2026-09-22,2026-09-22 20:00,2026-09-23 00:00,ppc_ru_centr_sr_dsa_a-all_exp-diff-login,centr,OFF,0
2026-09-22,2026-09-22 20:00,2026-09-23 00:00,ppc_ru_centr_sr_gen_a-all_exp-diff-login,centr,OFF,0
2026-09-22,2026-09-22 20:00,2026-09-23 00:00,ppc_ru_sibir_sr_dsa_a-all_exp-diff-login,sibir,OFF,0
2026-09-22,2026-09-22 20:00,2026-09-23 00:00,ppc_ru_sibir_sr_gen_a-all_exp-diff-login,sibir,OFF,0
2026-09-22,2026-09-22 20:00,2026-09-23 00:00,ppc_ru_ural_sr_dsa_a-all_exp-diff-login,ural,OFF,0
2026-09-22,2026-09-22 20:00,2026-09-23 00:00,ppc_ru_ural_sr_gen_a-all_exp-diff-login,ural,OFF,0
2026-09-22,2026-09-22 20:00,2026-09-23 00:00,ppc_ru_ural_sr_s-auto_a-all_exp-diff-login,ural,OFF,0
2026-09-23,2026-09-23 00:00,2026-09-23 04:00,ppc_ru_IKT_sr_gen_a-all_exp-diff-login,sibir,ON,1
2026-09-23,2026-09-23 00:00,2026-09-23 04:00,ppc_ru_KJA_sr_dsa_a-all_exp-diff-login,KJA,OFF,0
2026-09-23,2026-09-23 00:00,2026-09-23 04:00,ppc_ru_KJA_sr_gen_a-all_exp-diff-login,KJA,OFF,0
2026-09-23,2026-09-23 00:00,2026-09-23 04:00,ppc_ru_KRR_sr_dsa_a-all_exp-diff-login,KRR,OFF,0
2026-09-23,2026-09-23 00:00,2026-09-23 04:00,ppc_ru_KRR_sr_gen_a-all_exp-diff-login,KRR,OFF,0
2026-09-23,2026-09-23 00:00,2026-09-23 04:00,ppc_ru_KRR_sr_s-auto_a-all_exp-diff-login,KRR,OFF,0
2026-09-23,2026-09-23 00:00,2026-09-23 04:00,ppc_ru_KVKZ_sr_gen_a-all_exp-diff-login,KVKZ,OFF,0
2026-09-23,2026-09-23 00:00,2026-09-23 04:00,ppc_ru_KVKZ_sr_s-auto_a-all_exp-diff-login,KVKZ,OFF,0
2026-09-23,2026-09-23 00:00,2026-09-23 04:00,ppc_ru_KZN_sr_gen_a-all_exp-diff-login,KZN,ON,1
2026-09-23,2026-09-23 00:00,2026-09-23 04:00,ppc_ru_KZN_sr_s-auto_a-all_exp-diff-login,KZN,ON,1
2026-09-23,2026-09-23 00:00,2026-09-23 04:00,ppc_ru_LED_sr_dsa_a-all_exp-diff-login,LED,OFF,0
2026-09-23,2026-09-23 00:00,2026-09-23 04:00,ppc_ru_LED_sr_gen_a-all_exp-diff-login,LED,OFF,0
2026-09-23,2026-09-23 00:00,2026-09-23 04:00,ppc_ru_LED_sr_s-auto_a-all_exp-diff-login,LED,OFF,0
2026-09-23,2026-09-23 00:00,2026-09-23 04:00,ppc_ru_MOW_sr_dsa_a-all_exp-diff-login,MOW,ON,1
2026-09-23,2026-09-23 00:00,2026-09-23 04:00,ppc_ru_MOW_sr_gen_a-all_exp-diff-login,MOW,ON,1
2026-09-23,2026-09-23 00:00,2026-09-23 04:00,ppc_ru_MOW_sr_s-auto_a-all_exp-diff-login,MOW,ON,1
2026-09-23,2026-09-23 00:00,2026-09-23 04:00,ppc_ru_MOW_sr_s-auto_a-all_exp-diff-login_exp_travel-aud,MOW,ON,1
2026-09-23,2026-09-23 00:00,2026-09-23 04:00,ppc_ru_OVB_sr_dsa_a-all_exp-diff-login,OVB,OFF,0
2026-09-23,2026-09-23 00:00,2026-09-23 04:00,ppc_ru_OVB_sr_gen_a-all_exp-diff-login,OVB,OFF,0
2026-09-23,2026-09-23 00:00,2026-09-23 04:00,ppc_ru_SVX_sr_dsa_a-all_exp-diff-login,ural,ON,1
2026-09-23,2026-09-23 00:00,2026-09-23 04:00,ppc_ru_SVX_sr_gen_a-all_exp-diff-login,ural,ON,1
2026-09-23,2026-09-23 00:00,2026-09-23 04:00,ppc_ru_TJM_sr_dsa_a-all_exp-diff-login,ural,ON,1
2026-09-23,2026-09-23 00:00,2026-09-23 04:00,ppc_ru_TJM_sr_gen_a-all_exp-diff-login,ural,ON,1
2026-09-23,2026-09-23 00:00,2026-09-23 04:00,ppc_ru_UFA_sr_dsa_a-all_exp-diff-login,UFA,OFF,0
2026-09-23,2026-09-23 00:00,2026-09-23 04:00,ppc_ru_UFA_sr_gen_a-all_exp-diff-login,UFA,OFF,0
2026-09-23,2026-09-23 00:00,2026-09-23 04:00,ppc_ru_centr_sr_dsa_a-all_exp-diff-login,centr,OFF,0
2026-09-23,2026-09-23 00:00,2026-09-23 04:00,ppc_ru_centr_sr_gen_a-all_exp-diff-login,centr,OFF,0
2026-09-23,2026-09-23 00:00,2026-09-23 04:00,ppc_ru_sibir_sr_dsa_a-all_exp-diff-login,sibir,ON,1
2026-09-23,2026-09-23 00:00,2026-09-23 04:00,ppc_ru_sibir_sr_gen_a-all_exp-diff-login,sibir,ON,1
2026-09-23,2026-09-23 00:00,2026-09-23 04:00,ppc_ru_ural_sr_dsa_a-all_exp-diff-login,ural,ON,1
2026-09-23,2026-09-23 00:00,2026-09-23 04:00,ppc_ru_ural_sr_gen_a-all_exp-diff-login,ural,ON,1
2026-09-23,2026-09-23 00:00,2026-09-23 04:00,ppc_ru_ural_sr_s-auto_a-all_exp-diff-login,ural,ON,1
2026-09-23,2026-09-23 04:00,2026-09-23 08:00,ppc_ru_IKT_sr_gen_a-all_exp-diff-login,sibir,OFF,0
2026-09-23,2026-09-23 04:00,2026-09-23 08:00,ppc_ru_KJA_sr_dsa_a-all_exp-diff-login,KJA,ON,1
2026-09-23,2026-09-23 04:00,2026-09-23 08:00,ppc_ru_KJA_sr_gen_a-all_exp-diff-login,KJA,ON,1
2026-09-23,2026-09-23 04:00,2026-09-23 08:00,ppc_ru_KRR_sr_dsa_a-all_exp-diff-login,KRR,ON,1
2026-09-23,2026-09-23 04:00,2026-09-23 08:00,ppc_ru_KRR_sr_gen_a-all_exp-diff-login,KRR,ON,1
2026-09-23,2026-09-23 04:00,2026-09-23 08:00,ppc_ru_KRR_sr_s-auto_a-all_exp-diff-login,KRR,ON,1
2026-09-23,2026-09-23 04:00,2026-09-23 08:00,ppc_ru_KVKZ_sr_gen_a-all_exp-diff-login,KVKZ,OFF,0
2026-09-23,2026-09-23 04:00,2026-09-23 08:00,ppc_ru_KVKZ_sr_s-auto_a-all_exp-diff-login,KVKZ,OFF,0
2026-09-23,2026-09-23 04:00,2026-09-23 08:00,ppc_ru_KZN_sr_gen_a-all_exp-diff-login,KZN,ON,1
2026-09-23,2026-09-23 04:00,2026-09-23 08:00,ppc_ru_KZN_sr_s-auto_a-all_exp-diff-login,KZN,ON,1
2026-09-23,2026-09-23 04:00,2026-09-23 08:00,ppc_ru_LED_sr_dsa_a-all_exp-diff-login,LED,OFF,0
2026-09-23,2026-09-23 04:00,2026-09-23 08:00,ppc_ru_LED_sr_gen_a-all_exp-diff-login,LED,OFF,0
2026-09-23,2026-09-23 04:00,2026-09-23 08:00,ppc_ru_LED_sr_s-auto_a-all_exp-diff-login,LED,OFF,0
2026-09-23,2026-09-23 04:00,2026-09-23 08:00,ppc_ru_MOW_sr_dsa_a-all_exp-diff-login,MOW,OFF,0
2026-09-23,2026-09-23 04:00,2026-09-23 08:00,ppc_ru_MOW_sr_gen_a-all_exp-diff-login,MOW,OFF,0
2026-09-23,2026-09-23 04:00,2026-09-23 08:00,ppc_ru_MOW_sr_s-auto_a-all_exp-diff-login,MOW,OFF,0
2026-09-23,2026-09-23 04:00,2026-09-23 08:00,ppc_ru_MOW_sr_s-auto_a-all_exp-diff-login_exp_travel-aud,MOW,OFF,0
2026-09-23,2026-09-23 04:00,2026-09-23 08:00,ppc_ru_OVB_sr_dsa_a-all_exp-diff-login,OVB,OFF,0
2026-09-23,2026-09-23 04:00,2026-09-23 08:00,ppc_ru_OVB_sr_gen_a-all_exp-diff-login,OVB,OFF,0
2026-09-23,2026-09-23 04:00,2026-09-23 08:00,ppc_ru_SVX_sr_dsa_a-all_exp-diff-login,ural,OFF,0
2026-09-23,2026-09-23 04:00,2026-09-23 08:00,ppc_ru_SVX_sr_gen_a-all_exp-diff-login,ural,OFF,0
2026-09-23,2026-09-23 04:00,2026-09-23 08:00,ppc_ru_TJM_sr_dsa_a-all_exp-diff-login,ural,OFF,0
2026-09-23,2026-09-23 04:00,2026-09-23 08:00,ppc_ru_TJM_sr_gen_a-all_exp-diff-login,ural,OFF,0
2026-09-23,2026-09-23 04:00,2026-09-23 08:00,ppc_ru_UFA_sr_dsa_a-all_exp-diff-login,UFA,OFF,0
2026-09-23,2026-09-23 04:00,2026-09-23 08:00,ppc_ru_UFA_sr_gen_a-all_exp-diff-login,UFA,OFF,0
2026-09-23,2026-09-23 04:00,2026-09-23 08:00,ppc_ru_centr_sr_dsa_a-all_exp-diff-login,centr,ON,1
2026-09-23,2026-09-23 04:00,2026-09-23 08:00,ppc_ru_centr_sr_gen_a-all_exp-diff-login,centr,ON,1
2026-09-23,2026-09-23 04:00,2026-09-23 08:00,ppc_ru_sibir_sr_dsa_a-all_exp-diff-login,sibir,OFF,0
2026-09-23,2026-09-23 04:00,2026-09-23 08:00,ppc_ru_sibir_sr_gen_a-all_exp-diff-login,sibir,OFF,0
2026-09-23,2026-09-23 04:00,2026-09-23 08:00,ppc_ru_ural_sr_dsa_a-all_exp-diff-login,ural,OFF,0
2026-09-23,2026-09-23 04:00,2026-09-23 08:00,ppc_ru_ural_sr_gen_a-all_exp-diff-login,ural,OFF,0
2026-09-23,2026-09-23 04:00,2026-09-23 08:00,ppc_ru_ural_sr_s-auto_a-all_exp-diff-login,ural,OFF,0
2026-09-23,2026-09-23 08:00,2026-09-23 12:00,ppc_ru_IKT_sr_gen_a-all_exp-diff-login,sibir,ON,1
2026-09-23,2026-09-23 08:00,2026-09-23 12:00,ppc_ru_KJA_sr_dsa_a-all_exp-diff-login,KJA,ON,1
2026-09-23,2026-09-23 08:00,2026-09-23 12:00,ppc_ru_KJA_sr_gen_a-all_exp-diff-login,KJA,ON,1
2026-09-23,2026-09-23 08:00,2026-09-23 12:00,ppc_ru_KRR_sr_dsa_a-all_exp-diff-login,KRR,OFF,0
2026-09-23,2026-09-23 08:00,2026-09-23 12:00,ppc_ru_KRR_sr_gen_a-all_exp-diff-login,KRR,OFF,0
2026-09-23,2026-09-23 08:00,2026-09-23 12:00,ppc_ru_KRR_sr_s-auto_a-all_exp-diff-login,KRR,OFF,0
2026-09-23,2026-09-23 08:00,2026-09-23 12:00,ppc_ru_KVKZ_sr_gen_a-all_exp-diff-login,KVKZ,ON,1
2026-09-23,2026-09-23 08:00,2026-09-23 12:00,ppc_ru_KVKZ_sr_s-auto_a-all_exp-diff-login,KVKZ,ON,1
2026-09-23,2026-09-23 08:00,2026-09-23 12:00,ppc_ru_KZN_sr_gen_a-all_exp-diff-login,KZN,OFF,0
2026-09-23,2026-09-23 08:00,2026-09-23 12:00,ppc_ru_KZN_sr_s-auto_a-all_exp-diff-login,KZN,OFF,0
2026-09-23,2026-09-23 08:00,2026-09-23 12:00,ppc_ru_LED_sr_dsa_a-all_exp-diff-login,LED,OFF,0
2026-09-23,2026-09-23 08:00,2026-09-23 12:00,ppc_ru_LED_sr_gen_a-all_exp-diff-login,LED,OFF,0
2026-09-23,2026-09-23 08:00,2026-09-23 12:00,ppc_ru_LED_sr_s-auto_a-all_exp-diff-login,LED,OFF,0
2026-09-23,2026-09-23 08:00,2026-09-23 12:00,ppc_ru_MOW_sr_dsa_a-all_exp-diff-login,MOW,ON,1
2026-09-23,2026-09-23 08:00,2026-09-23 12:00,ppc_ru_MOW_sr_gen_a-all_exp-diff-login,MOW,ON,1
2026-09-23,2026-09-23 08:00,2026-09-23 12:00,ppc_ru_MOW_sr_s-auto_a-all_exp-diff-login,MOW,ON,1
2026-09-23,2026-09-23 08:00,2026-09-23 12:00,ppc_ru_MOW_sr_s-auto_a-all_exp-diff-login_exp_travel-aud,MOW,ON,1
2026-09-23,2026-09-23 08:00,2026-09-23 12:00,ppc_ru_OVB_sr_dsa_a-all_exp-diff-login,OVB,ON,1
2026-09-23,2026-09-23 08:00,2026-09-23 12:00,ppc_ru_OVB_sr_gen_a-all_exp-diff-login,OVB,ON,1
2026-09-23,2026-09-23 08:00,2026-09-23 12:00,ppc_ru_SVX_sr_dsa_a-all_exp-diff-login,ural,OFF,0
2026-09-23,2026-09-23 08:00,2026-09-23 12:00,ppc_ru_SVX_sr_gen_a-all_exp-diff-login,ural,OFF,0
2026-09-23,2026-09-23 08:00,2026-09-23 12:00,ppc_ru_TJM_sr_dsa_a-all_exp-diff-login,ural,OFF,0
2026-09-23,2026-09-23 08:00,2026-09-23 12:00,ppc_ru_TJM_sr_gen_a-all_exp-diff-login,ural,OFF,0
2026-09-23,2026-09-23 08:00,2026-09-23 12:00,ppc_ru_UFA_sr_dsa_a-all_exp-diff-login,UFA,ON,1
2026-09-23,2026-09-23 08:00,2026-09-23 12:00,ppc_ru_UFA_sr_gen_a-all_exp-diff-login,UFA,ON,1
2026-09-23,2026-09-23 08:00,2026-09-23 12:00,ppc_ru_centr_sr_dsa_a-all_exp-diff-login,centr,OFF,0
2026-09-23,2026-09-23 08:00,2026-09-23 12:00,ppc_ru_centr_sr_gen_a-all_exp-diff-login,centr,OFF,0
2026-09-23,2026-09-23 08:00,2026-09-23 12:00,ppc_ru_sibir_sr_dsa_a-all_exp-diff-login,sibir,ON,1
2026-09-23,2026-09-23 08:00,2026-09-23 12:00,ppc_ru_sibir_sr_gen_a-all_exp-diff-login,sibir,ON,1
2026-09-23,2026-09-23 08:00,2026-09-23 12:00,ppc_ru_ural_sr_dsa_a-all_exp-diff-login,ural,OFF,0
2026-09-23,2026-09-23 08:00,2026-09-23 12:00,ppc_ru_ural_sr_gen_a-all_exp-diff-login,ural,OFF,0
2026-09-23,2026-09-23 08:00,2026-09-23 12:00,ppc_ru_ural_sr_s-auto_a-all_exp-diff-login,ural,OFF,0
2026-09-23,2026-09-23 12:00,2026-09-23 16:00,ppc_ru_IKT_sr_gen_a-all_exp-diff-login,sibir,ON,1
2026-09-23,2026-09-23 12:00,2026-09-23 16:00,ppc_ru_KJA_sr_dsa_a-all_exp-diff-login,KJA,OFF,0
2026-09-23,2026-09-23 12:00,2026-09-23 16:00,ppc_ru_KJA_sr_gen_a-all_exp-diff-login,KJA,OFF,0
2026-09-23,2026-09-23 12:00,2026-09-23 16:00,ppc_ru_KRR_sr_dsa_a-all_exp-diff-login,KRR,OFF,0
2026-09-23,2026-09-23 12:00,2026-09-23 16:00,ppc_ru_KRR_sr_gen_a-all_exp-diff-login,KRR,OFF,0
2026-09-23,2026-09-23 12:00,2026-09-23 16:00,ppc_ru_KRR_sr_s-auto_a-all_exp-diff-login,KRR,OFF,0
2026-09-23,2026-09-23 12:00,2026-09-23 16:00,ppc_ru_KVKZ_sr_gen_a-all_exp-diff-login,KVKZ,ON,1
2026-09-23,2026-09-23 12:00,2026-09-23 16:00,ppc_ru_KVKZ_sr_s-auto_a-all_exp-diff-login,KVKZ,ON,1
2026-09-23,2026-09-23 12:00,2026-09-23 16:00,ppc_ru_KZN_sr_gen_a-all_exp-diff-login,KZN,OFF,0
2026-09-23,2026-09-23 12:00,2026-09-23 16:00,ppc_ru_KZN_sr_s-auto_a-all_exp-diff-login,KZN,OFF,0
2026-09-23,2026-09-23 12:00,2026-09-23 16:00,ppc_ru_LED_sr_dsa_a-all_exp-diff-login,LED,ON,1
2026-09-23,2026-09-23 12:00,2026-09-23 16:00,ppc_ru_LED_sr_gen_a-all_exp-diff-login,LED,ON,1
2026-09-23,2026-09-23 12:00,2026-09-23 16:00,ppc_ru_LED_sr_s-auto_a-all_exp-diff-login,LED,ON,1
2026-09-23,2026-09-23 12:00,2026-09-23 16:00,ppc_ru_MOW_sr_dsa_a-all_exp-diff-login,MOW,OFF,0
2026-09-23,2026-09-23 12:00,2026-09-23 16:00,ppc_ru_MOW_sr_gen_a-all_exp-diff-login,MOW,OFF,0
2026-09-23,2026-09-23 12:00,2026-09-23 16:00,ppc_ru_MOW_sr_s-auto_a-all_exp-diff-login,MOW,OFF,0
2026-09-23,2026-09-23 12:00,2026-09-23 16:00,ppc_ru_MOW_sr_s-auto_a-all_exp-diff-login_exp_travel-aud,MOW,OFF,0
2026-09-23,2026-09-23 12:00,2026-09-23 16:00,ppc_ru_OVB_sr_dsa_a-all_exp-diff-login,OVB,OFF,0
2026-09-23,2026-09-23 12:00,2026-09-23 16:00,ppc_ru_OVB_sr_gen_a-all_exp-diff-login,OVB,OFF,0
2026-09-23,2026-09-23 12:00,2026-09-23 16:00,ppc_ru_SVX_sr_dsa_a-all_exp-diff-login,ural,ON,1
2026-09-23,2026-09-23 12:00,2026-09-23 16:00,ppc_ru_SVX_sr_gen_a-all_exp-diff-login,ural,ON,1
2026-09-23,2026-09-23 12:00,2026-09-23 16:00,ppc_ru_TJM_sr_dsa_a-all_exp-diff-login,ural,ON,1
2026-09-23,2026-09-23 12:00,2026-09-23 16:00,ppc_ru_TJM_sr_gen_a-all_exp-diff-login,ural,ON,1
2026-09-23,2026-09-23 12:00,2026-09-23 16:00,ppc_ru_UFA_sr_dsa_a-all_exp-diff-login,UFA,OFF,0
2026-09-23,2026-09-23 12:00,2026-09-23 16:00,ppc_ru_UFA_sr_gen_a-all_exp-diff-login,UFA,OFF,0
2026-09-23,2026-09-23 12:00,2026-09-23 16:00,ppc_ru_centr_sr_dsa_a-all_exp-diff-login,centr,ON,1
2026-09-23,2026-09-23 12:00,2026-09-23 16:00,ppc_ru_centr_sr_gen_a-all_exp-diff-login,centr,ON,1
2026-09-23,2026-09-23 12:00,2026-09-23 16:00,ppc_ru_sibir_sr_dsa_a-all_exp-diff-login,sibir,ON,1
2026-09-23,2026-09-23 12:00,2026-09-23 16:00,ppc_ru_sibir_sr_gen_a-all_exp-diff-login,sibir,ON,1
2026-09-23,2026-09-23 12:00,2026-09-23 16:00,ppc_ru_ural_sr_dsa_a-all_exp-diff-login,ural,ON,1
2026-09-23,2026-09-23 12:00,2026-09-23 16:00,ppc_ru_ural_sr_gen_a-all_exp-diff-login,ural,ON,1
2026-09-23,2026-09-23 12:00,2026-09-23 16:00,ppc_ru_ural_sr_s-auto_a-all_exp-diff-login,ural,ON,1
2026-09-23,2026-09-23 16:00,2026-09-23 20:00,ppc_ru_IKT_sr_gen_a-all_exp-diff-login,sibir,OFF,0
2026-09-23,2026-09-23 16:00,2026-09-23 20:00,ppc_ru_KJA_sr_dsa_a-all_exp-diff-login,KJA,ON,1
2026-09-23,2026-09-23 16:00,2026-09-23 20:00,ppc_ru_KJA_sr_gen_a-all_exp-diff-login,KJA,ON,1
2026-09-23,2026-09-23 16:00,2026-09-23 20:00,ppc_ru_KRR_sr_dsa_a-all_exp-diff-login,KRR,ON,1
2026-09-23,2026-09-23 16:00,2026-09-23 20:00,ppc_ru_KRR_sr_gen_a-all_exp-diff-login,KRR,ON,1
2026-09-23,2026-09-23 16:00,2026-09-23 20:00,ppc_ru_KRR_sr_s-auto_a-all_exp-diff-login,KRR,ON,1
2026-09-23,2026-09-23 16:00,2026-09-23 20:00,ppc_ru_KVKZ_sr_gen_a-all_exp-diff-login,KVKZ,OFF,0
2026-09-23,2026-09-23 16:00,2026-09-23 20:00,ppc_ru_KVKZ_sr_s-auto_a-all_exp-diff-login,KVKZ,OFF,0
2026-09-23,2026-09-23 16:00,2026-09-23 20:00,ppc_ru_KZN_sr_gen_a-all_exp-diff-login,KZN,OFF,0
2026-09-23,2026-09-23 16:00,2026-09-23 20:00,ppc_ru_KZN_sr_s-auto_a-all_exp-diff-login,KZN,OFF,0
2026-09-23,2026-09-23 16:00,2026-09-23 20:00,ppc_ru_LED_sr_dsa_a-all_exp-diff-login,LED,ON,1
2026-09-23,2026-09-23 16:00,2026-09-23 20:00,ppc_ru_LED_sr_gen_a-all_exp-diff-login,LED,ON,1
2026-09-23,2026-09-23 16:00,2026-09-23 20:00,ppc_ru_LED_sr_s-auto_a-all_exp-diff-login,LED,ON,1
2026-09-23,2026-09-23 16:00,2026-09-23 20:00,ppc_ru_MOW_sr_dsa_a-all_exp-diff-login,MOW,OFF,0
2026-09-23,2026-09-23 16:00,2026-09-23 20:00,ppc_ru_MOW_sr_gen_a-all_exp-diff-login,MOW,OFF,0
2026-09-23,2026-09-23 16:00,2026-09-23 20:00,ppc_ru_MOW_sr_s-auto_a-all_exp-diff-login,MOW,OFF,0
2026-09-23,2026-09-23 16:00,2026-09-23 20:00,ppc_ru_MOW_sr_s-auto_a-all_exp-diff-login_exp_travel-aud,MOW,OFF,0
2026-09-23,2026-09-23 16:00,2026-09-23 20:00,ppc_ru_OVB_sr_dsa_a-all_exp-diff-login,OVB,ON,1
2026-09-23,2026-09-23 16:00,2026-09-23 20:00,ppc_ru_OVB_sr_gen_a-all_exp-diff-login,OVB,ON,1
2026-09-23,2026-09-23 16:00,2026-09-23 20:00,ppc_ru_SVX_sr_dsa_a-all_exp-diff-login,ural,ON,1
2026-09-23,2026-09-23 16:00,2026-09-23 20:00,ppc_ru_SVX_sr_gen_a-all_exp-diff-login,ural,ON,1
2026-09-23,2026-09-23 16:00,2026-09-23 20:00,ppc_ru_TJM_sr_dsa_a-all_exp-diff-login,ural,ON,1
2026-09-23,2026-09-23 16:00,2026-09-23 20:00,ppc_ru_TJM_sr_gen_a-all_exp-diff-login,ural,ON,1
2026-09-23,2026-09-23 16:00,2026-09-23 20:00,ppc_ru_UFA_sr_dsa_a-all_exp-diff-login,UFA,ON,1
2026-09-23,2026-09-23 16:00,2026-09-23 20:00,ppc_ru_UFA_sr_gen_a-all_exp-diff-login,UFA,ON,1
2026-09-23,2026-09-23 16:00,2026-09-23 20:00,ppc_ru_centr_sr_dsa_a-all_exp-diff-login,centr,OFF,0
2026-09-23,2026-09-23 16:00,2026-09-23 20:00,ppc_ru_centr_sr_gen_a-all_exp-diff-login,centr,OFF,0
2026-09-23,2026-09-23 16:00,2026-09-23 20:00,ppc_ru_sibir_sr_dsa_a-all_exp-diff-login,sibir,OFF,0
2026-09-23,2026-09-23 16:00,2026-09-23 20:00,ppc_ru_sibir_sr_gen_a-all_exp-diff-login,sibir,OFF,0
2026-09-23,2026-09-23 16:00,2026-09-23 20:00,ppc_ru_ural_sr_dsa_a-all_exp-diff-login,ural,ON,1
2026-09-23,2026-09-23 16:00,2026-09-23 20:00,ppc_ru_ural_sr_gen_a-all_exp-diff-login,ural,ON,1
2026-09-23,2026-09-23 16:00,2026-09-23 20:00,ppc_ru_ural_sr_s-auto_a-all_exp-diff-login,ural,ON,1
2026-09-23,2026-09-23 20:00,2026-09-24 00:00,ppc_ru_IKT_sr_gen_a-all_exp-diff-login,sibir,OFF,0
2026-09-23,2026-09-23 20:00,2026-09-24 00:00,ppc_ru_KJA_sr_dsa_a-all_exp-diff-login,KJA,OFF,0
2026-09-23,2026-09-23 20:00,2026-09-24 00:00,ppc_ru_KJA_sr_gen_a-all_exp-diff-login,KJA,OFF,0
2026-09-23,2026-09-23 20:00,2026-09-24 00:00,ppc_ru_KRR_sr_dsa_a-all_exp-diff-login,KRR,ON,1
2026-09-23,2026-09-23 20:00,2026-09-24 00:00,ppc_ru_KRR_sr_gen_a-all_exp-diff-login,KRR,ON,1
2026-09-23,2026-09-23 20:00,2026-09-24 00:00,ppc_ru_KRR_sr_s-auto_a-all_exp-diff-login,KRR,ON,1
2026-09-23,2026-09-23 20:00,2026-09-24 00:00,ppc_ru_KVKZ_sr_gen_a-all_exp-diff-login,KVKZ,ON,1
2026-09-23,2026-09-23 20:00,2026-09-24 00:00,ppc_ru_KVKZ_sr_s-auto_a-all_exp-diff-login,KVKZ,ON,1
2026-09-23,2026-09-23 20:00,2026-09-24 00:00,ppc_ru_KZN_sr_gen_a-all_exp-diff-login,KZN,ON,1
2026-09-23,2026-09-23 20:00,2026-09-24 00:00,ppc_ru_KZN_sr_s-auto_a-all_exp-diff-login,KZN,ON,1
2026-09-23,2026-09-23 20:00,2026-09-24 00:00,ppc_ru_LED_sr_dsa_a-all_exp-diff-login,LED,ON,1
2026-09-23,2026-09-23 20:00,2026-09-24 00:00,ppc_ru_LED_sr_gen_a-all_exp-diff-login,LED,ON,1
2026-09-23,2026-09-23 20:00,2026-09-24 00:00,ppc_ru_LED_sr_s-auto_a-all_exp-diff-login,LED,ON,1
2026-09-23,2026-09-23 20:00,2026-09-24 00:00,ppc_ru_MOW_sr_dsa_a-all_exp-diff-login,MOW,ON,1
2026-09-23,2026-09-23 20:00,2026-09-24 00:00,ppc_ru_MOW_sr_gen_a-all_exp-diff-login,MOW,ON,1
2026-09-23,2026-09-23 20:00,2026-09-24 00:00,ppc_ru_MOW_sr_s-auto_a-all_exp-diff-login,MOW,ON,1
2026-09-23,2026-09-23 20:00,2026-09-24 00:00,ppc_ru_MOW_sr_s-auto_a-all_exp-diff-login_exp_travel-aud,MOW,ON,1
2026-09-23,2026-09-23 20:00,2026-09-24 00:00,ppc_ru_OVB_sr_dsa_a-all_exp-diff-login,OVB,ON,1
2026-09-23,2026-09-23 20:00,2026-09-24 00:00,ppc_ru_OVB_sr_gen_a-all_exp-diff-login,OVB,ON,1
2026-09-23,2026-09-23 20:00,2026-09-24 00:00,ppc_ru_SVX_sr_dsa_a-all_exp-diff-login,ural,OFF,0
2026-09-23,2026-09-23 20:00,2026-09-24 00:00,ppc_ru_SVX_sr_gen_a-all_exp-diff-login,ural,OFF,0
2026-09-23,2026-09-23 20:00,2026-09-24 00:00,ppc_ru_TJM_sr_dsa_a-all_exp-diff-login,ural,OFF,0
2026-09-23,2026-09-23 20:00,2026-09-24 00:00,ppc_ru_TJM_sr_gen_a-all_exp-diff-login,ural,OFF,0
2026-09-23,2026-09-23 20:00,2026-09-24 00:00,ppc_ru_UFA_sr_dsa_a-all_exp-diff-login,UFA,ON,1
2026-09-23,2026-09-23 20:00,2026-09-24 00:00,ppc_ru_UFA_sr_gen_a-all_exp-diff-login,UFA,ON,1
2026-09-23,2026-09-23 20:00,2026-09-24 00:00,ppc_ru_centr_sr_dsa_a-all_exp-diff-login,centr,ON,1
2026-09-23,2026-09-23 20:00,2026-09-24 00:00,ppc_ru_centr_sr_gen_a-all_exp-diff-login,centr,ON,1
2026-09-23,2026-09-23 20:00,2026-09-24 00:00,ppc_ru_sibir_sr_dsa_a-all_exp-diff-login,sibir,OFF,0
2026-09-23,2026-09-23 20:00,2026-09-24 00:00,ppc_ru_sibir_sr_gen_a-all_exp-diff-login,sibir,OFF,0
2026-09-23,2026-09-23 20:00,2026-09-24 00:00,ppc_ru_ural_sr_dsa_a-all_exp-diff-login,ural,OFF,0
2026-09-23,2026-09-23 20:00,2026-09-24 00:00,ppc_ru_ural_sr_gen_a-all_exp-diff-login,ural,OFF,0
2026-09-23,2026-09-23 20:00,2026-09-24 00:00,ppc_ru_ural_sr_s-auto_a-all_exp-diff-login,ural,OFF,0
2026-09-24,2026-09-24 00:00,2026-09-24 04:00,ppc_ru_IKT_sr_gen_a-all_exp-diff-login,sibir,ON,1
2026-09-24,2026-09-24 00:00,2026-09-24 04:00,ppc_ru_KJA_sr_dsa_a-all_exp-diff-login,KJA,OFF,0
2026-09-24,2026-09-24 00:00,2026-09-24 04:00,ppc_ru_KJA_sr_gen_a-all_exp-diff-login,KJA,OFF,0
2026-09-24,2026-09-24 00:00,2026-09-24 04:00,ppc_ru_KRR_sr_dsa_a-all_exp-diff-login,KRR,OFF,0
2026-09-24,2026-09-24 00:00,2026-09-24 04:00,ppc_ru_KRR_sr_gen_a-all_exp-diff-login,KRR,OFF,0
2026-09-24,2026-09-24 00:00,2026-09-24 04:00,ppc_ru_KRR_sr_s-auto_a-all_exp-diff-login,KRR,OFF,0
2026-09-24,2026-09-24 00:00,2026-09-24 04:00,ppc_ru_KVKZ_sr_gen_a-all_exp-diff-login,KVKZ,ON,1
2026-09-24,2026-09-24 00:00,2026-09-24 04:00,ppc_ru_KVKZ_sr_s-auto_a-all_exp-diff-login,KVKZ,ON,1
2026-09-24,2026-09-24 00:00,2026-09-24 04:00,ppc_ru_KZN_sr_gen_a-all_exp-diff-login,KZN,OFF,0
2026-09-24,2026-09-24 00:00,2026-09-24 04:00,ppc_ru_KZN_sr_s-auto_a-all_exp-diff-login,KZN,OFF,0
2026-09-24,2026-09-24 00:00,2026-09-24 04:00,ppc_ru_LED_sr_dsa_a-all_exp-diff-login,LED,OFF,0
2026-09-24,2026-09-24 00:00,2026-09-24 04:00,ppc_ru_LED_sr_gen_a-all_exp-diff-login,LED,OFF,0
2026-09-24,2026-09-24 00:00,2026-09-24 04:00,ppc_ru_LED_sr_s-auto_a-all_exp-diff-login,LED,OFF,0
2026-09-24,2026-09-24 00:00,2026-09-24 04:00,ppc_ru_MOW_sr_dsa_a-all_exp-diff-login,MOW,OFF,0
2026-09-24,2026-09-24 00:00,2026-09-24 04:00,ppc_ru_MOW_sr_gen_a-all_exp-diff-login,MOW,OFF,0
2026-09-24,2026-09-24 00:00,2026-09-24 04:00,ppc_ru_MOW_sr_s-auto_a-all_exp-diff-login,MOW,OFF,0
2026-09-24,2026-09-24 00:00,2026-09-24 04:00,ppc_ru_MOW_sr_s-auto_a-all_exp-diff-login_exp_travel-aud,MOW,OFF,0
2026-09-24,2026-09-24 00:00,2026-09-24 04:00,ppc_ru_OVB_sr_dsa_a-all_exp-diff-login,OVB,OFF,0
2026-09-24,2026-09-24 00:00,2026-09-24 04:00,ppc_ru_OVB_sr_gen_a-all_exp-diff-login,OVB,OFF,0
2026-09-24,2026-09-24 00:00,2026-09-24 04:00,ppc_ru_SVX_sr_dsa_a-all_exp-diff-login,ural,ON,1
2026-09-24,2026-09-24 00:00,2026-09-24 04:00,ppc_ru_SVX_sr_gen_a-all_exp-diff-login,ural,ON,1
2026-09-24,2026-09-24 00:00,2026-09-24 04:00,ppc_ru_TJM_sr_dsa_a-all_exp-diff-login,ural,ON,1
2026-09-24,2026-09-24 00:00,2026-09-24 04:00,ppc_ru_TJM_sr_gen_a-all_exp-diff-login,ural,ON,1
2026-09-24,2026-09-24 00:00,2026-09-24 04:00,ppc_ru_UFA_sr_dsa_a-all_exp-diff-login,UFA,OFF,0
2026-09-24,2026-09-24 00:00,2026-09-24 04:00,ppc_ru_UFA_sr_gen_a-all_exp-diff-login,UFA,OFF,0
2026-09-24,2026-09-24 00:00,2026-09-24 04:00,ppc_ru_centr_sr_dsa_a-all_exp-diff-login,centr,OFF,0
2026-09-24,2026-09-24 00:00,2026-09-24 04:00,ppc_ru_centr_sr_gen_a-all_exp-diff-login,centr,OFF,0
2026-09-24,2026-09-24 00:00,2026-09-24 04:00,ppc_ru_sibir_sr_dsa_a-all_exp-diff-login,sibir,ON,1
2026-09-24,2026-09-24 00:00,2026-09-24 04:00,ppc_ru_sibir_sr_gen_a-all_exp-diff-login,sibir,ON,1
2026-09-24,2026-09-24 00:00,2026-09-24 04:00,ppc_ru_ural_sr_dsa_a-all_exp-diff-login,ural,ON,1
2026-09-24,2026-09-24 00:00,2026-09-24 04:00,ppc_ru_ural_sr_gen_a-all_exp-diff-login,ural,ON,1
2026-09-24,2026-09-24 00:00,2026-09-24 04:00,ppc_ru_ural_sr_s-auto_a-all_exp-diff-login,ural,ON,1
2026-09-24,2026-09-24 04:00,2026-09-24 08:00,ppc_ru_IKT_sr_gen_a-all_exp-diff-login,sibir,OFF,0
2026-09-24,2026-09-24 04:00,2026-09-24 08:00,ppc_ru_KJA_sr_dsa_a-all_exp-diff-login,KJA,ON,1
2026-09-24,2026-09-24 04:00,2026-09-24 08:00,ppc_ru_KJA_sr_gen_a-all_exp-diff-login,KJA,ON,1
2026-09-24,2026-09-24 04:00,2026-09-24 08:00,ppc_ru_KRR_sr_dsa_a-all_exp-diff-login,KRR,ON,1
2026-09-24,2026-09-24 04:00,2026-09-24 08:00,ppc_ru_KRR_sr_gen_a-all_exp-diff-login,KRR,ON,1
2026-09-24,2026-09-24 04:00,2026-09-24 08:00,ppc_ru_KRR_sr_s-auto_a-all_exp-diff-login,KRR,ON,1
2026-09-24,2026-09-24 04:00,2026-09-24 08:00,ppc_ru_KVKZ_sr_gen_a-all_exp-diff-login,KVKZ,ON,1
2026-09-24,2026-09-24 04:00,2026-09-24 08:00,ppc_ru_KVKZ_sr_s-auto_a-all_exp-diff-login,KVKZ,ON,1
2026-09-24,2026-09-24 04:00,2026-09-24 08:00,ppc_ru_KZN_sr_gen_a-all_exp-diff-login,KZN,ON,1
2026-09-24,2026-09-24 04:00,2026-09-24 08:00,ppc_ru_KZN_sr_s-auto_a-all_exp-diff-login,KZN,ON,1
2026-09-24,2026-09-24 04:00,2026-09-24 08:00,ppc_ru_LED_sr_dsa_a-all_exp-diff-login,LED,ON,1
2026-09-24,2026-09-24 04:00,2026-09-24 08:00,ppc_ru_LED_sr_gen_a-all_exp-diff-login,LED,ON,1
2026-09-24,2026-09-24 04:00,2026-09-24 08:00,ppc_ru_LED_sr_s-auto_a-all_exp-diff-login,LED,ON,1
2026-09-24,2026-09-24 04:00,2026-09-24 08:00,ppc_ru_MOW_sr_dsa_a-all_exp-diff-login,MOW,ON,1
2026-09-24,2026-09-24 04:00,2026-09-24 08:00,ppc_ru_MOW_sr_gen_a-all_exp-diff-login,MOW,ON,1
2026-09-24,2026-09-24 04:00,2026-09-24 08:00,ppc_ru_MOW_sr_s-auto_a-all_exp-diff-login,MOW,ON,1
2026-09-24,2026-09-24 04:00,2026-09-24 08:00,ppc_ru_MOW_sr_s-auto_a-all_exp-diff-login_exp_travel-aud,MOW,ON,1
2026-09-24,2026-09-24 04:00,2026-09-24 08:00,ppc_ru_OVB_sr_dsa_a-all_exp-diff-login,OVB,OFF,0
2026-09-24,2026-09-24 04:00,2026-09-24 08:00,ppc_ru_OVB_sr_gen_a-all_exp-diff-login,OVB,OFF,0
2026-09-24,2026-09-24 04:00,2026-09-24 08:00,ppc_ru_SVX_sr_dsa_a-all_exp-diff-login,ural,OFF,0
2026-09-24,2026-09-24 04:00,2026-09-24 08:00,ppc_ru_SVX_sr_gen_a-all_exp-diff-login,ural,OFF,0
2026-09-24,2026-09-24 04:00,2026-09-24 08:00,ppc_ru_TJM_sr_dsa_a-all_exp-diff-login,ural,OFF,0
2026-09-24,2026-09-24 04:00,2026-09-24 08:00,ppc_ru_TJM_sr_gen_a-all_exp-diff-login,ural,OFF,0
2026-09-24,2026-09-24 04:00,2026-09-24 08:00,ppc_ru_UFA_sr_dsa_a-all_exp-diff-login,UFA,OFF,0
2026-09-24,2026-09-24 04:00,2026-09-24 08:00,ppc_ru_UFA_sr_gen_a-all_exp-diff-login,UFA,OFF,0
2026-09-24,2026-09-24 04:00,2026-09-24 08:00,ppc_ru_centr_sr_dsa_a-all_exp-diff-login,centr,ON,1
2026-09-24,2026-09-24 04:00,2026-09-24 08:00,ppc_ru_centr_sr_gen_a-all_exp-diff-login,centr,ON,1
2026-09-24,2026-09-24 04:00,2026-09-24 08:00,ppc_ru_sibir_sr_dsa_a-all_exp-diff-login,sibir,OFF,0
2026-09-24,2026-09-24 04:00,2026-09-24 08:00,ppc_ru_sibir_sr_gen_a-all_exp-diff-login,sibir,OFF,0
2026-09-24,2026-09-24 04:00,2026-09-24 08:00,ppc_ru_ural_sr_dsa_a-all_exp-diff-login,ural,OFF,0
2026-09-24,2026-09-24 04:00,2026-09-24 08:00,ppc_ru_ural_sr_gen_a-all_exp-diff-login,ural,OFF,0
2026-09-24,2026-09-24 04:00,2026-09-24 08:00,ppc_ru_ural_sr_s-auto_a-all_exp-diff-login,ural,OFF,0
2026-09-24,2026-09-24 08:00,2026-09-24 12:00,ppc_ru_IKT_sr_gen_a-all_exp-diff-login,sibir,ON,1
2026-09-24,2026-09-24 08:00,2026-09-24 12:00,ppc_ru_KJA_sr_dsa_a-all_exp-diff-login,KJA,OFF,0
2026-09-24,2026-09-24 08:00,2026-09-24 12:00,ppc_ru_KJA_sr_gen_a-all_exp-diff-login,KJA,OFF,0
2026-09-24,2026-09-24 08:00,2026-09-24 12:00,ppc_ru_KRR_sr_dsa_a-all_exp-diff-login,KRR,OFF,0
2026-09-24,2026-09-24 08:00,2026-09-24 12:00,ppc_ru_KRR_sr_gen_a-all_exp-diff-login,KRR,OFF,0
2026-09-24,2026-09-24 08:00,2026-09-24 12:00,ppc_ru_KRR_sr_s-auto_a-all_exp-diff-login,KRR,OFF,0
2026-09-24,2026-09-24 08:00,2026-09-24 12:00,ppc_ru_KVKZ_sr_gen_a-all_exp-diff-login,KVKZ,OFF,0
2026-09-24,2026-09-24 08:00,2026-09-24 12:00,ppc_ru_KVKZ_sr_s-auto_a-all_exp-diff-login,KVKZ,OFF,0
2026-09-24,2026-09-24 08:00,2026-09-24 12:00,ppc_ru_KZN_sr_gen_a-all_exp-diff-login,KZN,ON,1
2026-09-24,2026-09-24 08:00,2026-09-24 12:00,ppc_ru_KZN_sr_s-auto_a-all_exp-diff-login,KZN,ON,1
2026-09-24,2026-09-24 08:00,2026-09-24 12:00,ppc_ru_LED_sr_dsa_a-all_exp-diff-login,LED,OFF,0
2026-09-24,2026-09-24 08:00,2026-09-24 12:00,ppc_ru_LED_sr_gen_a-all_exp-diff-login,LED,OFF,0
2026-09-24,2026-09-24 08:00,2026-09-24 12:00,ppc_ru_LED_sr_s-auto_a-all_exp-diff-login,LED,OFF,0
2026-09-24,2026-09-24 08:00,2026-09-24 12:00,ppc_ru_MOW_sr_dsa_a-all_exp-diff-login,MOW,OFF,0
2026-09-24,2026-09-24 08:00,2026-09-24 12:00,ppc_ru_MOW_sr_gen_a-all_exp-diff-login,MOW,OFF,0
2026-09-24,2026-09-24 08:00,2026-09-24 12:00,ppc_ru_MOW_sr_s-auto_a-all_exp-diff-login,MOW,OFF,0
2026-09-24,2026-09-24 08:00,2026-09-24 12:00,ppc_ru_MOW_sr_s-auto_a-all_exp-diff-login_exp_travel-aud,MOW,OFF,0
2026-09-24,2026-09-24 08:00,2026-09-24 12:00,ppc_ru_OVB_sr_dsa_a-all_exp-diff-login,OVB,ON,1
2026-09-24,2026-09-24 08:00,2026-09-24 12:00,ppc_ru_OVB_sr_gen_a-all_exp-diff-login,OVB,ON,1
2026-09-24,2026-09-24 08:00,2026-09-24 12:00,ppc_ru_SVX_sr_dsa_a-all_exp-diff-login,ural,OFF,0
2026-09-24,2026-09-24 08:00,2026-09-24 12:00,ppc_ru_SVX_sr_gen_a-all_exp-diff-login,ural,OFF,0
2026-09-24,2026-09-24 08:00,2026-09-24 12:00,ppc_ru_TJM_sr_dsa_a-all_exp-diff-login,ural,OFF,0
2026-09-24,2026-09-24 08:00,2026-09-24 12:00,ppc_ru_TJM_sr_gen_a-all_exp-diff-login,ural,OFF,0
2026-09-24,2026-09-24 08:00,2026-09-24 12:00,ppc_ru_UFA_sr_dsa_a-all_exp-diff-login,UFA,OFF,0
2026-09-24,2026-09-24 08:00,2026-09-24 12:00,ppc_ru_UFA_sr_gen_a-all_exp-diff-login,UFA,OFF,0
2026-09-24,2026-09-24 08:00,2026-09-24 12:00,ppc_ru_centr_sr_dsa_a-all_exp-diff-login,centr,ON,1
2026-09-24,2026-09-24 08:00,2026-09-24 12:00,ppc_ru_centr_sr_gen_a-all_exp-diff-login,centr,ON,1
2026-09-24,2026-09-24 08:00,2026-09-24 12:00,ppc_ru_sibir_sr_dsa_a-all_exp-diff-login,sibir,ON,1
2026-09-24,2026-09-24 08:00,2026-09-24 12:00,ppc_ru_sibir_sr_gen_a-all_exp-diff-login,sibir,ON,1
2026-09-24,2026-09-24 08:00,2026-09-24 12:00,ppc_ru_ural_sr_dsa_a-all_exp-diff-login,ural,OFF,0
2026-09-24,2026-09-24 08:00,2026-09-24 12:00,ppc_ru_ural_sr_gen_a-all_exp-diff-login,ural,OFF,0
2026-09-24,2026-09-24 08:00,2026-09-24 12:00,ppc_ru_ural_sr_s-auto_a-all_exp-diff-login,ural,OFF,0
2026-09-24,2026-09-24 12:00,2026-09-24 16:00,ppc_ru_IKT_sr_gen_a-all_exp-diff-login,sibir,OFF,0
2026-09-24,2026-09-24 12:00,2026-09-24 16:00,ppc_ru_KJA_sr_dsa_a-all_exp-diff-login,KJA,OFF,0
2026-09-24,2026-09-24 12:00,2026-09-24 16:00,ppc_ru_KJA_sr_gen_a-all_exp-diff-login,KJA,OFF,0
2026-09-24,2026-09-24 12:00,2026-09-24 16:00,ppc_ru_KRR_sr_dsa_a-all_exp-diff-login,KRR,ON,1
2026-09-24,2026-09-24 12:00,2026-09-24 16:00,ppc_ru_KRR_sr_gen_a-all_exp-diff-login,KRR,ON,1
2026-09-24,2026-09-24 12:00,2026-09-24 16:00,ppc_ru_KRR_sr_s-auto_a-all_exp-diff-login,KRR,ON,1
2026-09-24,2026-09-24 12:00,2026-09-24 16:00,ppc_ru_KVKZ_sr_gen_a-all_exp-diff-login,KVKZ,ON,1
2026-09-24,2026-09-24 12:00,2026-09-24 16:00,ppc_ru_KVKZ_sr_s-auto_a-all_exp-diff-login,KVKZ,ON,1
2026-09-24,2026-09-24 12:00,2026-09-24 16:00,ppc_ru_KZN_sr_gen_a-all_exp-diff-login,KZN,OFF,0
2026-09-24,2026-09-24 12:00,2026-09-24 16:00,ppc_ru_KZN_sr_s-auto_a-all_exp-diff-login,KZN,OFF,0
2026-09-24,2026-09-24 12:00,2026-09-24 16:00,ppc_ru_LED_sr_dsa_a-all_exp-diff-login,LED,ON,1
2026-09-24,2026-09-24 12:00,2026-09-24 16:00,ppc_ru_LED_sr_gen_a-all_exp-diff-login,LED,ON,1
2026-09-24,2026-09-24 12:00,2026-09-24 16:00,ppc_ru_LED_sr_s-auto_a-all_exp-diff-login,LED,ON,1
2026-09-24,2026-09-24 12:00,2026-09-24 16:00,ppc_ru_MOW_sr_dsa_a-all_exp-diff-login,MOW,ON,1
2026-09-24,2026-09-24 12:00,2026-09-24 16:00,ppc_ru_MOW_sr_gen_a-all_exp-diff-login,MOW,ON,1
2026-09-24,2026-09-24 12:00,2026-09-24 16:00,ppc_ru_MOW_sr_s-auto_a-all_exp-diff-login,MOW,ON,1
2026-09-24,2026-09-24 12:00,2026-09-24 16:00,ppc_ru_MOW_sr_s-auto_a-all_exp-diff-login_exp_travel-aud,MOW,ON,1
2026-09-24,2026-09-24 12:00,2026-09-24 16:00,ppc_ru_OVB_sr_dsa_a-all_exp-diff-login,OVB,ON,1
2026-09-24,2026-09-24 12:00,2026-09-24 16:00,ppc_ru_OVB_sr_gen_a-all_exp-diff-login,OVB,ON,1
2026-09-24,2026-09-24 12:00,2026-09-24 16:00,ppc_ru_SVX_sr_dsa_a-all_exp-diff-login,ural,OFF,0
2026-09-24,2026-09-24 12:00,2026-09-24 16:00,ppc_ru_SVX_sr_gen_a-all_exp-diff-login,ural,OFF,0
2026-09-24,2026-09-24 12:00,2026-09-24 16:00,ppc_ru_TJM_sr_dsa_a-all_exp-diff-login,ural,OFF,0
2026-09-24,2026-09-24 12:00,2026-09-24 16:00,ppc_ru_TJM_sr_gen_a-all_exp-diff-login,ural,OFF,0
2026-09-24,2026-09-24 12:00,2026-09-24 16:00,ppc_ru_UFA_sr_dsa_a-all_exp-diff-login,UFA,ON,1
2026-09-24,2026-09-24 12:00,2026-09-24 16:00,ppc_ru_UFA_sr_gen_a-all_exp-diff-login,UFA,ON,1
2026-09-24,2026-09-24 12:00,2026-09-24 16:00,ppc_ru_centr_sr_dsa_a-all_exp-diff-login,centr,OFF,0
2026-09-24,2026-09-24 12:00,2026-09-24 16:00,ppc_ru_centr_sr_gen_a-all_exp-diff-login,centr,OFF,0
2026-09-24,2026-09-24 12:00,2026-09-24 16:00,ppc_ru_sibir_sr_dsa_a-all_exp-diff-login,sibir,OFF,0
2026-09-24,2026-09-24 12:00,2026-09-24 16:00,ppc_ru_sibir_sr_gen_a-all_exp-diff-login,sibir,OFF,0
2026-09-24,2026-09-24 12:00,2026-09-24 16:00,ppc_ru_ural_sr_dsa_a-all_exp-diff-login,ural,OFF,0
2026-09-24,2026-09-24 12:00,2026-09-24 16:00,ppc_ru_ural_sr_gen_a-all_exp-diff-login,ural,OFF,0
2026-09-24,2026-09-24 12:00,2026-09-24 16:00,ppc_ru_ural_sr_s-auto_a-all_exp-diff-login,ural,OFF,0
2026-09-24,2026-09-24 16:00,2026-09-24 20:00,ppc_ru_IKT_sr_gen_a-all_exp-diff-login,sibir,OFF,0
2026-09-24,2026-09-24 16:00,2026-09-24 20:00,ppc_ru_KJA_sr_dsa_a-all_exp-diff-login,KJA,ON,1
2026-09-24,2026-09-24 16:00,2026-09-24 20:00,ppc_ru_KJA_sr_gen_a-all_exp-diff-login,KJA,ON,1
2026-09-24,2026-09-24 16:00,2026-09-24 20:00,ppc_ru_KRR_sr_dsa_a-all_exp-diff-login,KRR,OFF,0
2026-09-24,2026-09-24 16:00,2026-09-24 20:00,ppc_ru_KRR_sr_gen_a-all_exp-diff-login,KRR,OFF,0
2026-09-24,2026-09-24 16:00,2026-09-24 20:00,ppc_ru_KRR_sr_s-auto_a-all_exp-diff-login,KRR,OFF,0
2026-09-24,2026-09-24 16:00,2026-09-24 20:00,ppc_ru_KVKZ_sr_gen_a-all_exp-diff-login,KVKZ,OFF,0
2026-09-24,2026-09-24 16:00,2026-09-24 20:00,ppc_ru_KVKZ_sr_s-auto_a-all_exp-diff-login,KVKZ,OFF,0
2026-09-24,2026-09-24 16:00,2026-09-24 20:00,ppc_ru_KZN_sr_gen_a-all_exp-diff-login,KZN,OFF,0
2026-09-24,2026-09-24 16:00,2026-09-24 20:00,ppc_ru_KZN_sr_s-auto_a-all_exp-diff-login,KZN,OFF,0
2026-09-24,2026-09-24 16:00,2026-09-24 20:00,ppc_ru_LED_sr_dsa_a-all_exp-diff-login,LED,OFF,0
2026-09-24,2026-09-24 16:00,2026-09-24 20:00,ppc_ru_LED_sr_gen_a-all_exp-diff-login,LED,OFF,0
2026-09-24,2026-09-24 16:00,2026-09-24 20:00,ppc_ru_LED_sr_s-auto_a-all_exp-diff-login,LED,OFF,0
2026-09-24,2026-09-24 16:00,2026-09-24 20:00,ppc_ru_MOW_sr_dsa_a-all_exp-diff-login,MOW,ON,1
2026-09-24,2026-09-24 16:00,2026-09-24 20:00,ppc_ru_MOW_sr_gen_a-all_exp-diff-login,MOW,ON,1
2026-09-24,2026-09-24 16:00,2026-09-24 20:00,ppc_ru_MOW_sr_s-auto_a-all_exp-diff-login,MOW,ON,1
2026-09-24,2026-09-24 16:00,2026-09-24 20:00,ppc_ru_MOW_sr_s-auto_a-all_exp-diff-login_exp_travel-aud,MOW,ON,1
2026-09-24,2026-09-24 16:00,2026-09-24 20:00,ppc_ru_OVB_sr_dsa_a-all_exp-diff-login,OVB,OFF,0
2026-09-24,2026-09-24 16:00,2026-09-24 20:00,ppc_ru_OVB_sr_gen_a-all_exp-diff-login,OVB,OFF,0
2026-09-24,2026-09-24 16:00,2026-09-24 20:00,ppc_ru_SVX_sr_dsa_a-all_exp-diff-login,ural,ON,1
2026-09-24,2026-09-24 16:00,2026-09-24 20:00,ppc_ru_SVX_sr_gen_a-all_exp-diff-login,ural,ON,1
2026-09-24,2026-09-24 16:00,2026-09-24 20:00,ppc_ru_TJM_sr_dsa_a-all_exp-diff-login,ural,ON,1
2026-09-24,2026-09-24 16:00,2026-09-24 20:00,ppc_ru_TJM_sr_gen_a-all_exp-diff-login,ural,ON,1
2026-09-24,2026-09-24 16:00,2026-09-24 20:00,ppc_ru_UFA_sr_dsa_a-all_exp-diff-login,UFA,ON,1
2026-09-24,2026-09-24 16:00,2026-09-24 20:00,ppc_ru_UFA_sr_gen_a-all_exp-diff-login,UFA,ON,1
2026-09-24,2026-09-24 16:00,2026-09-24 20:00,ppc_ru_centr_sr_dsa_a-all_exp-diff-login,centr,OFF,0
2026-09-24,2026-09-24 16:00,2026-09-24 20:00,ppc_ru_centr_sr_gen_a-all_exp-diff-login,centr,OFF,0
2026-09-24,2026-09-24 16:00,2026-09-24 20:00,ppc_ru_sibir_sr_dsa_a-all_exp-diff-login,sibir,OFF,0
2026-09-24,2026-09-24 16:00,2026-09-24 20:00,ppc_ru_sibir_sr_gen_a-all_exp-diff-login,sibir,OFF,0
2026-09-24,2026-09-24 16:00,2026-09-24 20:00,ppc_ru_ural_sr_dsa_a-all_exp-diff-login,ural,ON,1
2026-09-24,2026-09-24 16:00,2026-09-24 20:00,ppc_ru_ural_sr_gen_a-all_exp-diff-login,ural,ON,1
2026-09-24,2026-09-24 16:00,2026-09-24 20:00,ppc_ru_ural_sr_s-auto_a-all_exp-diff-login,ural,ON,1
2026-09-24,2026-09-24 20:00,2026-09-25 00:00,ppc_ru_IKT_sr_gen_a-all_exp-diff-login,sibir,ON,1
2026-09-24,2026-09-24 20:00,2026-09-25 00:00,ppc_ru_KJA_sr_dsa_a-all_exp-diff-login,KJA,ON,1
2026-09-24,2026-09-24 20:00,2026-09-25 00:00,ppc_ru_KJA_sr_gen_a-all_exp-diff-login,KJA,ON,1
2026-09-24,2026-09-24 20:00,2026-09-25 00:00,ppc_ru_KRR_sr_dsa_a-all_exp-diff-login,KRR,ON,1
2026-09-24,2026-09-24 20:00,2026-09-25 00:00,ppc_ru_KRR_sr_gen_a-all_exp-diff-login,KRR,ON,1
2026-09-24,2026-09-24 20:00,2026-09-25 00:00,ppc_ru_KRR_sr_s-auto_a-all_exp-diff-login,KRR,ON,1
2026-09-24,2026-09-24 20:00,2026-09-25 00:00,ppc_ru_KVKZ_sr_gen_a-all_exp-diff-login,KVKZ,OFF,0
2026-09-24,2026-09-24 20:00,2026-09-25 00:00,ppc_ru_KVKZ_sr_s-auto_a-all_exp-diff-login,KVKZ,OFF,0
2026-09-24,2026-09-24 20:00,2026-09-25 00:00,ppc_ru_KZN_sr_gen_a-all_exp-diff-login,KZN,ON,1
2026-09-24,2026-09-24 20:00,2026-09-25 00:00,ppc_ru_KZN_sr_s-auto_a-all_exp-diff-login,KZN,ON,1
2026-09-24,2026-09-24 20:00,2026-09-25 00:00,ppc_ru_LED_sr_dsa_a-all_exp-diff-login,LED,ON,1
2026-09-24,2026-09-24 20:00,2026-09-25 00:00,ppc_ru_LED_sr_gen_a-all_exp-diff-login,LED,ON,1
2026-09-24,2026-09-24 20:00,2026-09-25 00:00,ppc_ru_LED_sr_s-auto_a-all_exp-diff-login,LED,ON,1
2026-09-24,2026-09-24 20:00,2026-09-25 00:00,ppc_ru_MOW_sr_dsa_a-all_exp-diff-login,MOW,OFF,0
2026-09-24,2026-09-24 20:00,2026-09-25 00:00,ppc_ru_MOW_sr_gen_a-all_exp-diff-login,MOW,OFF,0
2026-09-24,2026-09-24 20:00,2026-09-25 00:00,ppc_ru_MOW_sr_s-auto_a-all_exp-diff-login,MOW,OFF,0
2026-09-24,2026-09-24 20:00,2026-09-25 00:00,ppc_ru_MOW_sr_s-auto_a-all_exp-diff-login_exp_travel-aud,MOW,OFF,0
2026-09-24,2026-09-24 20:00,2026-09-25 00:00,ppc_ru_OVB_sr_dsa_a-all_exp-diff-login,OVB,ON,1
2026-09-24,2026-09-24 20:00,2026-09-25 00:00,ppc_ru_OVB_sr_gen_a-all_exp-diff-login,OVB,ON,1
2026-09-24,2026-09-24 20:00,2026-09-25 00:00,ppc_ru_SVX_sr_dsa_a-all_exp-diff-login,ural,ON,1
2026-09-24,2026-09-24 20:00,2026-09-25 00:00,ppc_ru_SVX_sr_gen_a-all_exp-diff-login,ural,ON,1
2026-09-24,2026-09-24 20:00,2026-09-25 00:00,ppc_ru_TJM_sr_dsa_a-all_exp-diff-login,ural,ON,1
2026-09-24,2026-09-24 20:00,2026-09-25 00:00,ppc_ru_TJM_sr_gen_a-all_exp-diff-login,ural,ON,1
2026-09-24,2026-09-24 20:00,2026-09-25 00:00,ppc_ru_UFA_sr_dsa_a-all_exp-diff-login,UFA,ON,1
2026-09-24,2026-09-24 20:00,2026-09-25 00:00,ppc_ru_UFA_sr_gen_a-all_exp-diff-login,UFA,ON,1
2026-09-24,2026-09-24 20:00,2026-09-25 00:00,ppc_ru_centr_sr_dsa_a-all_exp-diff-login,centr,ON,1
2026-09-24,2026-09-24 20:00,2026-09-25 00:00,ppc_ru_centr_sr_gen_a-all_exp-diff-login,centr,ON,1
2026-09-24,2026-09-24 20:00,2026-09-25 00:00,ppc_ru_sibir_sr_dsa_a-all_exp-diff-login,sibir,ON,1
2026-09-24,2026-09-24 20:00,2026-09-25 00:00,ppc_ru_sibir_sr_gen_a-all_exp-diff-login,sibir,ON,1
2026-09-24,2026-09-24 20:00,2026-09-25 00:00,ppc_ru_ural_sr_dsa_a-all_exp-diff-login,ural,ON,1
2026-09-24,2026-09-24 20:00,2026-09-25 00:00,ppc_ru_ural_sr_gen_a-all_exp-diff-login,ural,ON,1
2026-09-24,2026-09-24 20:00,2026-09-25 00:00,ppc_ru_ural_sr_s-auto_a-all_exp-diff-login,ural,ON,1
2026-09-25,2026-09-25 00:00,2026-09-25 04:00,ppc_ru_IKT_sr_gen_a-all_exp-diff-login,sibir,OFF,0
2026-09-25,2026-09-25 00:00,2026-09-25 04:00,ppc_ru_KJA_sr_dsa_a-all_exp-diff-login,KJA,ON,1
2026-09-25,2026-09-25 00:00,2026-09-25 04:00,ppc_ru_KJA_sr_gen_a-all_exp-diff-login,KJA,ON,1
2026-09-25,2026-09-25 00:00,2026-09-25 04:00,ppc_ru_KRR_sr_dsa_a-all_exp-diff-login,KRR,OFF,0
2026-09-25,2026-09-25 00:00,2026-09-25 04:00,ppc_ru_KRR_sr_gen_a-all_exp-diff-login,KRR,OFF,0
2026-09-25,2026-09-25 00:00,2026-09-25 04:00,ppc_ru_KRR_sr_s-auto_a-all_exp-diff-login,KRR,OFF,0
2026-09-25,2026-09-25 00:00,2026-09-25 04:00,ppc_ru_KVKZ_sr_gen_a-all_exp-diff-login,KVKZ,ON,1
2026-09-25,2026-09-25 00:00,2026-09-25 04:00,ppc_ru_KVKZ_sr_s-auto_a-all_exp-diff-login,KVKZ,ON,1
2026-09-25,2026-09-25 00:00,2026-09-25 04:00,ppc_ru_KZN_sr_gen_a-all_exp-diff-login,KZN,OFF,0
2026-09-25,2026-09-25 00:00,2026-09-25 04:00,ppc_ru_KZN_sr_s-auto_a-all_exp-diff-login,KZN,OFF,0
2026-09-25,2026-09-25 00:00,2026-09-25 04:00,ppc_ru_LED_sr_dsa_a-all_exp-diff-login,LED,ON,1
2026-09-25,2026-09-25 00:00,2026-09-25 04:00,ppc_ru_LED_sr_gen_a-all_exp-diff-login,LED,ON,1
2026-09-25,2026-09-25 00:00,2026-09-25 04:00,ppc_ru_LED_sr_s-auto_a-all_exp-diff-login,LED,ON,1
2026-09-25,2026-09-25 00:00,2026-09-25 04:00,ppc_ru_MOW_sr_dsa_a-all_exp-diff-login,MOW,OFF,0
2026-09-25,2026-09-25 00:00,2026-09-25 04:00,ppc_ru_MOW_sr_gen_a-all_exp-diff-login,MOW,OFF,0
2026-09-25,2026-09-25 00:00,2026-09-25 04:00,ppc_ru_MOW_sr_s-auto_a-all_exp-diff-login,MOW,OFF,0
2026-09-25,2026-09-25 00:00,2026-09-25 04:00,ppc_ru_MOW_sr_s-auto_a-all_exp-diff-login_exp_travel-aud,MOW,OFF,0
2026-09-25,2026-09-25 00:00,2026-09-25 04:00,ppc_ru_OVB_sr_dsa_a-all_exp-diff-login,OVB,OFF,0
2026-09-25,2026-09-25 00:00,2026-09-25 04:00,ppc_ru_OVB_sr_gen_a-all_exp-diff-login,OVB,OFF,0
2026-09-25,2026-09-25 00:00,2026-09-25 04:00,ppc_ru_SVX_sr_dsa_a-all_exp-diff-login,ural,OFF,0
2026-09-25,2026-09-25 00:00,2026-09-25 04:00,ppc_ru_SVX_sr_gen_a-all_exp-diff-login,ural,OFF,0
2026-09-25,2026-09-25 00:00,2026-09-25 04:00,ppc_ru_TJM_sr_dsa_a-all_exp-diff-login,ural,OFF,0
2026-09-25,2026-09-25 00:00,2026-09-25 04:00,ppc_ru_TJM_sr_gen_a-all_exp-diff-login,ural,OFF,0
2026-09-25,2026-09-25 00:00,2026-09-25 04:00,ppc_ru_UFA_sr_dsa_a-all_exp-diff-login,UFA,OFF,0
2026-09-25,2026-09-25 00:00,2026-09-25 04:00,ppc_ru_UFA_sr_gen_a-all_exp-diff-login,UFA,OFF,0
2026-09-25,2026-09-25 00:00,2026-09-25 04:00,ppc_ru_centr_sr_dsa_a-all_exp-diff-login,centr,ON,1
2026-09-25,2026-09-25 00:00,2026-09-25 04:00,ppc_ru_centr_sr_gen_a-all_exp-diff-login,centr,ON,1
2026-09-25,2026-09-25 00:00,2026-09-25 04:00,ppc_ru_sibir_sr_dsa_a-all_exp-diff-login,sibir,OFF,0
2026-09-25,2026-09-25 00:00,2026-09-25 04:00,ppc_ru_sibir_sr_gen_a-all_exp-diff-login,sibir,OFF,0
2026-09-25,2026-09-25 00:00,2026-09-25 04:00,ppc_ru_ural_sr_dsa_a-all_exp-diff-login,ural,OFF,0
2026-09-25,2026-09-25 00:00,2026-09-25 04:00,ppc_ru_ural_sr_gen_a-all_exp-diff-login,ural,OFF,0
2026-09-25,2026-09-25 00:00,2026-09-25 04:00,ppc_ru_ural_sr_s-auto_a-all_exp-diff-login,ural,OFF,0
2026-09-25,2026-09-25 04:00,2026-09-25 08:00,ppc_ru_IKT_sr_gen_a-all_exp-diff-login,sibir,ON,1
2026-09-25,2026-09-25 04:00,2026-09-25 08:00,ppc_ru_KJA_sr_dsa_a-all_exp-diff-login,KJA,OFF,0
2026-09-25,2026-09-25 04:00,2026-09-25 08:00,ppc_ru_KJA_sr_gen_a-all_exp-diff-login,KJA,OFF,0
2026-09-25,2026-09-25 04:00,2026-09-25 08:00,ppc_ru_KRR_sr_dsa_a-all_exp-diff-login,KRR,ON,1
2026-09-25,2026-09-25 04:00,2026-09-25 08:00,ppc_ru_KRR_sr_gen_a-all_exp-diff-login,KRR,ON,1
2026-09-25,2026-09-25 04:00,2026-09-25 08:00,ppc_ru_KRR_sr_s-auto_a-all_exp-diff-login,KRR,ON,1
2026-09-25,2026-09-25 04:00,2026-09-25 08:00,ppc_ru_KVKZ_sr_gen_a-all_exp-diff-login,KVKZ,OFF,0
2026-09-25,2026-09-25 04:00,2026-09-25 08:00,ppc_ru_KVKZ_sr_s-auto_a-all_exp-diff-login,KVKZ,OFF,0
2026-09-25,2026-09-25 04:00,2026-09-25 08:00,ppc_ru_KZN_sr_gen_a-all_exp-diff-login,KZN,ON,1
2026-09-25,2026-09-25 04:00,2026-09-25 08:00,ppc_ru_KZN_sr_s-auto_a-all_exp-diff-login,KZN,ON,1
2026-09-25,2026-09-25 04:00,2026-09-25 08:00,ppc_ru_LED_sr_dsa_a-all_exp-diff-login,LED,OFF,0
2026-09-25,2026-09-25 04:00,2026-09-25 08:00,ppc_ru_LED_sr_gen_a-all_exp-diff-login,LED,OFF,0
2026-09-25,2026-09-25 04:00,2026-09-25 08:00,ppc_ru_LED_sr_s-auto_a-all_exp-diff-login,LED,OFF,0
2026-09-25,2026-09-25 04:00,2026-09-25 08:00,ppc_ru_MOW_sr_dsa_a-all_exp-diff-login,MOW,ON,1
2026-09-25,2026-09-25 04:00,2026-09-25 08:00,ppc_ru_MOW_sr_gen_a-all_exp-diff-login,MOW,ON,1
2026-09-25,2026-09-25 04:00,2026-09-25 08:00,ppc_ru_MOW_sr_s-auto_a-all_exp-diff-login,MOW,ON,1
2026-09-25,2026-09-25 04:00,2026-09-25 08:00,ppc_ru_MOW_sr_s-auto_a-all_exp-diff-login_exp_travel-aud,MOW,ON,1
2026-09-25,2026-09-25 04:00,2026-09-25 08:00,ppc_ru_OVB_sr_dsa_a-all_exp-diff-login,OVB,ON,1
2026-09-25,2026-09-25 04:00,2026-09-25 08:00,ppc_ru_OVB_sr_gen_a-all_exp-diff-login,OVB,ON,1
2026-09-25,2026-09-25 04:00,2026-09-25 08:00,ppc_ru_SVX_sr_dsa_a-all_exp-diff-login,ural,OFF,0
2026-09-25,2026-09-25 04:00,2026-09-25 08:00,ppc_ru_SVX_sr_gen_a-all_exp-diff-login,ural,OFF,0
2026-09-25,2026-09-25 04:00,2026-09-25 08:00,ppc_ru_TJM_sr_dsa_a-all_exp-diff-login,ural,OFF,0
2026-09-25,2026-09-25 04:00,2026-09-25 08:00,ppc_ru_TJM_sr_gen_a-all_exp-diff-login,ural,OFF,0
2026-09-25,2026-09-25 04:00,2026-09-25 08:00,ppc_ru_UFA_sr_dsa_a-all_exp-diff-login,UFA,OFF,0
2026-09-25,2026-09-25 04:00,2026-09-25 08:00,ppc_ru_UFA_sr_gen_a-all_exp-diff-login,UFA,OFF,0
2026-09-25,2026-09-25 04:00,2026-09-25 08:00,ppc_ru_centr_sr_dsa_a-all_exp-diff-login,centr,OFF,0
2026-09-25,2026-09-25 04:00,2026-09-25 08:00,ppc_ru_centr_sr_gen_a-all_exp-diff-login,centr,OFF,0
2026-09-25,2026-09-25 04:00,2026-09-25 08:00,ppc_ru_sibir_sr_dsa_a-all_exp-diff-login,sibir,ON,1
2026-09-25,2026-09-25 04:00,2026-09-25 08:00,ppc_ru_sibir_sr_gen_a-all_exp-diff-login,sibir,ON,1
2026-09-25,2026-09-25 04:00,2026-09-25 08:00,ppc_ru_ural_sr_dsa_a-all_exp-diff-login,ural,OFF,0
2026-09-25,2026-09-25 04:00,2026-09-25 08:00,ppc_ru_ural_sr_gen_a-all_exp-diff-login,ural,OFF,0
2026-09-25,2026-09-25 04:00,2026-09-25 08:00,ppc_ru_ural_sr_s-auto_a-all_exp-diff-login,ural,OFF,0
2026-09-25,2026-09-25 08:00,2026-09-25 12:00,ppc_ru_IKT_sr_gen_a-all_exp-diff-login,sibir,OFF,0
2026-09-25,2026-09-25 08:00,2026-09-25 12:00,ppc_ru_KJA_sr_dsa_a-all_exp-diff-login,KJA,ON,1
2026-09-25,2026-09-25 08:00,2026-09-25 12:00,ppc_ru_KJA_sr_gen_a-all_exp-diff-login,KJA,ON,1
2026-09-25,2026-09-25 08:00,2026-09-25 12:00,ppc_ru_KRR_sr_dsa_a-all_exp-diff-login,KRR,ON,1
2026-09-25,2026-09-25 08:00,2026-09-25 12:00,ppc_ru_KRR_sr_gen_a-all_exp-diff-login,KRR,ON,1
2026-09-25,2026-09-25 08:00,2026-09-25 12:00,ppc_ru_KRR_sr_s-auto_a-all_exp-diff-login,KRR,ON,1
2026-09-25,2026-09-25 08:00,2026-09-25 12:00,ppc_ru_KVKZ_sr_gen_a-all_exp-diff-login,KVKZ,ON,1
2026-09-25,2026-09-25 08:00,2026-09-25 12:00,ppc_ru_KVKZ_sr_s-auto_a-all_exp-diff-login,KVKZ,ON,1
2026-09-25,2026-09-25 08:00,2026-09-25 12:00,ppc_ru_KZN_sr_gen_a-all_exp-diff-login,KZN,ON,1
2026-09-25,2026-09-25 08:00,2026-09-25 12:00,ppc_ru_KZN_sr_s-auto_a-all_exp-diff-login,KZN,ON,1
2026-09-25,2026-09-25 08:00,2026-09-25 12:00,ppc_ru_LED_sr_dsa_a-all_exp-diff-login,LED,ON,1
2026-09-25,2026-09-25 08:00,2026-09-25 12:00,ppc_ru_LED_sr_gen_a-all_exp-diff-login,LED,ON,1
2026-09-25,2026-09-25 08:00,2026-09-25 12:00,ppc_ru_LED_sr_s-auto_a-all_exp-diff-login,LED,ON,1
2026-09-25,2026-09-25 08:00,2026-09-25 12:00,ppc_ru_MOW_sr_dsa_a-all_exp-diff-login,MOW,ON,1
2026-09-25,2026-09-25 08:00,2026-09-25 12:00,ppc_ru_MOW_sr_gen_a-all_exp-diff-login,MOW,ON,1
2026-09-25,2026-09-25 08:00,2026-09-25 12:00,ppc_ru_MOW_sr_s-auto_a-all_exp-diff-login,MOW,ON,1
2026-09-25,2026-09-25 08:00,2026-09-25 12:00,ppc_ru_MOW_sr_s-auto_a-all_exp-diff-login_exp_travel-aud,MOW,ON,1
2026-09-25,2026-09-25 08:00,2026-09-25 12:00,ppc_ru_OVB_sr_dsa_a-all_exp-diff-login,OVB,ON,1
2026-09-25,2026-09-25 08:00,2026-09-25 12:00,ppc_ru_OVB_sr_gen_a-all_exp-diff-login,OVB,ON,1
2026-09-25,2026-09-25 08:00,2026-09-25 12:00,ppc_ru_SVX_sr_dsa_a-all_exp-diff-login,ural,OFF,0
2026-09-25,2026-09-25 08:00,2026-09-25 12:00,ppc_ru_SVX_sr_gen_a-all_exp-diff-login,ural,OFF,0
2026-09-25,2026-09-25 08:00,2026-09-25 12:00,ppc_ru_TJM_sr_dsa_a-all_exp-diff-login,ural,OFF,0
2026-09-25,2026-09-25 08:00,2026-09-25 12:00,ppc_ru_TJM_sr_gen_a-all_exp-diff-login,ural,OFF,0
2026-09-25,2026-09-25 08:00,2026-09-25 12:00,ppc_ru_UFA_sr_dsa_a-all_exp-diff-login,UFA,ON,1
2026-09-25,2026-09-25 08:00,2026-09-25 12:00,ppc_ru_UFA_sr_gen_a-all_exp-diff-login,UFA,ON,1
2026-09-25,2026-09-25 08:00,2026-09-25 12:00,ppc_ru_centr_sr_dsa_a-all_exp-diff-login,centr,OFF,0
2026-09-25,2026-09-25 08:00,2026-09-25 12:00,ppc_ru_centr_sr_gen_a-all_exp-diff-login,centr,OFF,0
2026-09-25,2026-09-25 08:00,2026-09-25 12:00,ppc_ru_sibir_sr_dsa_a-all_exp-diff-login,sibir,OFF,0
2026-09-25,2026-09-25 08:00,2026-09-25 12:00,ppc_ru_sibir_sr_gen_a-all_exp-diff-login,sibir,OFF,0
2026-09-25,2026-09-25 08:00,2026-09-25 12:00,ppc_ru_ural_sr_dsa_a-all_exp-diff-login,ural,OFF,0
2026-09-25,2026-09-25 08:00,2026-09-25 12:00,ppc_ru_ural_sr_gen_a-all_exp-diff-login,ural,OFF,0
2026-09-25,2026-09-25 08:00,2026-09-25 12:00,ppc_ru_ural_sr_s-auto_a-all_exp-diff-login,ural,OFF,0
2026-09-25,2026-09-25 12:00,2026-09-25 16:00,ppc_ru_IKT_sr_gen_a-all_exp-diff-login,sibir,OFF,0
2026-09-25,2026-09-25 12:00,2026-09-25 16:00,ppc_ru_KJA_sr_dsa_a-all_exp-diff-login,KJA,ON,1
2026-09-25,2026-09-25 12:00,2026-09-25 16:00,ppc_ru_KJA_sr_gen_a-all_exp-diff-login,KJA,ON,1
2026-09-25,2026-09-25 12:00,2026-09-25 16:00,ppc_ru_KRR_sr_dsa_a-all_exp-diff-login,KRR,OFF,0
2026-09-25,2026-09-25 12:00,2026-09-25 16:00,ppc_ru_KRR_sr_gen_a-all_exp-diff-login,KRR,OFF,0
2026-09-25,2026-09-25 12:00,2026-09-25 16:00,ppc_ru_KRR_sr_s-auto_a-all_exp-diff-login,KRR,OFF,0
2026-09-25,2026-09-25 12:00,2026-09-25 16:00,ppc_ru_KVKZ_sr_gen_a-all_exp-diff-login,KVKZ,OFF,0
2026-09-25,2026-09-25 12:00,2026-09-25 16:00,ppc_ru_KVKZ_sr_s-auto_a-all_exp-diff-login,KVKZ,OFF,0
2026-09-25,2026-09-25 12:00,2026-09-25 16:00,ppc_ru_KZN_sr_gen_a-all_exp-diff-login,KZN,OFF,0
2026-09-25,2026-09-25 12:00,2026-09-25 16:00,ppc_ru_KZN_sr_s-auto_a-all_exp-diff-login,KZN,OFF,0
2026-09-25,2026-09-25 12:00,2026-09-25 16:00,ppc_ru_LED_sr_dsa_a-all_exp-diff-login,LED,OFF,0
2026-09-25,2026-09-25 12:00,2026-09-25 16:00,ppc_ru_LED_sr_gen_a-all_exp-diff-login,LED,OFF,0
2026-09-25,2026-09-25 12:00,2026-09-25 16:00,ppc_ru_LED_sr_s-auto_a-all_exp-diff-login,LED,OFF,0
2026-09-25,2026-09-25 12:00,2026-09-25 16:00,ppc_ru_MOW_sr_dsa_a-all_exp-diff-login,MOW,ON,1
2026-09-25,2026-09-25 12:00,2026-09-25 16:00,ppc_ru_MOW_sr_gen_a-all_exp-diff-login,MOW,ON,1
2026-09-25,2026-09-25 12:00,2026-09-25 16:00,ppc_ru_MOW_sr_s-auto_a-all_exp-diff-login,MOW,ON,1
2026-09-25,2026-09-25 12:00,2026-09-25 16:00,ppc_ru_MOW_sr_s-auto_a-all_exp-diff-login_exp_travel-aud,MOW,ON,1
2026-09-25,2026-09-25 12:00,2026-09-25 16:00,ppc_ru_OVB_sr_dsa_a-all_exp-diff-login,OVB,ON,1
2026-09-25,2026-09-25 12:00,2026-09-25 16:00,ppc_ru_OVB_sr_gen_a-all_exp-diff-login,OVB,ON,1
2026-09-25,2026-09-25 12:00,2026-09-25 16:00,ppc_ru_SVX_sr_dsa_a-all_exp-diff-login,ural,ON,1
2026-09-25,2026-09-25 12:00,2026-09-25 16:00,ppc_ru_SVX_sr_gen_a-all_exp-diff-login,ural,ON,1
2026-09-25,2026-09-25 12:00,2026-09-25 16:00,ppc_ru_TJM_sr_dsa_a-all_exp-diff-login,ural,ON,1
2026-09-25,2026-09-25 12:00,2026-09-25 16:00,ppc_ru_TJM_sr_gen_a-all_exp-diff-login,ural,ON,1
2026-09-25,2026-09-25 12:00,2026-09-25 16:00,ppc_ru_UFA_sr_dsa_a-all_exp-diff-login,UFA,ON,1
2026-09-25,2026-09-25 12:00,2026-09-25 16:00,ppc_ru_UFA_sr_gen_a-all_exp-diff-login,UFA,ON,1
2026-09-25,2026-09-25 12:00,2026-09-25 16:00,ppc_ru_centr_sr_dsa_a-all_exp-diff-login,centr,ON,1
2026-09-25,2026-09-25 12:00,2026-09-25 16:00,ppc_ru_centr_sr_gen_a-all_exp-diff-login,centr,ON,1
2026-09-25,2026-09-25 12:00,2026-09-25 16:00,ppc_ru_sibir_sr_dsa_a-all_exp-diff-login,sibir,OFF,0
2026-09-25,2026-09-25 12:00,2026-09-25 16:00,ppc_ru_sibir_sr_gen_a-all_exp-diff-login,sibir,OFF,0
2026-09-25,2026-09-25 12:00,2026-09-25 16:00,ppc_ru_ural_sr_dsa_a-all_exp-diff-login,ural,ON,1
2026-09-25,2026-09-25 12:00,2026-09-25 16:00,ppc_ru_ural_sr_gen_a-all_exp-diff-login,ural,ON,1
2026-09-25,2026-09-25 12:00,2026-09-25 16:00,ppc_ru_ural_sr_s-auto_a-all_exp-diff-login,ural,ON,1
2026-09-25,2026-09-25 16:00,2026-09-25 20:00,ppc_ru_IKT_sr_gen_a-all_exp-diff-login,sibir,ON,1
2026-09-25,2026-09-25 16:00,2026-09-25 20:00,ppc_ru_KJA_sr_dsa_a-all_exp-diff-login,KJA,OFF,0
2026-09-25,2026-09-25 16:00,2026-09-25 20:00,ppc_ru_KJA_sr_gen_a-all_exp-diff-login,KJA,OFF,0
2026-09-25,2026-09-25 16:00,2026-09-25 20:00,ppc_ru_KRR_sr_dsa_a-all_exp-diff-login,KRR,ON,1
2026-09-25,2026-09-25 16:00,2026-09-25 20:00,ppc_ru_KRR_sr_gen_a-all_exp-diff-login,KRR,ON,1
2026-09-25,2026-09-25 16:00,2026-09-25 20:00,ppc_ru_KRR_sr_s-auto_a-all_exp-diff-login,KRR,ON,1
2026-09-25,2026-09-25 16:00,2026-09-25 20:00,ppc_ru_KVKZ_sr_gen_a-all_exp-diff-login,KVKZ,ON,1
2026-09-25,2026-09-25 16:00,2026-09-25 20:00,ppc_ru_KVKZ_sr_s-auto_a-all_exp-diff-login,KVKZ,ON,1
2026-09-25,2026-09-25 16:00,2026-09-25 20:00,ppc_ru_KZN_sr_gen_a-all_exp-diff-login,KZN,ON,1
2026-09-25,2026-09-25 16:00,2026-09-25 20:00,ppc_ru_KZN_sr_s-auto_a-all_exp-diff-login,KZN,ON,1
2026-09-25,2026-09-25 16:00,2026-09-25 20:00,ppc_ru_LED_sr_dsa_a-all_exp-diff-login,LED,OFF,0
2026-09-25,2026-09-25 16:00,2026-09-25 20:00,ppc_ru_LED_sr_gen_a-all_exp-diff-login,LED,OFF,0
2026-09-25,2026-09-25 16:00,2026-09-25 20:00,ppc_ru_LED_sr_s-auto_a-all_exp-diff-login,LED,OFF,0
2026-09-25,2026-09-25 16:00,2026-09-25 20:00,ppc_ru_MOW_sr_dsa_a-all_exp-diff-login,MOW,OFF,0
2026-09-25,2026-09-25 16:00,2026-09-25 20:00,ppc_ru_MOW_sr_gen_a-all_exp-diff-login,MOW,OFF,0
2026-09-25,2026-09-25 16:00,2026-09-25 20:00,ppc_ru_MOW_sr_s-auto_a-all_exp-diff-login,MOW,OFF,0
2026-09-25,2026-09-25 16:00,2026-09-25 20:00,ppc_ru_MOW_sr_s-auto_a-all_exp-diff-login_exp_travel-aud,MOW,OFF,0
2026-09-25,2026-09-25 16:00,2026-09-25 20:00,ppc_ru_OVB_sr_dsa_a-all_exp-diff-login,OVB,OFF,0
2026-09-25,2026-09-25 16:00,2026-09-25 20:00,ppc_ru_OVB_sr_gen_a-all_exp-diff-login,OVB,OFF,0
2026-09-25,2026-09-25 16:00,2026-09-25 20:00,ppc_ru_SVX_sr_dsa_a-all_exp-diff-login,ural,ON,1
2026-09-25,2026-09-25 16:00,2026-09-25 20:00,ppc_ru_SVX_sr_gen_a-all_exp-diff-login,ural,ON,1
2026-09-25,2026-09-25 16:00,2026-09-25 20:00,ppc_ru_TJM_sr_dsa_a-all_exp-diff-login,ural,ON,1
2026-09-25,2026-09-25 16:00,2026-09-25 20:00,ppc_ru_TJM_sr_gen_a-all_exp-diff-login,ural,ON,1
2026-09-25,2026-09-25 16:00,2026-09-25 20:00,ppc_ru_UFA_sr_dsa_a-all_exp-diff-login,UFA,OFF,0
2026-09-25,2026-09-25 16:00,2026-09-25 20:00,ppc_ru_UFA_sr_gen_a-all_exp-diff-login,UFA,OFF,0
2026-09-25,2026-09-25 16:00,2026-09-25 20:00,ppc_ru_centr_sr_dsa_a-all_exp-diff-login,centr,OFF,0
2026-09-25,2026-09-25 16:00,2026-09-25 20:00,ppc_ru_centr_sr_gen_a-all_exp-diff-login,centr,OFF,0
2026-09-25,2026-09-25 16:00,2026-09-25 20:00,ppc_ru_sibir_sr_dsa_a-all_exp-diff-login,sibir,ON,1
2026-09-25,2026-09-25 16:00,2026-09-25 20:00,ppc_ru_sibir_sr_gen_a-all_exp-diff-login,sibir,ON,1
2026-09-25,2026-09-25 16:00,2026-09-25 20:00,ppc_ru_ural_sr_dsa_a-all_exp-diff-login,ural,ON,1
2026-09-25,2026-09-25 16:00,2026-09-25 20:00,ppc_ru_ural_sr_gen_a-all_exp-diff-login,ural,ON,1
2026-09-25,2026-09-25 16:00,2026-09-25 20:00,ppc_ru_ural_sr_s-auto_a-all_exp-diff-login,ural,ON,1
2026-09-25,2026-09-25 20:00,2026-09-26 00:00,ppc_ru_IKT_sr_gen_a-all_exp-diff-login,sibir,ON,1
2026-09-25,2026-09-25 20:00,2026-09-26 00:00,ppc_ru_KJA_sr_dsa_a-all_exp-diff-login,KJA,OFF,0
2026-09-25,2026-09-25 20:00,2026-09-26 00:00,ppc_ru_KJA_sr_gen_a-all_exp-diff-login,KJA,OFF,0
2026-09-25,2026-09-25 20:00,2026-09-26 00:00,ppc_ru_KRR_sr_dsa_a-all_exp-diff-login,KRR,OFF,0
2026-09-25,2026-09-25 20:00,2026-09-26 00:00,ppc_ru_KRR_sr_gen_a-all_exp-diff-login,KRR,OFF,0
2026-09-25,2026-09-25 20:00,2026-09-26 00:00,ppc_ru_KRR_sr_s-auto_a-all_exp-diff-login,KRR,OFF,0
2026-09-25,2026-09-25 20:00,2026-09-26 00:00,ppc_ru_KVKZ_sr_gen_a-all_exp-diff-login,KVKZ,OFF,0
2026-09-25,2026-09-25 20:00,2026-09-26 00:00,ppc_ru_KVKZ_sr_s-auto_a-all_exp-diff-login,KVKZ,OFF,0
2026-09-25,2026-09-25 20:00,2026-09-26 00:00,ppc_ru_KZN_sr_gen_a-all_exp-diff-login,KZN,OFF,0
2026-09-25,2026-09-25 20:00,2026-09-26 00:00,ppc_ru_KZN_sr_s-auto_a-all_exp-diff-login,KZN,OFF,0
2026-09-25,2026-09-25 20:00,2026-09-26 00:00,ppc_ru_LED_sr_dsa_a-all_exp-diff-login,LED,ON,1
2026-09-25,2026-09-25 20:00,2026-09-26 00:00,ppc_ru_LED_sr_gen_a-all_exp-diff-login,LED,ON,1
2026-09-25,2026-09-25 20:00,2026-09-26 00:00,ppc_ru_LED_sr_s-auto_a-all_exp-diff-login,LED,ON,1
2026-09-25,2026-09-25 20:00,2026-09-26 00:00,ppc_ru_MOW_sr_dsa_a-all_exp-diff-login,MOW,OFF,0
2026-09-25,2026-09-25 20:00,2026-09-26 00:00,ppc_ru_MOW_sr_gen_a-all_exp-diff-login,MOW,OFF,0
2026-09-25,2026-09-25 20:00,2026-09-26 00:00,ppc_ru_MOW_sr_s-auto_a-all_exp-diff-login,MOW,OFF,0
2026-09-25,2026-09-25 20:00,2026-09-26 00:00,ppc_ru_MOW_sr_s-auto_a-all_exp-diff-login_exp_travel-aud,MOW,OFF,0
2026-09-25,2026-09-25 20:00,2026-09-26 00:00,ppc_ru_OVB_sr_dsa_a-all_exp-diff-login,OVB,OFF,0
2026-09-25,2026-09-25 20:00,2026-09-26 00:00,ppc_ru_OVB_sr_gen_a-all_exp-diff-login,OVB,OFF,0
2026-09-25,2026-09-25 20:00,2026-09-26 00:00,ppc_ru_SVX_sr_dsa_a-all_exp-diff-login,ural,ON,1
2026-09-25,2026-09-25 20:00,2026-09-26 00:00,ppc_ru_SVX_sr_gen_a-all_exp-diff-login,ural,ON,1
2026-09-25,2026-09-25 20:00,2026-09-26 00:00,ppc_ru_TJM_sr_dsa_a-all_exp-diff-login,ural,ON,1
2026-09-25,2026-09-25 20:00,2026-09-26 00:00,ppc_ru_TJM_sr_gen_a-all_exp-diff-login,ural,ON,1
2026-09-25,2026-09-25 20:00,2026-09-26 00:00,ppc_ru_UFA_sr_dsa_a-all_exp-diff-login,UFA,ON,1
2026-09-25,2026-09-25 20:00,2026-09-26 00:00,ppc_ru_UFA_sr_gen_a-all_exp-diff-login,UFA,ON,1
2026-09-25,2026-09-25 20:00,2026-09-26 00:00,ppc_ru_centr_sr_dsa_a-all_exp-diff-login,centr,ON,1
2026-09-25,2026-09-25 20:00,2026-09-26 00:00,ppc_ru_centr_sr_gen_a-all_exp-diff-login,centr,ON,1
2026-09-25,2026-09-25 20:00,2026-09-26 00:00,ppc_ru_sibir_sr_dsa_a-all_exp-diff-login,sibir,ON,1
2026-09-25,2026-09-25 20:00,2026-09-26 00:00,ppc_ru_sibir_sr_gen_a-all_exp-diff-login,sibir,ON,1
2026-09-25,2026-09-25 20:00,2026-09-26 00:00,ppc_ru_ural_sr_dsa_a-all_exp-diff-login,ural,ON,1
2026-09-25,2026-09-25 20:00,2026-09-26 00:00,ppc_ru_ural_sr_gen_a-all_exp-diff-login,ural,ON,1
2026-09-25,2026-09-25 20:00,2026-09-26 00:00,ppc_ru_ural_sr_s-auto_a-all_exp-diff-login,ural,ON,1
2026-09-26,2026-09-26 00:00,2026-09-26 04:00,ppc_ru_IKT_sr_gen_a-all_exp-diff-login,sibir,OFF,0
2026-09-26,2026-09-26 00:00,2026-09-26 04:00,ppc_ru_KJA_sr_dsa_a-all_exp-diff-login,KJA,ON,1
2026-09-26,2026-09-26 00:00,2026-09-26 04:00,ppc_ru_KJA_sr_gen_a-all_exp-diff-login,KJA,ON,1
2026-09-26,2026-09-26 00:00,2026-09-26 04:00,ppc_ru_KRR_sr_dsa_a-all_exp-diff-login,KRR,ON,1
2026-09-26,2026-09-26 00:00,2026-09-26 04:00,ppc_ru_KRR_sr_gen_a-all_exp-diff-login,KRR,ON,1
2026-09-26,2026-09-26 00:00,2026-09-26 04:00,ppc_ru_KRR_sr_s-auto_a-all_exp-diff-login,KRR,ON,1
2026-09-26,2026-09-26 00:00,2026-09-26 04:00,ppc_ru_KVKZ_sr_gen_a-all_exp-diff-login,KVKZ,OFF,0
2026-09-26,2026-09-26 00:00,2026-09-26 04:00,ppc_ru_KVKZ_sr_s-auto_a-all_exp-diff-login,KVKZ,OFF,0
2026-09-26,2026-09-26 00:00,2026-09-26 04:00,ppc_ru_KZN_sr_gen_a-all_exp-diff-login,KZN,OFF,0
2026-09-26,2026-09-26 00:00,2026-09-26 04:00,ppc_ru_KZN_sr_s-auto_a-all_exp-diff-login,KZN,OFF,0
2026-09-26,2026-09-26 00:00,2026-09-26 04:00,ppc_ru_LED_sr_dsa_a-all_exp-diff-login,LED,ON,1
2026-09-26,2026-09-26 00:00,2026-09-26 04:00,ppc_ru_LED_sr_gen_a-all_exp-diff-login,LED,ON,1
2026-09-26,2026-09-26 00:00,2026-09-26 04:00,ppc_ru_LED_sr_s-auto_a-all_exp-diff-login,LED,ON,1
2026-09-26,2026-09-26 00:00,2026-09-26 04:00,ppc_ru_MOW_sr_dsa_a-all_exp-diff-login,MOW,OFF,0
2026-09-26,2026-09-26 00:00,2026-09-26 04:00,ppc_ru_MOW_sr_gen_a-all_exp-diff-login,MOW,OFF,0
2026-09-26,2026-09-26 00:00,2026-09-26 04:00,ppc_ru_MOW_sr_s-auto_a-all_exp-diff-login,MOW,OFF,0
2026-09-26,2026-09-26 00:00,2026-09-26 04:00,ppc_ru_MOW_sr_s-auto_a-all_exp-diff-login_exp_travel-aud,MOW,OFF,0
2026-09-26,2026-09-26 00:00,2026-09-26 04:00,ppc_ru_OVB_sr_dsa_a-all_exp-diff-login,OVB,OFF,0
2026-09-26,2026-09-26 00:00,2026-09-26 04:00,ppc_ru_OVB_sr_gen_a-all_exp-diff-login,OVB,OFF,0
2026-09-26,2026-09-26 00:00,2026-09-26 04:00,ppc_ru_SVX_sr_dsa_a-all_exp-diff-login,ural,ON,1
2026-09-26,2026-09-26 00:00,2026-09-26 04:00,ppc_ru_SVX_sr_gen_a-all_exp-diff-login,ural,ON,1
2026-09-26,2026-09-26 00:00,2026-09-26 04:00,ppc_ru_TJM_sr_dsa_a-all_exp-diff-login,ural,ON,1
2026-09-26,2026-09-26 00:00,2026-09-26 04:00,ppc_ru_TJM_sr_gen_a-all_exp-diff-login,ural,ON,1
2026-09-26,2026-09-26 00:00,2026-09-26 04:00,ppc_ru_UFA_sr_dsa_a-all_exp-diff-login,UFA,OFF,0
2026-09-26,2026-09-26 00:00,2026-09-26 04:00,ppc_ru_UFA_sr_gen_a-all_exp-diff-login,UFA,OFF,0
2026-09-26,2026-09-26 00:00,2026-09-26 04:00,ppc_ru_centr_sr_dsa_a-all_exp-diff-login,centr,OFF,0
2026-09-26,2026-09-26 00:00,2026-09-26 04:00,ppc_ru_centr_sr_gen_a-all_exp-diff-login,centr,OFF,0
2026-09-26,2026-09-26 00:00,2026-09-26 04:00,ppc_ru_sibir_sr_dsa_a-all_exp-diff-login,sibir,OFF,0
2026-09-26,2026-09-26 00:00,2026-09-26 04:00,ppc_ru_sibir_sr_gen_a-all_exp-diff-login,sibir,OFF,0
2026-09-26,2026-09-26 00:00,2026-09-26 04:00,ppc_ru_ural_sr_dsa_a-all_exp-diff-login,ural,ON,1
2026-09-26,2026-09-26 00:00,2026-09-26 04:00,ppc_ru_ural_sr_gen_a-all_exp-diff-login,ural,ON,1
2026-09-26,2026-09-26 00:00,2026-09-26 04:00,ppc_ru_ural_sr_s-auto_a-all_exp-diff-login,ural,ON,1
2026-09-26,2026-09-26 04:00,2026-09-26 08:00,ppc_ru_IKT_sr_gen_a-all_exp-diff-login,sibir,ON,1
2026-09-26,2026-09-26 04:00,2026-09-26 08:00,ppc_ru_KJA_sr_dsa_a-all_exp-diff-login,KJA,OFF,0
2026-09-26,2026-09-26 04:00,2026-09-26 08:00,ppc_ru_KJA_sr_gen_a-all_exp-diff-login,KJA,OFF,0
2026-09-26,2026-09-26 04:00,2026-09-26 08:00,ppc_ru_KRR_sr_dsa_a-all_exp-diff-login,KRR,OFF,0
2026-09-26,2026-09-26 04:00,2026-09-26 08:00,ppc_ru_KRR_sr_gen_a-all_exp-diff-login,KRR,OFF,0
2026-09-26,2026-09-26 04:00,2026-09-26 08:00,ppc_ru_KRR_sr_s-auto_a-all_exp-diff-login,KRR,OFF,0
2026-09-26,2026-09-26 04:00,2026-09-26 08:00,ppc_ru_KVKZ_sr_gen_a-all_exp-diff-login,KVKZ,OFF,0
2026-09-26,2026-09-26 04:00,2026-09-26 08:00,ppc_ru_KVKZ_sr_s-auto_a-all_exp-diff-login,KVKZ,OFF,0
2026-09-26,2026-09-26 04:00,2026-09-26 08:00,ppc_ru_KZN_sr_gen_a-all_exp-diff-login,KZN,ON,1
2026-09-26,2026-09-26 04:00,2026-09-26 08:00,ppc_ru_KZN_sr_s-auto_a-all_exp-diff-login,KZN,ON,1
2026-09-26,2026-09-26 04:00,2026-09-26 08:00,ppc_ru_LED_sr_dsa_a-all_exp-diff-login,LED,ON,1
2026-09-26,2026-09-26 04:00,2026-09-26 08:00,ppc_ru_LED_sr_gen_a-all_exp-diff-login,LED,ON,1
2026-09-26,2026-09-26 04:00,2026-09-26 08:00,ppc_ru_LED_sr_s-auto_a-all_exp-diff-login,LED,ON,1
2026-09-26,2026-09-26 04:00,2026-09-26 08:00,ppc_ru_MOW_sr_dsa_a-all_exp-diff-login,MOW,ON,1
2026-09-26,2026-09-26 04:00,2026-09-26 08:00,ppc_ru_MOW_sr_gen_a-all_exp-diff-login,MOW,ON,1
2026-09-26,2026-09-26 04:00,2026-09-26 08:00,ppc_ru_MOW_sr_s-auto_a-all_exp-diff-login,MOW,ON,1
2026-09-26,2026-09-26 04:00,2026-09-26 08:00,ppc_ru_MOW_sr_s-auto_a-all_exp-diff-login_exp_travel-aud,MOW,ON,1
2026-09-26,2026-09-26 04:00,2026-09-26 08:00,ppc_ru_OVB_sr_dsa_a-all_exp-diff-login,OVB,ON,1
2026-09-26,2026-09-26 04:00,2026-09-26 08:00,ppc_ru_OVB_sr_gen_a-all_exp-diff-login,OVB,ON,1
2026-09-26,2026-09-26 04:00,2026-09-26 08:00,ppc_ru_SVX_sr_dsa_a-all_exp-diff-login,ural,OFF,0
2026-09-26,2026-09-26 04:00,2026-09-26 08:00,ppc_ru_SVX_sr_gen_a-all_exp-diff-login,ural,OFF,0
2026-09-26,2026-09-26 04:00,2026-09-26 08:00,ppc_ru_TJM_sr_dsa_a-all_exp-diff-login,ural,OFF,0
2026-09-26,2026-09-26 04:00,2026-09-26 08:00,ppc_ru_TJM_sr_gen_a-all_exp-diff-login,ural,OFF,0
2026-09-26,2026-09-26 04:00,2026-09-26 08:00,ppc_ru_UFA_sr_dsa_a-all_exp-diff-login,UFA,ON,1
2026-09-26,2026-09-26 04:00,2026-09-26 08:00,ppc_ru_UFA_sr_gen_a-all_exp-diff-login,UFA,ON,1
2026-09-26,2026-09-26 04:00,2026-09-26 08:00,ppc_ru_centr_sr_dsa_a-all_exp-diff-login,centr,OFF,0
2026-09-26,2026-09-26 04:00,2026-09-26 08:00,ppc_ru_centr_sr_gen_a-all_exp-diff-login,centr,OFF,0
2026-09-26,2026-09-26 04:00,2026-09-26 08:00,ppc_ru_sibir_sr_dsa_a-all_exp-diff-login,sibir,ON,1
2026-09-26,2026-09-26 04:00,2026-09-26 08:00,ppc_ru_sibir_sr_gen_a-all_exp-diff-login,sibir,ON,1
2026-09-26,2026-09-26 04:00,2026-09-26 08:00,ppc_ru_ural_sr_dsa_a-all_exp-diff-login,ural,OFF,0
2026-09-26,2026-09-26 04:00,2026-09-26 08:00,ppc_ru_ural_sr_gen_a-all_exp-diff-login,ural,OFF,0
2026-09-26,2026-09-26 04:00,2026-09-26 08:00,ppc_ru_ural_sr_s-auto_a-all_exp-diff-login,ural,OFF,0
2026-09-26,2026-09-26 08:00,2026-09-26 12:00,ppc_ru_IKT_sr_gen_a-all_exp-diff-login,sibir,ON,1
2026-09-26,2026-09-26 08:00,2026-09-26 12:00,ppc_ru_KJA_sr_dsa_a-all_exp-diff-login,KJA,ON,1
2026-09-26,2026-09-26 08:00,2026-09-26 12:00,ppc_ru_KJA_sr_gen_a-all_exp-diff-login,KJA,ON,1
2026-09-26,2026-09-26 08:00,2026-09-26 12:00,ppc_ru_KRR_sr_dsa_a-all_exp-diff-login,KRR,ON,1
2026-09-26,2026-09-26 08:00,2026-09-26 12:00,ppc_ru_KRR_sr_gen_a-all_exp-diff-login,KRR,ON,1
2026-09-26,2026-09-26 08:00,2026-09-26 12:00,ppc_ru_KRR_sr_s-auto_a-all_exp-diff-login,KRR,ON,1
2026-09-26,2026-09-26 08:00,2026-09-26 12:00,ppc_ru_KVKZ_sr_gen_a-all_exp-diff-login,KVKZ,ON,1
2026-09-26,2026-09-26 08:00,2026-09-26 12:00,ppc_ru_KVKZ_sr_s-auto_a-all_exp-diff-login,KVKZ,ON,1
2026-09-26,2026-09-26 08:00,2026-09-26 12:00,ppc_ru_KZN_sr_gen_a-all_exp-diff-login,KZN,OFF,0
2026-09-26,2026-09-26 08:00,2026-09-26 12:00,ppc_ru_KZN_sr_s-auto_a-all_exp-diff-login,KZN,OFF,0
2026-09-26,2026-09-26 08:00,2026-09-26 12:00,ppc_ru_LED_sr_dsa_a-all_exp-diff-login,LED,OFF,0
2026-09-26,2026-09-26 08:00,2026-09-26 12:00,ppc_ru_LED_sr_gen_a-all_exp-diff-login,LED,OFF,0
2026-09-26,2026-09-26 08:00,2026-09-26 12:00,ppc_ru_LED_sr_s-auto_a-all_exp-diff-login,LED,OFF,0
2026-09-26,2026-09-26 08:00,2026-09-26 12:00,ppc_ru_MOW_sr_dsa_a-all_exp-diff-login,MOW,ON,1
2026-09-26,2026-09-26 08:00,2026-09-26 12:00,ppc_ru_MOW_sr_gen_a-all_exp-diff-login,MOW,ON,1
2026-09-26,2026-09-26 08:00,2026-09-26 12:00,ppc_ru_MOW_sr_s-auto_a-all_exp-diff-login,MOW,ON,1
2026-09-26,2026-09-26 08:00,2026-09-26 12:00,ppc_ru_MOW_sr_s-auto_a-all_exp-diff-login_exp_travel-aud,MOW,ON,1
2026-09-26,2026-09-26 08:00,2026-09-26 12:00,ppc_ru_OVB_sr_dsa_a-all_exp-diff-login,OVB,ON,1
2026-09-26,2026-09-26 08:00,2026-09-26 12:00,ppc_ru_OVB_sr_gen_a-all_exp-diff-login,OVB,ON,1
2026-09-26,2026-09-26 08:00,2026-09-26 12:00,ppc_ru_SVX_sr_dsa_a-all_exp-diff-login,ural,OFF,0
2026-09-26,2026-09-26 08:00,2026-09-26 12:00,ppc_ru_SVX_sr_gen_a-all_exp-diff-login,ural,OFF,0
2026-09-26,2026-09-26 08:00,2026-09-26 12:00,ppc_ru_TJM_sr_dsa_a-all_exp-diff-login,ural,OFF,0
2026-09-26,2026-09-26 08:00,2026-09-26 12:00,ppc_ru_TJM_sr_gen_a-all_exp-diff-login,ural,OFF,0
2026-09-26,2026-09-26 08:00,2026-09-26 12:00,ppc_ru_UFA_sr_dsa_a-all_exp-diff-login,UFA,ON,1
2026-09-26,2026-09-26 08:00,2026-09-26 12:00,ppc_ru_UFA_sr_gen_a-all_exp-diff-login,UFA,ON,1
2026-09-26,2026-09-26 08:00,2026-09-26 12:00,ppc_ru_centr_sr_dsa_a-all_exp-diff-login,centr,ON,1
2026-09-26,2026-09-26 08:00,2026-09-26 12:00,ppc_ru_centr_sr_gen_a-all_exp-diff-login,centr,ON,1
2026-09-26,2026-09-26 08:00,2026-09-26 12:00,ppc_ru_sibir_sr_dsa_a-all_exp-diff-login,sibir,ON,1
2026-09-26,2026-09-26 08:00,2026-09-26 12:00,ppc_ru_sibir_sr_gen_a-all_exp-diff-login,sibir,ON,1
2026-09-26,2026-09-26 08:00,2026-09-26 12:00,ppc_ru_ural_sr_dsa_a-all_exp-diff-login,ural,OFF,0
2026-09-26,2026-09-26 08:00,2026-09-26 12:00,ppc_ru_ural_sr_gen_a-all_exp-diff-login,ural,OFF,0
2026-09-26,2026-09-26 08:00,2026-09-26 12:00,ppc_ru_ural_sr_s-auto_a-all_exp-diff-login,ural,OFF,0
2026-09-26,2026-09-26 12:00,2026-09-26 16:00,ppc_ru_IKT_sr_gen_a-all_exp-diff-login,sibir,OFF,0
2026-09-26,2026-09-26 12:00,2026-09-26 16:00,ppc_ru_KJA_sr_dsa_a-all_exp-diff-login,KJA,OFF,0
2026-09-26,2026-09-26 12:00,2026-09-26 16:00,ppc_ru_KJA_sr_gen_a-all_exp-diff-login,KJA,OFF,0
2026-09-26,2026-09-26 12:00,2026-09-26 16:00,ppc_ru_KRR_sr_dsa_a-all_exp-diff-login,KRR,ON,1
2026-09-26,2026-09-26 12:00,2026-09-26 16:00,ppc_ru_KRR_sr_gen_a-all_exp-diff-login,KRR,ON,1
2026-09-26,2026-09-26 12:00,2026-09-26 16:00,ppc_ru_KRR_sr_s-auto_a-all_exp-diff-login,KRR,ON,1
2026-09-26,2026-09-26 12:00,2026-09-26 16:00,ppc_ru_KVKZ_sr_gen_a-all_exp-diff-login,KVKZ,ON,1
2026-09-26,2026-09-26 12:00,2026-09-26 16:00,ppc_ru_KVKZ_sr_s-auto_a-all_exp-diff-login,KVKZ,ON,1
2026-09-26,2026-09-26 12:00,2026-09-26 16:00,ppc_ru_KZN_sr_gen_a-all_exp-diff-login,KZN,ON,1
2026-09-26,2026-09-26 12:00,2026-09-26 16:00,ppc_ru_KZN_sr_s-auto_a-all_exp-diff-login,KZN,ON,1
2026-09-26,2026-09-26 12:00,2026-09-26 16:00,ppc_ru_LED_sr_dsa_a-all_exp-diff-login,LED,ON,1
2026-09-26,2026-09-26 12:00,2026-09-26 16:00,ppc_ru_LED_sr_gen_a-all_exp-diff-login,LED,ON,1
2026-09-26,2026-09-26 12:00,2026-09-26 16:00,ppc_ru_LED_sr_s-auto_a-all_exp-diff-login,LED,ON,1
2026-09-26,2026-09-26 12:00,2026-09-26 16:00,ppc_ru_MOW_sr_dsa_a-all_exp-diff-login,MOW,ON,1
2026-09-26,2026-09-26 12:00,2026-09-26 16:00,ppc_ru_MOW_sr_gen_a-all_exp-diff-login,MOW,ON,1
2026-09-26,2026-09-26 12:00,2026-09-26 16:00,ppc_ru_MOW_sr_s-auto_a-all_exp-diff-login,MOW,ON,1
2026-09-26,2026-09-26 12:00,2026-09-26 16:00,ppc_ru_MOW_sr_s-auto_a-all_exp-diff-login_exp_travel-aud,MOW,ON,1
2026-09-26,2026-09-26 12:00,2026-09-26 16:00,ppc_ru_OVB_sr_dsa_a-all_exp-diff-login,OVB,OFF,0
2026-09-26,2026-09-26 12:00,2026-09-26 16:00,ppc_ru_OVB_sr_gen_a-all_exp-diff-login,OVB,OFF,0
2026-09-26,2026-09-26 12:00,2026-09-26 16:00,ppc_ru_SVX_sr_dsa_a-all_exp-diff-login,ural,ON,1
2026-09-26,2026-09-26 12:00,2026-09-26 16:00,ppc_ru_SVX_sr_gen_a-all_exp-diff-login,ural,ON,1
2026-09-26,2026-09-26 12:00,2026-09-26 16:00,ppc_ru_TJM_sr_dsa_a-all_exp-diff-login,ural,ON,1
2026-09-26,2026-09-26 12:00,2026-09-26 16:00,ppc_ru_TJM_sr_gen_a-all_exp-diff-login,ural,ON,1
2026-09-26,2026-09-26 12:00,2026-09-26 16:00,ppc_ru_UFA_sr_dsa_a-all_exp-diff-login,UFA,ON,1
2026-09-26,2026-09-26 12:00,2026-09-26 16:00,ppc_ru_UFA_sr_gen_a-all_exp-diff-login,UFA,ON,1
2026-09-26,2026-09-26 12:00,2026-09-26 16:00,ppc_ru_centr_sr_dsa_a-all_exp-diff-login,centr,ON,1
2026-09-26,2026-09-26 12:00,2026-09-26 16:00,ppc_ru_centr_sr_gen_a-all_exp-diff-login,centr,ON,1
2026-09-26,2026-09-26 12:00,2026-09-26 16:00,ppc_ru_sibir_sr_dsa_a-all_exp-diff-login,sibir,OFF,0
2026-09-26,2026-09-26 12:00,2026-09-26 16:00,ppc_ru_sibir_sr_gen_a-all_exp-diff-login,sibir,OFF,0
2026-09-26,2026-09-26 12:00,2026-09-26 16:00,ppc_ru_ural_sr_dsa_a-all_exp-diff-login,ural,ON,1
2026-09-26,2026-09-26 12:00,2026-09-26 16:00,ppc_ru_ural_sr_gen_a-all_exp-diff-login,ural,ON,1
2026-09-26,2026-09-26 12:00,2026-09-26 16:00,ppc_ru_ural_sr_s-auto_a-all_exp-diff-login,ural,ON,1
2026-09-26,2026-09-26 16:00,2026-09-26 20:00,ppc_ru_IKT_sr_gen_a-all_exp-diff-login,sibir,OFF,0
2026-09-26,2026-09-26 16:00,2026-09-26 20:00,ppc_ru_KJA_sr_dsa_a-all_exp-diff-login,KJA,OFF,0
2026-09-26,2026-09-26 16:00,2026-09-26 20:00,ppc_ru_KJA_sr_gen_a-all_exp-diff-login,KJA,OFF,0
2026-09-26,2026-09-26 16:00,2026-09-26 20:00,ppc_ru_KRR_sr_dsa_a-all_exp-diff-login,KRR,OFF,0
2026-09-26,2026-09-26 16:00,2026-09-26 20:00,ppc_ru_KRR_sr_gen_a-all_exp-diff-login,KRR,OFF,0
2026-09-26,2026-09-26 16:00,2026-09-26 20:00,ppc_ru_KRR_sr_s-auto_a-all_exp-diff-login,KRR,OFF,0
2026-09-26,2026-09-26 16:00,2026-09-26 20:00,ppc_ru_KVKZ_sr_gen_a-all_exp-diff-login,KVKZ,ON,1
2026-09-26,2026-09-26 16:00,2026-09-26 20:00,ppc_ru_KVKZ_sr_s-auto_a-all_exp-diff-login,KVKZ,ON,1
2026-09-26,2026-09-26 16:00,2026-09-26 20:00,ppc_ru_KZN_sr_gen_a-all_exp-diff-login,KZN,OFF,0
2026-09-26,2026-09-26 16:00,2026-09-26 20:00,ppc_ru_KZN_sr_s-auto_a-all_exp-diff-login,KZN,OFF,0
2026-09-26,2026-09-26 16:00,2026-09-26 20:00,ppc_ru_LED_sr_dsa_a-all_exp-diff-login,LED,OFF,0
2026-09-26,2026-09-26 16:00,2026-09-26 20:00,ppc_ru_LED_sr_gen_a-all_exp-diff-login,LED,OFF,0
2026-09-26,2026-09-26 16:00,2026-09-26 20:00,ppc_ru_LED_sr_s-auto_a-all_exp-diff-login,LED,OFF,0
2026-09-26,2026-09-26 16:00,2026-09-26 20:00,ppc_ru_MOW_sr_dsa_a-all_exp-diff-login,MOW,OFF,0
2026-09-26,2026-09-26 16:00,2026-09-26 20:00,ppc_ru_MOW_sr_gen_a-all_exp-diff-login,MOW,OFF,0
2026-09-26,2026-09-26 16:00,2026-09-26 20:00,ppc_ru_MOW_sr_s-auto_a-all_exp-diff-login,MOW,OFF,0
2026-09-26,2026-09-26 16:00,2026-09-26 20:00,ppc_ru_MOW_sr_s-auto_a-all_exp-diff-login_exp_travel-aud,MOW,OFF,0
2026-09-26,2026-09-26 16:00,2026-09-26 20:00,ppc_ru_OVB_sr_dsa_a-all_exp-diff-login,OVB,ON,1
2026-09-26,2026-09-26 16:00,2026-09-26 20:00,ppc_ru_OVB_sr_gen_a-all_exp-diff-login,OVB,ON,1
2026-09-26,2026-09-26 16:00,2026-09-26 20:00,ppc_ru_SVX_sr_dsa_a-all_exp-diff-login,ural,ON,1
2026-09-26,2026-09-26 16:00,2026-09-26 20:00,ppc_ru_SVX_sr_gen_a-all_exp-diff-login,ural,ON,1
2026-09-26,2026-09-26 16:00,2026-09-26 20:00,ppc_ru_TJM_sr_dsa_a-all_exp-diff-login,ural,ON,1
2026-09-26,2026-09-26 16:00,2026-09-26 20:00,ppc_ru_TJM_sr_gen_a-all_exp-diff-login,ural,ON,1
2026-09-26,2026-09-26 16:00,2026-09-26 20:00,ppc_ru_UFA_sr_dsa_a-all_exp-diff-login,UFA,OFF,0
2026-09-26,2026-09-26 16:00,2026-09-26 20:00,ppc_ru_UFA_sr_gen_a-all_exp-diff-login,UFA,OFF,0
2026-09-26,2026-09-26 16:00,2026-09-26 20:00,ppc_ru_centr_sr_dsa_a-all_exp-diff-login,centr,ON,1
2026-09-26,2026-09-26 16:00,2026-09-26 20:00,ppc_ru_centr_sr_gen_a-all_exp-diff-login,centr,ON,1
2026-09-26,2026-09-26 16:00,2026-09-26 20:00,ppc_ru_sibir_sr_dsa_a-all_exp-diff-login,sibir,OFF,0
2026-09-26,2026-09-26 16:00,2026-09-26 20:00,ppc_ru_sibir_sr_gen_a-all_exp-diff-login,sibir,OFF,0
2026-09-26,2026-09-26 16:00,2026-09-26 20:00,ppc_ru_ural_sr_dsa_a-all_exp-diff-login,ural,ON,1
2026-09-26,2026-09-26 16:00,2026-09-26 20:00,ppc_ru_ural_sr_gen_a-all_exp-diff-login,ural,ON,1
2026-09-26,2026-09-26 16:00,2026-09-26 20:00,ppc_ru_ural_sr_s-auto_a-all_exp-diff-login,ural,ON,1
2026-09-26,2026-09-26 20:00,2026-09-27 00:00,ppc_ru_IKT_sr_gen_a-all_exp-diff-login,sibir,ON,1
2026-09-26,2026-09-26 20:00,2026-09-27 00:00,ppc_ru_KJA_sr_dsa_a-all_exp-diff-login,KJA,ON,1
2026-09-26,2026-09-26 20:00,2026-09-27 00:00,ppc_ru_KJA_sr_gen_a-all_exp-diff-login,KJA,ON,1
2026-09-26,2026-09-26 20:00,2026-09-27 00:00,ppc_ru_KRR_sr_dsa_a-all_exp-diff-login,KRR,OFF,0
2026-09-26,2026-09-26 20:00,2026-09-27 00:00,ppc_ru_KRR_sr_gen_a-all_exp-diff-login,KRR,OFF,0
2026-09-26,2026-09-26 20:00,2026-09-27 00:00,ppc_ru_KRR_sr_s-auto_a-all_exp-diff-login,KRR,OFF,0
2026-09-26,2026-09-26 20:00,2026-09-27 00:00,ppc_ru_KVKZ_sr_gen_a-all_exp-diff-login,KVKZ,OFF,0
2026-09-26,2026-09-26 20:00,2026-09-27 00:00,ppc_ru_KVKZ_sr_s-auto_a-all_exp-diff-login,KVKZ,OFF,0
2026-09-26,2026-09-26 20:00,2026-09-27 00:00,ppc_ru_KZN_sr_gen_a-all_exp-diff-login,KZN,ON,1
2026-09-26,2026-09-26 20:00,2026-09-27 00:00,ppc_ru_KZN_sr_s-auto_a-all_exp-diff-login,KZN,ON,1
2026-09-26,2026-09-26 20:00,2026-09-27 00:00,ppc_ru_LED_sr_dsa_a-all_exp-diff-login,LED,OFF,0
2026-09-26,2026-09-26 20:00,2026-09-27 00:00,ppc_ru_LED_sr_gen_a-all_exp-diff-login,LED,OFF,0
2026-09-26,2026-09-26 20:00,2026-09-27 00:00,ppc_ru_LED_sr_s-auto_a-all_exp-diff-login,LED,OFF,0
2026-09-26,2026-09-26 20:00,2026-09-27 00:00,ppc_ru_MOW_sr_dsa_a-all_exp-diff-login,MOW,OFF,0
2026-09-26,2026-09-26 20:00,2026-09-27 00:00,ppc_ru_MOW_sr_gen_a-all_exp-diff-login,MOW,OFF,0
2026-09-26,2026-09-26 20:00,2026-09-27 00:00,ppc_ru_MOW_sr_s-auto_a-all_exp-diff-login,MOW,OFF,0
2026-09-26,2026-09-26 20:00,2026-09-27 00:00,ppc_ru_MOW_sr_s-auto_a-all_exp-diff-login_exp_travel-aud,MOW,OFF,0
2026-09-26,2026-09-26 20:00,2026-09-27 00:00,ppc_ru_OVB_sr_dsa_a-all_exp-diff-login,OVB,OFF,0
2026-09-26,2026-09-26 20:00,2026-09-27 00:00,ppc_ru_OVB_sr_gen_a-all_exp-diff-login,OVB,OFF,0
2026-09-26,2026-09-26 20:00,2026-09-27 00:00,ppc_ru_SVX_sr_dsa_a-all_exp-diff-login,ural,OFF,0
2026-09-26,2026-09-26 20:00,2026-09-27 00:00,ppc_ru_SVX_sr_gen_a-all_exp-diff-login,ural,OFF,0
2026-09-26,2026-09-26 20:00,2026-09-27 00:00,ppc_ru_TJM_sr_dsa_a-all_exp-diff-login,ural,OFF,0
2026-09-26,2026-09-26 20:00,2026-09-27 00:00,ppc_ru_TJM_sr_gen_a-all_exp-diff-login,ural,OFF,0
2026-09-26,2026-09-26 20:00,2026-09-27 00:00,ppc_ru_UFA_sr_dsa_a-all_exp-diff-login,UFA,OFF,0
2026-09-26,2026-09-26 20:00,2026-09-27 00:00,ppc_ru_UFA_sr_gen_a-all_exp-diff-login,UFA,OFF,0
2026-09-26,2026-09-26 20:00,2026-09-27 00:00,ppc_ru_centr_sr_dsa_a-all_exp-diff-login,centr,OFF,0
2026-09-26,2026-09-26 20:00,2026-09-27 00:00,ppc_ru_centr_sr_gen_a-all_exp-diff-login,centr,OFF,0
2026-09-26,2026-09-26 20:00,2026-09-27 00:00,ppc_ru_sibir_sr_dsa_a-all_exp-diff-login,sibir,ON,1
2026-09-26,2026-09-26 20:00,2026-09-27 00:00,ppc_ru_sibir_sr_gen_a-all_exp-diff-login,sibir,ON,1
2026-09-26,2026-09-26 20:00,2026-09-27 00:00,ppc_ru_ural_sr_dsa_a-all_exp-diff-login,ural,OFF,0
2026-09-26,2026-09-26 20:00,2026-09-27 00:00,ppc_ru_ural_sr_gen_a-all_exp-diff-login,ural,OFF,0
2026-09-26,2026-09-26 20:00,2026-09-27 00:00,ppc_ru_ural_sr_s-auto_a-all_exp-diff-login,ural,OFF,0
2026-09-27,2026-09-27 00:00,2026-09-27 04:00,ppc_ru_IKT_sr_gen_a-all_exp-diff-login,sibir,ON,1
2026-09-27,2026-09-27 00:00,2026-09-27 04:00,ppc_ru_KJA_sr_dsa_a-all_exp-diff-login,KJA,ON,1
2026-09-27,2026-09-27 00:00,2026-09-27 04:00,ppc_ru_KJA_sr_gen_a-all_exp-diff-login,KJA,ON,1
2026-09-27,2026-09-27 00:00,2026-09-27 04:00,ppc_ru_KRR_sr_dsa_a-all_exp-diff-login,KRR,ON,1
2026-09-27,2026-09-27 00:00,2026-09-27 04:00,ppc_ru_KRR_sr_gen_a-all_exp-diff-login,KRR,ON,1
2026-09-27,2026-09-27 00:00,2026-09-27 04:00,ppc_ru_KRR_sr_s-auto_a-all_exp-diff-login,KRR,ON,1
2026-09-27,2026-09-27 00:00,2026-09-27 04:00,ppc_ru_KVKZ_sr_gen_a-all_exp-diff-login,KVKZ,ON,1
2026-09-27,2026-09-27 00:00,2026-09-27 04:00,ppc_ru_KVKZ_sr_s-auto_a-all_exp-diff-login,KVKZ,ON,1
2026-09-27,2026-09-27 00:00,2026-09-27 04:00,ppc_ru_KZN_sr_gen_a-all_exp-diff-login,KZN,ON,1
2026-09-27,2026-09-27 00:00,2026-09-27 04:00,ppc_ru_KZN_sr_s-auto_a-all_exp-diff-login,KZN,ON,1
2026-09-27,2026-09-27 00:00,2026-09-27 04:00,ppc_ru_LED_sr_dsa_a-all_exp-diff-login,LED,OFF,0
2026-09-27,2026-09-27 00:00,2026-09-27 04:00,ppc_ru_LED_sr_gen_a-all_exp-diff-login,LED,OFF,0
2026-09-27,2026-09-27 00:00,2026-09-27 04:00,ppc_ru_LED_sr_s-auto_a-all_exp-diff-login,LED,OFF,0
2026-09-27,2026-09-27 00:00,2026-09-27 04:00,ppc_ru_MOW_sr_dsa_a-all_exp-diff-login,MOW,ON,1
2026-09-27,2026-09-27 00:00,2026-09-27 04:00,ppc_ru_MOW_sr_gen_a-all_exp-diff-login,MOW,ON,1
2026-09-27,2026-09-27 00:00,2026-09-27 04:00,ppc_ru_MOW_sr_s-auto_a-all_exp-diff-login,MOW,ON,1
2026-09-27,2026-09-27 00:00,2026-09-27 04:00,ppc_ru_MOW_sr_s-auto_a-all_exp-diff-login_exp_travel-aud,MOW,ON,1
2026-09-27,2026-09-27 00:00,2026-09-27 04:00,ppc_ru_OVB_sr_dsa_a-all_exp-diff-login,OVB,ON,1
2026-09-27,2026-09-27 00:00,2026-09-27 04:00,ppc_ru_OVB_sr_gen_a-all_exp-diff-login,OVB,ON,1
2026-09-27,2026-09-27 00:00,2026-09-27 04:00,ppc_ru_SVX_sr_dsa_a-all_exp-diff-login,ural,OFF,0
2026-09-27,2026-09-27 00:00,2026-09-27 04:00,ppc_ru_SVX_sr_gen_a-all_exp-diff-login,ural,OFF,0
2026-09-27,2026-09-27 00:00,2026-09-27 04:00,ppc_ru_TJM_sr_dsa_a-all_exp-diff-login,ural,OFF,0
2026-09-27,2026-09-27 00:00,2026-09-27 04:00,ppc_ru_TJM_sr_gen_a-all_exp-diff-login,ural,OFF,0
2026-09-27,2026-09-27 00:00,2026-09-27 04:00,ppc_ru_UFA_sr_dsa_a-all_exp-diff-login,UFA,ON,1
2026-09-27,2026-09-27 00:00,2026-09-27 04:00,ppc_ru_UFA_sr_gen_a-all_exp-diff-login,UFA,ON,1
2026-09-27,2026-09-27 00:00,2026-09-27 04:00,ppc_ru_centr_sr_dsa_a-all_exp-diff-login,centr,ON,1
2026-09-27,2026-09-27 00:00,2026-09-27 04:00,ppc_ru_centr_sr_gen_a-all_exp-diff-login,centr,ON,1
2026-09-27,2026-09-27 00:00,2026-09-27 04:00,ppc_ru_sibir_sr_dsa_a-all_exp-diff-login,sibir,ON,1
2026-09-27,2026-09-27 00:00,2026-09-27 04:00,ppc_ru_sibir_sr_gen_a-all_exp-diff-login,sibir,ON,1
2026-09-27,2026-09-27 00:00,2026-09-27 04:00,ppc_ru_ural_sr_dsa_a-all_exp-diff-login,ural,OFF,0
2026-09-27,2026-09-27 00:00,2026-09-27 04:00,ppc_ru_ural_sr_gen_a-all_exp-diff-login,ural,OFF,0
2026-09-27,2026-09-27 00:00,2026-09-27 04:00,ppc_ru_ural_sr_s-auto_a-all_exp-diff-login,ural,OFF,0
2026-09-27,2026-09-27 04:00,2026-09-27 08:00,ppc_ru_IKT_sr_gen_a-all_exp-diff-login,sibir,ON,1
2026-09-27,2026-09-27 04:00,2026-09-27 08:00,ppc_ru_KJA_sr_dsa_a-all_exp-diff-login,KJA,ON,1
2026-09-27,2026-09-27 04:00,2026-09-27 08:00,ppc_ru_KJA_sr_gen_a-all_exp-diff-login,KJA,ON,1
2026-09-27,2026-09-27 04:00,2026-09-27 08:00,ppc_ru_KRR_sr_dsa_a-all_exp-diff-login,KRR,ON,1
2026-09-27,2026-09-27 04:00,2026-09-27 08:00,ppc_ru_KRR_sr_gen_a-all_exp-diff-login,KRR,ON,1
2026-09-27,2026-09-27 04:00,2026-09-27 08:00,ppc_ru_KRR_sr_s-auto_a-all_exp-diff-login,KRR,ON,1
2026-09-27,2026-09-27 04:00,2026-09-27 08:00,ppc_ru_KVKZ_sr_gen_a-all_exp-diff-login,KVKZ,OFF,0
2026-09-27,2026-09-27 04:00,2026-09-27 08:00,ppc_ru_KVKZ_sr_s-auto_a-all_exp-diff-login,KVKZ,OFF,0
2026-09-27,2026-09-27 04:00,2026-09-27 08:00,ppc_ru_KZN_sr_gen_a-all_exp-diff-login,KZN,OFF,0
2026-09-27,2026-09-27 04:00,2026-09-27 08:00,ppc_ru_KZN_sr_s-auto_a-all_exp-diff-login,KZN,OFF,0
2026-09-27,2026-09-27 04:00,2026-09-27 08:00,ppc_ru_LED_sr_dsa_a-all_exp-diff-login,LED,ON,1
2026-09-27,2026-09-27 04:00,2026-09-27 08:00,ppc_ru_LED_sr_gen_a-all_exp-diff-login,LED,ON,1
2026-09-27,2026-09-27 04:00,2026-09-27 08:00,ppc_ru_LED_sr_s-auto_a-all_exp-diff-login,LED,ON,1
2026-09-27,2026-09-27 04:00,2026-09-27 08:00,ppc_ru_MOW_sr_dsa_a-all_exp-diff-login,MOW,OFF,0
2026-09-27,2026-09-27 04:00,2026-09-27 08:00,ppc_ru_MOW_sr_gen_a-all_exp-diff-login,MOW,OFF,0
2026-09-27,2026-09-27 04:00,2026-09-27 08:00,ppc_ru_MOW_sr_s-auto_a-all_exp-diff-login,MOW,OFF,0
2026-09-27,2026-09-27 04:00,2026-09-27 08:00,ppc_ru_MOW_sr_s-auto_a-all_exp-diff-login_exp_travel-aud,MOW,OFF,0
2026-09-27,2026-09-27 04:00,2026-09-27 08:00,ppc_ru_OVB_sr_dsa_a-all_exp-diff-login,OVB,OFF,0
2026-09-27,2026-09-27 04:00,2026-09-27 08:00,ppc_ru_OVB_sr_gen_a-all_exp-diff-login,OVB,OFF,0
2026-09-27,2026-09-27 04:00,2026-09-27 08:00,ppc_ru_SVX_sr_dsa_a-all_exp-diff-login,ural,ON,1
2026-09-27,2026-09-27 04:00,2026-09-27 08:00,ppc_ru_SVX_sr_gen_a-all_exp-diff-login,ural,ON,1
2026-09-27,2026-09-27 04:00,2026-09-27 08:00,ppc_ru_TJM_sr_dsa_a-all_exp-diff-login,ural,ON,1
2026-09-27,2026-09-27 04:00,2026-09-27 08:00,ppc_ru_TJM_sr_gen_a-all_exp-diff-login,ural,ON,1
2026-09-27,2026-09-27 04:00,2026-09-27 08:00,ppc_ru_UFA_sr_dsa_a-all_exp-diff-login,UFA,OFF,0
2026-09-27,2026-09-27 04:00,2026-09-27 08:00,ppc_ru_UFA_sr_gen_a-all_exp-diff-login,UFA,OFF,0
2026-09-27,2026-09-27 04:00,2026-09-27 08:00,ppc_ru_centr_sr_dsa_a-all_exp-diff-login,centr,OFF,0
2026-09-27,2026-09-27 04:00,2026-09-27 08:00,ppc_ru_centr_sr_gen_a-all_exp-diff-login,centr,OFF,0
2026-09-27,2026-09-27 04:00,2026-09-27 08:00,ppc_ru_sibir_sr_dsa_a-all_exp-diff-login,sibir,ON,1
2026-09-27,2026-09-27 04:00,2026-09-27 08:00,ppc_ru_sibir_sr_gen_a-all_exp-diff-login,sibir,ON,1
2026-09-27,2026-09-27 04:00,2026-09-27 08:00,ppc_ru_ural_sr_dsa_a-all_exp-diff-login,ural,ON,1
2026-09-27,2026-09-27 04:00,2026-09-27 08:00,ppc_ru_ural_sr_gen_a-all_exp-diff-login,ural,ON,1
2026-09-27,2026-09-27 04:00,2026-09-27 08:00,ppc_ru_ural_sr_s-auto_a-all_exp-diff-login,ural,ON,1
2026-09-27,2026-09-27 08:00,2026-09-27 12:00,ppc_ru_IKT_sr_gen_a-all_exp-diff-login,sibir,OFF,0
2026-09-27,2026-09-27 08:00,2026-09-27 12:00,ppc_ru_KJA_sr_dsa_a-all_exp-diff-login,KJA,OFF,0
2026-09-27,2026-09-27 08:00,2026-09-27 12:00,ppc_ru_KJA_sr_gen_a-all_exp-diff-login,KJA,OFF,0
2026-09-27,2026-09-27 08:00,2026-09-27 12:00,ppc_ru_KRR_sr_dsa_a-all_exp-diff-login,KRR,ON,1
2026-09-27,2026-09-27 08:00,2026-09-27 12:00,ppc_ru_KRR_sr_gen_a-all_exp-diff-login,KRR,ON,1
2026-09-27,2026-09-27 08:00,2026-09-27 12:00,ppc_ru_KRR_sr_s-auto_a-all_exp-diff-login,KRR,ON,1
2026-09-27,2026-09-27 08:00,2026-09-27 12:00,ppc_ru_KVKZ_sr_gen_a-all_exp-diff-login,KVKZ,OFF,0
2026-09-27,2026-09-27 08:00,2026-09-27 12:00,ppc_ru_KVKZ_sr_s-auto_a-all_exp-diff-login,KVKZ,OFF,0
2026-09-27,2026-09-27 08:00,2026-09-27 12:00,ppc_ru_KZN_sr_gen_a-all_exp-diff-login,KZN,OFF,0
2026-09-27,2026-09-27 08:00,2026-09-27 12:00,ppc_ru_KZN_sr_s-auto_a-all_exp-diff-login,KZN,OFF,0
2026-09-27,2026-09-27 08:00,2026-09-27 12:00,ppc_ru_LED_sr_dsa_a-all_exp-diff-login,LED,OFF,0
2026-09-27,2026-09-27 08:00,2026-09-27 12:00,ppc_ru_LED_sr_gen_a-all_exp-diff-login,LED,OFF,0
2026-09-27,2026-09-27 08:00,2026-09-27 12:00,ppc_ru_LED_sr_s-auto_a-all_exp-diff-login,LED,OFF,0
2026-09-27,2026-09-27 08:00,2026-09-27 12:00,ppc_ru_MOW_sr_dsa_a-all_exp-diff-login,MOW,OFF,0
2026-09-27,2026-09-27 08:00,2026-09-27 12:00,ppc_ru_MOW_sr_gen_a-all_exp-diff-login,MOW,OFF,0
2026-09-27,2026-09-27 08:00,2026-09-27 12:00,ppc_ru_MOW_sr_s-auto_a-all_exp-diff-login,MOW,OFF,0
2026-09-27,2026-09-27 08:00,2026-09-27 12:00,ppc_ru_MOW_sr_s-auto_a-all_exp-diff-login_exp_travel-aud,MOW,OFF,0
2026-09-27,2026-09-27 08:00,2026-09-27 12:00,ppc_ru_OVB_sr_dsa_a-all_exp-diff-login,OVB,ON,1
2026-09-27,2026-09-27 08:00,2026-09-27 12:00,ppc_ru_OVB_sr_gen_a-all_exp-diff-login,OVB,ON,1
2026-09-27,2026-09-27 08:00,2026-09-27 12:00,ppc_ru_SVX_sr_dsa_a-all_exp-diff-login,ural,OFF,0
2026-09-27,2026-09-27 08:00,2026-09-27 12:00,ppc_ru_SVX_sr_gen_a-all_exp-diff-login,ural,OFF,0
2026-09-27,2026-09-27 08:00,2026-09-27 12:00,ppc_ru_TJM_sr_dsa_a-all_exp-diff-login,ural,OFF,0
2026-09-27,2026-09-27 08:00,2026-09-27 12:00,ppc_ru_TJM_sr_gen_a-all_exp-diff-login,ural,OFF,0
2026-09-27,2026-09-27 08:00,2026-09-27 12:00,ppc_ru_UFA_sr_dsa_a-all_exp-diff-login,UFA,ON,1
2026-09-27,2026-09-27 08:00,2026-09-27 12:00,ppc_ru_UFA_sr_gen_a-all_exp-diff-login,UFA,ON,1
2026-09-27,2026-09-27 08:00,2026-09-27 12:00,ppc_ru_centr_sr_dsa_a-all_exp-diff-login,centr,ON,1
2026-09-27,2026-09-27 08:00,2026-09-27 12:00,ppc_ru_centr_sr_gen_a-all_exp-diff-login,centr,ON,1
2026-09-27,2026-09-27 08:00,2026-09-27 12:00,ppc_ru_sibir_sr_dsa_a-all_exp-diff-login,sibir,OFF,0
2026-09-27,2026-09-27 08:00,2026-09-27 12:00,ppc_ru_sibir_sr_gen_a-all_exp-diff-login,sibir,OFF,0
2026-09-27,2026-09-27 08:00,2026-09-27 12:00,ppc_ru_ural_sr_dsa_a-all_exp-diff-login,ural,OFF,0
2026-09-27,2026-09-27 08:00,2026-09-27 12:00,ppc_ru_ural_sr_gen_a-all_exp-diff-login,ural,OFF,0
2026-09-27,2026-09-27 08:00,2026-09-27 12:00,ppc_ru_ural_sr_s-auto_a-all_exp-diff-login,ural,OFF,0
2026-09-27,2026-09-27 12:00,2026-09-27 16:00,ppc_ru_IKT_sr_gen_a-all_exp-diff-login,sibir,ON,1
2026-09-27,2026-09-27 12:00,2026-09-27 16:00,ppc_ru_KJA_sr_dsa_a-all_exp-diff-login,KJA,OFF,0
2026-09-27,2026-09-27 12:00,2026-09-27 16:00,ppc_ru_KJA_sr_gen_a-all_exp-diff-login,KJA,OFF,0
2026-09-27,2026-09-27 12:00,2026-09-27 16:00,ppc_ru_KRR_sr_dsa_a-all_exp-diff-login,KRR,OFF,0
2026-09-27,2026-09-27 12:00,2026-09-27 16:00,ppc_ru_KRR_sr_gen_a-all_exp-diff-login,KRR,OFF,0
2026-09-27,2026-09-27 12:00,2026-09-27 16:00,ppc_ru_KRR_sr_s-auto_a-all_exp-diff-login,KRR,OFF,0
2026-09-27,2026-09-27 12:00,2026-09-27 16:00,ppc_ru_KVKZ_sr_gen_a-all_exp-diff-login,KVKZ,OFF,0
2026-09-27,2026-09-27 12:00,2026-09-27 16:00,ppc_ru_KVKZ_sr_s-auto_a-all_exp-diff-login,KVKZ,OFF,0
2026-09-27,2026-09-27 12:00,2026-09-27 16:00,ppc_ru_KZN_sr_gen_a-all_exp-diff-login,KZN,ON,1
2026-09-27,2026-09-27 12:00,2026-09-27 16:00,ppc_ru_KZN_sr_s-auto_a-all_exp-diff-login,KZN,ON,1
2026-09-27,2026-09-27 12:00,2026-09-27 16:00,ppc_ru_LED_sr_dsa_a-all_exp-diff-login,LED,OFF,0
2026-09-27,2026-09-27 12:00,2026-09-27 16:00,ppc_ru_LED_sr_gen_a-all_exp-diff-login,LED,OFF,0
2026-09-27,2026-09-27 12:00,2026-09-27 16:00,ppc_ru_LED_sr_s-auto_a-all_exp-diff-login,LED,OFF,0
2026-09-27,2026-09-27 12:00,2026-09-27 16:00,ppc_ru_MOW_sr_dsa_a-all_exp-diff-login,MOW,OFF,0
2026-09-27,2026-09-27 12:00,2026-09-27 16:00,ppc_ru_MOW_sr_gen_a-all_exp-diff-login,MOW,OFF,0
2026-09-27,2026-09-27 12:00,2026-09-27 16:00,ppc_ru_MOW_sr_s-auto_a-all_exp-diff-login,MOW,OFF,0
2026-09-27,2026-09-27 12:00,2026-09-27 16:00,ppc_ru_MOW_sr_s-auto_a-all_exp-diff-login_exp_travel-aud,MOW,OFF,0
2026-09-27,2026-09-27 12:00,2026-09-27 16:00,ppc_ru_OVB_sr_dsa_a-all_exp-diff-login,OVB,ON,1
2026-09-27,2026-09-27 12:00,2026-09-27 16:00,ppc_ru_OVB_sr_gen_a-all_exp-diff-login,OVB,ON,1
2026-09-27,2026-09-27 12:00,2026-09-27 16:00,ppc_ru_SVX_sr_dsa_a-all_exp-diff-login,ural,ON,1
2026-09-27,2026-09-27 12:00,2026-09-27 16:00,ppc_ru_SVX_sr_gen_a-all_exp-diff-login,ural,ON,1
2026-09-27,2026-09-27 12:00,2026-09-27 16:00,ppc_ru_TJM_sr_dsa_a-all_exp-diff-login,ural,ON,1
2026-09-27,2026-09-27 12:00,2026-09-27 16:00,ppc_ru_TJM_sr_gen_a-all_exp-diff-login,ural,ON,1
2026-09-27,2026-09-27 12:00,2026-09-27 16:00,ppc_ru_UFA_sr_dsa_a-all_exp-diff-login,UFA,OFF,0
2026-09-27,2026-09-27 12:00,2026-09-27 16:00,ppc_ru_UFA_sr_gen_a-all_exp-diff-login,UFA,OFF,0
2026-09-27,2026-09-27 12:00,2026-09-27 16:00,ppc_ru_centr_sr_dsa_a-all_exp-diff-login,centr,OFF,0
2026-09-27,2026-09-27 12:00,2026-09-27 16:00,ppc_ru_centr_sr_gen_a-all_exp-diff-login,centr,OFF,0
2026-09-27,2026-09-27 12:00,2026-09-27 16:00,ppc_ru_sibir_sr_dsa_a-all_exp-diff-login,sibir,ON,1
2026-09-27,2026-09-27 12:00,2026-09-27 16:00,ppc_ru_sibir_sr_gen_a-all_exp-diff-login,sibir,ON,1
2026-09-27,2026-09-27 12:00,2026-09-27 16:00,ppc_ru_ural_sr_dsa_a-all_exp-diff-login,ural,ON,1
2026-09-27,2026-09-27 12:00,2026-09-27 16:00,ppc_ru_ural_sr_gen_a-all_exp-diff-login,ural,ON,1
2026-09-27,2026-09-27 12:00,2026-09-27 16:00,ppc_ru_ural_sr_s-auto_a-all_exp-diff-login,ural,ON,1
2026-09-27,2026-09-27 16:00,2026-09-27 20:00,ppc_ru_IKT_sr_gen_a-all_exp-diff-login,sibir,OFF,0
2026-09-27,2026-09-27 16:00,2026-09-27 20:00,ppc_ru_KJA_sr_dsa_a-all_exp-diff-login,KJA,OFF,0
2026-09-27,2026-09-27 16:00,2026-09-27 20:00,ppc_ru_KJA_sr_gen_a-all_exp-diff-login,KJA,OFF,0
2026-09-27,2026-09-27 16:00,2026-09-27 20:00,ppc_ru_KRR_sr_dsa_a-all_exp-diff-login,KRR,OFF,0
2026-09-27,2026-09-27 16:00,2026-09-27 20:00,ppc_ru_KRR_sr_gen_a-all_exp-diff-login,KRR,OFF,0
2026-09-27,2026-09-27 16:00,2026-09-27 20:00,ppc_ru_KRR_sr_s-auto_a-all_exp-diff-login,KRR,OFF,0
2026-09-27,2026-09-27 16:00,2026-09-27 20:00,ppc_ru_KVKZ_sr_gen_a-all_exp-diff-login,KVKZ,ON,1
2026-09-27,2026-09-27 16:00,2026-09-27 20:00,ppc_ru_KVKZ_sr_s-auto_a-all_exp-diff-login,KVKZ,ON,1
2026-09-27,2026-09-27 16:00,2026-09-27 20:00,ppc_ru_KZN_sr_gen_a-all_exp-diff-login,KZN,ON,1
2026-09-27,2026-09-27 16:00,2026-09-27 20:00,ppc_ru_KZN_sr_s-auto_a-all_exp-diff-login,KZN,ON,1
2026-09-27,2026-09-27 16:00,2026-09-27 20:00,ppc_ru_LED_sr_dsa_a-all_exp-diff-login,LED,ON,1
2026-09-27,2026-09-27 16:00,2026-09-27 20:00,ppc_ru_LED_sr_gen_a-all_exp-diff-login,LED,ON,1
2026-09-27,2026-09-27 16:00,2026-09-27 20:00,ppc_ru_LED_sr_s-auto_a-all_exp-diff-login,LED,ON,1
2026-09-27,2026-09-27 16:00,2026-09-27 20:00,ppc_ru_MOW_sr_dsa_a-all_exp-diff-login,MOW,ON,1
2026-09-27,2026-09-27 16:00,2026-09-27 20:00,ppc_ru_MOW_sr_gen_a-all_exp-diff-login,MOW,ON,1
2026-09-27,2026-09-27 16:00,2026-09-27 20:00,ppc_ru_MOW_sr_s-auto_a-all_exp-diff-login,MOW,ON,1
2026-09-27,2026-09-27 16:00,2026-09-27 20:00,ppc_ru_MOW_sr_s-auto_a-all_exp-diff-login_exp_travel-aud,MOW,ON,1
2026-09-27,2026-09-27 16:00,2026-09-27 20:00,ppc_ru_OVB_sr_dsa_a-all_exp-diff-login,OVB,OFF,0
2026-09-27,2026-09-27 16:00,2026-09-27 20:00,ppc_ru_OVB_sr_gen_a-all_exp-diff-login,OVB,OFF,0
2026-09-27,2026-09-27 16:00,2026-09-27 20:00,ppc_ru_SVX_sr_dsa_a-all_exp-diff-login,ural,ON,1
2026-09-27,2026-09-27 16:00,2026-09-27 20:00,ppc_ru_SVX_sr_gen_a-all_exp-diff-login,ural,ON,1
2026-09-27,2026-09-27 16:00,2026-09-27 20:00,ppc_ru_TJM_sr_dsa_a-all_exp-diff-login,ural,ON,1
2026-09-27,2026-09-27 16:00,2026-09-27 20:00,ppc_ru_TJM_sr_gen_a-all_exp-diff-login,ural,ON,1
2026-09-27,2026-09-27 16:00,2026-09-27 20:00,ppc_ru_UFA_sr_dsa_a-all_exp-diff-login,UFA,ON,1
2026-09-27,2026-09-27 16:00,2026-09-27 20:00,ppc_ru_UFA_sr_gen_a-all_exp-diff-login,UFA,ON,1
2026-09-27,2026-09-27 16:00,2026-09-27 20:00,ppc_ru_centr_sr_dsa_a-all_exp-diff-login,centr,ON,1
2026-09-27,2026-09-27 16:00,2026-09-27 20:00,ppc_ru_centr_sr_gen_a-all_exp-diff-login,centr,ON,1
2026-09-27,2026-09-27 16:00,2026-09-27 20:00,ppc_ru_sibir_sr_dsa_a-all_exp-diff-login,sibir,OFF,0
2026-09-27,2026-09-27 16:00,2026-09-27 20:00,ppc_ru_sibir_sr_gen_a-all_exp-diff-login,sibir,OFF,0
2026-09-27,2026-09-27 16:00,2026-09-27 20:00,ppc_ru_ural_sr_dsa_a-all_exp-diff-login,ural,ON,1
2026-09-27,2026-09-27 16:00,2026-09-27 20:00,ppc_ru_ural_sr_gen_a-all_exp-diff-login,ural,ON,1
2026-09-27,2026-09-27 16:00,2026-09-27 20:00,ppc_ru_ural_sr_s-auto_a-all_exp-diff-login,ural,ON,1
2026-09-27,2026-09-27 20:00,2026-09-28 00:00,ppc_ru_IKT_sr_gen_a-all_exp-diff-login,sibir,OFF,0
2026-09-27,2026-09-27 20:00,2026-09-28 00:00,ppc_ru_KJA_sr_dsa_a-all_exp-diff-login,KJA,ON,1
2026-09-27,2026-09-27 20:00,2026-09-28 00:00,ppc_ru_KJA_sr_gen_a-all_exp-diff-login,KJA,ON,1
2026-09-27,2026-09-27 20:00,2026-09-28 00:00,ppc_ru_KRR_sr_dsa_a-all_exp-diff-login,KRR,OFF,0
2026-09-27,2026-09-27 20:00,2026-09-28 00:00,ppc_ru_KRR_sr_gen_a-all_exp-diff-login,KRR,OFF,0
2026-09-27,2026-09-27 20:00,2026-09-28 00:00,ppc_ru_KRR_sr_s-auto_a-all_exp-diff-login,KRR,OFF,0
2026-09-27,2026-09-27 20:00,2026-09-28 00:00,ppc_ru_KVKZ_sr_gen_a-all_exp-diff-login,KVKZ,ON,1
2026-09-27,2026-09-27 20:00,2026-09-28 00:00,ppc_ru_KVKZ_sr_s-auto_a-all_exp-diff-login,KVKZ,ON,1
2026-09-27,2026-09-27 20:00,2026-09-28 00:00,ppc_ru_KZN_sr_gen_a-all_exp-diff-login,KZN,OFF,0
2026-09-27,2026-09-27 20:00,2026-09-28 00:00,ppc_ru_KZN_sr_s-auto_a-all_exp-diff-login,KZN,OFF,0
2026-09-27,2026-09-27 20:00,2026-09-28 00:00,ppc_ru_LED_sr_dsa_a-all_exp-diff-login,LED,ON,1
2026-09-27,2026-09-27 20:00,2026-09-28 00:00,ppc_ru_LED_sr_gen_a-all_exp-diff-login,LED,ON,1
2026-09-27,2026-09-27 20:00,2026-09-28 00:00,ppc_ru_LED_sr_s-auto_a-all_exp-diff-login,LED,ON,1
2026-09-27,2026-09-27 20:00,2026-09-28 00:00,ppc_ru_MOW_sr_dsa_a-all_exp-diff-login,MOW,ON,1
2026-09-27,2026-09-27 20:00,2026-09-28 00:00,ppc_ru_MOW_sr_gen_a-all_exp-diff-login,MOW,ON,1
2026-09-27,2026-09-27 20:00,2026-09-28 00:00,ppc_ru_MOW_sr_s-auto_a-all_exp-diff-login,MOW,ON,1
2026-09-27,2026-09-27 20:00,2026-09-28 00:00,ppc_ru_MOW_sr_s-auto_a-all_exp-diff-login_exp_travel-aud,MOW,ON,1
2026-09-27,2026-09-27 20:00,2026-09-28 00:00,ppc_ru_OVB_sr_dsa_a-all_exp-diff-login,OVB,OFF,0
2026-09-27,2026-09-27 20:00,2026-09-28 00:00,ppc_ru_OVB_sr_gen_a-all_exp-diff-login,OVB,OFF,0
2026-09-27,2026-09-27 20:00,2026-09-28 00:00,ppc_ru_SVX_sr_dsa_a-all_exp-diff-login,ural,OFF,0
2026-09-27,2026-09-27 20:00,2026-09-28 00:00,ppc_ru_SVX_sr_gen_a-all_exp-diff-login,ural,OFF,0
2026-09-27,2026-09-27 20:00,2026-09-28 00:00,ppc_ru_TJM_sr_dsa_a-all_exp-diff-login,ural,OFF,0
2026-09-27,2026-09-27 20:00,2026-09-28 00:00,ppc_ru_TJM_sr_gen_a-all_exp-diff-login,ural,OFF,0
2026-09-27,2026-09-27 20:00,2026-09-28 00:00,ppc_ru_UFA_sr_dsa_a-all_exp-diff-login,UFA,OFF,0
2026-09-27,2026-09-27 20:00,2026-09-28 00:00,ppc_ru_UFA_sr_gen_a-all_exp-diff-login,UFA,OFF,0
2026-09-27,2026-09-27 20:00,2026-09-28 00:00,ppc_ru_centr_sr_dsa_a-all_exp-diff-login,centr,OFF,0
2026-09-27,2026-09-27 20:00,2026-09-28 00:00,ppc_ru_centr_sr_gen_a-all_exp-diff-login,centr,OFF,0
2026-09-27,2026-09-27 20:00,2026-09-28 00:00,ppc_ru_sibir_sr_dsa_a-all_exp-diff-login,sibir,OFF,0
2026-09-27,2026-09-27 20:00,2026-09-28 00:00,ppc_ru_sibir_sr_gen_a-all_exp-diff-login,sibir,OFF,0
2026-09-27,2026-09-27 20:00,2026-09-28 00:00,ppc_ru_ural_sr_dsa_a-all_exp-diff-login,ural,OFF,0
2026-09-27,2026-09-27 20:00,2026-09-28 00:00,ppc_ru_ural_sr_gen_a-all_exp-diff-login,ural,OFF,0
2026-09-27,2026-09-27 20:00,2026-09-28 00:00,ppc_ru_ural_sr_s-auto_a-all_exp-diff-login,ural,OFF,0